-- phpMyAdmin SQL Dump
-- version 4.9.7
-- https://www.phpmyadmin.net/
--
-- Host: localhost:3306
-- Generation Time: May 24, 2022 at 11:53 PM
-- Server version: 5.6.51
-- PHP Version: 7.4.29

SET SQL_MODE = "NO_AUTO_VALUE_ON_ZERO";
SET AUTOCOMMIT = 0;
START TRANSACTION;
SET time_zone = "+00:00";


/*!40101 SET @OLD_CHARACTER_SET_CLIENT=@@CHARACTER_SET_CLIENT */;
/*!40101 SET @OLD_CHARACTER_SET_RESULTS=@@CHARACTER_SET_RESULTS */;
/*!40101 SET @OLD_COLLATION_CONNECTION=@@COLLATION_CONNECTION */;
/*!40101 SET NAMES utf8mb4 */;

--
-- Database: `secanid_db2`
--

-- --------------------------------------------------------

--
-- Table structure for table `banner`
--

CREATE TABLE `banner` (
  `id` int(11) NOT NULL,
  `image` varchar(255) DEFAULT NULL,
  `created_at` datetime DEFAULT NULL
) ENGINE=InnoDB DEFAULT CHARSET=utf8;

--
-- Dumping data for table `banner`
--

INSERT INTO `banner` (`id`, `image`, `created_at`) VALUES
(20, 'slider01_.jpg', '2021-02-08 07:17:30'),
(21, 'slider02_.jpg', '2021-02-08 07:17:40'),
(22, 'slider03_b.jpg', '2021-02-09 05:41:26'),
(23, 'slider04.jpg', '2021-02-09 05:41:41');

-- --------------------------------------------------------

--
-- Table structure for table `banner_trans`
--

CREATE TABLE `banner_trans` (
  `id` int(11) NOT NULL,
  `banner_id` int(11) NOT NULL,
  `locale` varchar(2) NOT NULL,
  `title` varchar(100) DEFAULT NULL,
  `created_at` timestamp NULL DEFAULT NULL
) ENGINE=InnoDB DEFAULT CHARSET=utf8;

--
-- Dumping data for table `banner_trans`
--

INSERT INTO `banner_trans` (`id`, `banner_id`, `locale`, `title`, `created_at`) VALUES
(51, 20, 'id', 'secan 1', '2021-02-08 00:17:30'),
(52, 20, 'en', '', '2021-02-08 00:17:30'),
(53, 21, 'id', 'Secan 2', '2021-02-08 00:17:40'),
(54, 21, 'en', '', '2021-02-08 00:17:40'),
(55, 22, 'id', 'secan 3', '2021-02-08 22:41:26'),
(56, 22, 'en', '', '2021-02-08 22:41:26'),
(57, 23, 'id', 'secan 4', '2021-02-08 22:41:41'),
(58, 23, 'en', '', '2021-02-08 22:41:41');

-- --------------------------------------------------------

--
-- Table structure for table `category`
--

CREATE TABLE `category` (
  `id` int(11) NOT NULL,
  `slug` varchar(255) NOT NULL,
  `created_at` timestamp NULL DEFAULT NULL
) ENGINE=InnoDB DEFAULT CHARSET=utf8;

--
-- Dumping data for table `category`
--

INSERT INTO `category` (`id`, `slug`, `created_at`) VALUES
(1, 'kecantikan', NULL),
(2, 'kesehatan', NULL);

-- --------------------------------------------------------

--
-- Table structure for table `category_trans`
--

CREATE TABLE `category_trans` (
  `id` int(11) NOT NULL,
  `category_id` int(11) NOT NULL,
  `locale` varchar(2) NOT NULL,
  `title` varchar(55) NOT NULL,
  `created_at` timestamp NULL DEFAULT NULL
) ENGINE=InnoDB DEFAULT CHARSET=utf8;

--
-- Dumping data for table `category_trans`
--

INSERT INTO `category_trans` (`id`, `category_id`, `locale`, `title`, `created_at`) VALUES
(1, 1, 'id', 'Kecantikan', NULL),
(2, 1, 'en', 'Beauty', NULL),
(3, 2, 'id', 'Kesehatan', NULL),
(4, 2, 'en', 'Healtly', NULL);

-- --------------------------------------------------------

--
-- Table structure for table `contact`
--

CREATE TABLE `contact` (
  `id` int(11) NOT NULL,
  `fullname` varchar(100) NOT NULL,
  `email` varchar(100) NOT NULL,
  `message` text,
  `created_at` timestamp NULL DEFAULT NULL,
  `updated_at` timestamp NULL DEFAULT NULL
) ENGINE=InnoDB DEFAULT CHARSET=utf8;

--
-- Dumping data for table `contact`
--

INSERT INTO `contact` (`id`, `fullname`, `email`, `message`, `created_at`, `updated_at`) VALUES
(1, 'Secan Indonesia', 'info@secan.id', 'Secan Indonesia', '2021-01-04 20:44:20', '2021-01-04 20:44:20'),
(2, 'fikri', 'fikriaditia.aditia9@gmail.com', 'oke', '2021-02-08 01:46:15', '2021-02-08 01:46:15'),
(3, 'Hi Nice site https://google.com', 'ascehine@mail.ru', 'Hi Nice site https://google.com', '2021-05-23 06:47:08', '2021-05-23 06:47:08'),
(4, 'skyreverySmock', 'malinoleg91@mail.ru', 'https://www.skyrevery.com/destinations/private-jet-nursultan/ - Nursultan Private Jet Charter         -  more information on our website https://skyrevery.com - skyrevery.com \r\nhttps://skyrevery.com/ - Private jet rental at SkyRevery allows you to use such valuable resource as time most efficiently. \r\nYou are the one who decides where and when your private jet will fly. It is possible to organize and perform a flight between any two civil airports worldwide round the clock. In airports, private jet passengers use special VIP terminals where airport formalities are minimized, and all handling is really fast – you come just 30 minutes before  the estimated time of the departure of the rented private jet. \r\nWhen you need https://skyrevery.com/ - private jet charter now, we can organise your flight with departure in 3 hours from confirmation.', '2021-08-20 12:01:41', '2021-08-20 12:01:41'),
(5, 'Ich empfehle Ihnen Wem:secan.id https://audi.com', 'everodo23@mail.ru', 'Ich empfehle Ihnen Wem:secan.id https://audi.com', '2021-10-09 03:52:10', '2021-10-09 03:52:10'),
(6, 'JamesMop', 'no-replyunardarryref@gmail.com', 'Hello!  secan.id \r\n \r\nWe present \r\n \r\nSending your message through the Contact us form which can be found on the sites in the contact section. Feedback forms are filled in by our software and the captcha is solved. The profit of this method is that messages sent through feedback forms are whitelisted. This technique raise the chances that your message will be open. \r\n \r\nOur database contains more than 27 million sites around the world to which we can send your message. \r\n \r\nThe cost of one million messages 49 USD \r\n \r\nFREE TEST mailing Up to 50,000 messages. \r\n \r\n \r\nThis letter is created automatically.  Use our contacts for communication. \r\n \r\nContact us. \r\nTelegram - @FeedbackMessages \r\nSkype  live:contactform_18 \r\nWhatsApp - +375259112693 \r\nWe only use chat.', '2021-10-09 19:24:36', '2021-10-09 19:24:36'),
(7, 'Natajef', 'woodthighgire1988@gmail.com', 'Hey tampan! Aku ingin menjadi seperti lemon diperas sehingga anda bisa meniduriku https://best-sex-here1.com/?u=41nkd08&o=8dhpkzk', '2021-10-12 13:49:32', '2021-10-12 13:49:32'),
(8, 'Mohammed Koofee', 'noormohammedali966@gmail.com', 'Hello Dear, \r\nAs-salamu alaykum \r\nFirst let me introduce myself, My name is Noor Mohammed Ali Al-Koofee from Iraq. \r\n \r\nI am married in Saudi Arabia. My Husband has been domestically abusive lately, the rate of abuse has attracted public attention since 2019 after a popular television presenter, Rania al-Baz, was severely beaten by her own husband too, I am interested in investing in your country through your personal guidelines. Before the Covid-19 Pandemic started, I saved a total of $20 Million currently deposited in the bank ready to be wire transferred to your country for possible investment & migration opportunities. \r\n \r\nIf interested, kindly contact me to send all proof of funds for your consideration. I cannot say everything here but I can be reached directly on WhatsApp only: +966592291747, or mailto:contact@noormohammedali.com or Email: noormohammedali966@gmail.com \r\n \r\nSincerely yours, \r\nNoor Mohammed Ali Al-Koofee \r\nSaudi Arabia', '2021-10-20 04:53:26', '2021-10-20 04:53:26'),
(9, 'Mike Jacobson', 'no-replydoottow@gmail.com', 'Hello \r\n \r\nWe all know the importance that dofollow link have on any website`s ranks. \r\nHaving most of your linkbase filled with nofollow ones is of no good for your ranks and SEO metrics. \r\n \r\nBuy quality dofollow links from us, that will impact your ranks in a positive way \r\nhttps://www.digital-x-press.com/product/150-dofollow-backlinks/ \r\n \r\nBest regards \r\nMike Jacobson\r\n \r\nsupport@digital-x-press.com', '2021-10-20 20:04:55', '2021-10-20 20:04:55'),
(10, 'Andrew Goldenberge', 'martinbr@consultant.com', 'Hello, \r\nWe provide funding through our venture capital company to both start-up and existing companies either looking for funding for expansion or to accelerate growth in their company. \r\n \r\nWe have a structured joint venture investment plan in which we are interested in an annual return on investment not more than 10% ROI. \r\n \r\nWe are also currently structuring a convertible debt and loan financing of 3% interest repayable annually with no early repayment penalties. \r\n \r\nIf you have a business plan or executive summary I can review to understand a much better idea of your business and what you are looking to do, this will assist in determining the best possible investment structure we can pursue and discuss more extensively. \r\n \r\nIf you are interested in any of the above, kindly respond to us via this email andrew.goldenberg@castleprojectservicesltd.com \r\n \r\nI wait to hear from you. \r\n \r\nSincerely, \r\n \r\nAndrew Goldenberge \r\n \r\nInvestment/Wealth Manager \r\nCastle Project Services Ltd. \r\nE-Mail: andrew.goldenberg@castleprojectservicesltd.com', '2021-10-21 01:43:47', '2021-10-21 01:43:47'),
(11, 'Donald Cole', 'lanj7962@gmail.com', 'Good day \r\n \r\nI contacted you some days back seeking your cooperation in a matter regarding funds worth $24 Million, I urge you to  get back to me through this email coledd11@cloedcolela.com if you\'re still interested. \r\n \r\nI await your response. \r\n \r\nThanks, \r\n \r\nDonald Cole', '2021-10-22 19:25:34', '2021-10-22 19:25:34'),
(12, 'Jean Nganso', 'jnganso2@gmail.com', 'Attn. Director, \r\n \r\nI am interested in your products and line of business. \r\n \r\nPlease do not hesitate to contact me if you will need a financial partner and investor. \r\n \r\nKindly send reply to \r\njeangansosu@adminoiedc.org \r\n \r\nRegards, \r\n \r\nJean Nganso', '2021-10-26 07:16:50', '2021-10-26 07:16:50'),
(13, 'Miguel Angel', 'carlosalfredo0805@gmail.com', 'Hello: \r\nI am the founder of Miguel Angel Foundation and 2021 American power-ball winner. We wish to donate our bitcoin wallet containing 90.844 bitcoin, so that you can use it to develop yourself and your community. \r\ncontact: miguelangelfoundation@gmail.com', '2021-10-26 08:27:48', '2021-10-26 08:27:48'),
(14, 'Mike Vaughan', 'no-replydoottow@gmail.com', 'Hi there \r\n \r\nDo you want a quick boost in ranks and sales for your website? \r\nHaving a high DA score, always helps \r\n \r\nGet your secan.id to have a DA between 50 to 60 points in Moz with us today and reap the benefits of such a great feat. \r\n \r\nSee our offers here: \r\nhttps://www.strictlydigital.net/product/moz-da50-seo-plan/ \r\n \r\nOn SALE: \r\nhttps://www.strictlydigital.net/product/ahrefs-dr60/ \r\n \r\n \r\nThank you \r\nMike Vaughan', '2021-10-28 07:33:06', '2021-10-28 07:33:06'),
(15, 'Mike Crossman', 'no-replydoottow@gmail.com', 'Good Day \r\n \r\nWe will increase your Local Ranks organically and safely, using only whitehat methods, while providing Google maps and website offsite work at the same time. \r\n \r\nPlease check our pricelist here, we offer Local SEO at cheap rates. \r\nhttps://speed-seo.net/product/local-seo-package/ \r\n \r\nNEW: \r\nhttps://www.speed-seo.net/product/zip-codes-gmaps-citations/ \r\n \r\nregards \r\nMike Crossman\r\n \r\nSpeed SEO Digital Agency', '2021-11-06 06:56:29', '2021-11-06 06:56:29'),
(16, 'Charlesler', 'georgiyfrolov1999364yfi+bc@bk.ru', 'secan.id gbuihswdiwyfuwhdiwfbujdaodhwifwjdaqidhwufwudjqvbcnxsiwdui', '2021-11-09 09:45:24', '2021-11-09 09:45:24'),
(17, 'Mike Faber', 'no-replydoottow@gmail.com', 'Good Day \r\n \r\nI have just analyzed  secan.id for its SEO metrics and saw that your website could use a push. \r\n \r\nWe will enhance your SEO metrics and ranks organically and safely, using only whitehat methods, while providing monthly reports and outstanding support. \r\n \r\nPlease check our services below, we offer SEO at cheap rates. \r\nhttps://www.hilkom-digital.de/cheap-seo-packages/ \r\n \r\nStart improving your sales and leads with us, today! \r\n \r\nregards \r\nMike Faber\r\n \r\nHilkom Digital Team \r\nsupport@hilkom-digital.de', '2021-11-10 21:41:20', '2021-11-10 21:41:20'),
(18, 'GeorgeGrand', 'africanbutterflyoz@yahoo.com.au', 'Register, press one button and get passive income more $ 5689 in a day >>>>>>>>>>>>>>  https://www.google.com/url?q=https%3A%2F%2Fvk.cc%2Fc7Wvjo&sa=D&59=66&usg=AFQjCNHj_a66ufJc5MfSABppuo4GGGxh6w   <<<<<<<<<<<', '2021-11-16 16:41:28', '2021-11-16 16:41:28'),
(19, 'Jamesnobre', 'jacques.henneaux@skynet.be', 'Quit your job and get passive income from $ 6665 in a day >>>>>>>>>>>>>>>>>>>>>>>>>>> https://www.google.com/url?q=https%3A%2F%2Fvk.cc%2Fc7Wvjo&sa=D&46=91&usg=AFQjCNHj_a66ufJc5MfSABppuo4GGGxh6w <<<<<<<<<<<<<<<<<<<<<<<<', '2021-11-17 12:50:55', '2021-11-17 12:50:55'),
(20, 'GeorgeGrand', 'icyprincess.soh81@gmx.at', 'Fast income from one investment from $ 9979 per day >>>>>>>>>>>>>>  https://www.google.com/url?q=https%3A%2F%2Fvk.cc%2Fc7Wvjo&sa=D&82=13&usg=AFQjCNHj_a66ufJc5MfSABppuo4GGGxh6w   <<<<<<<<<<<', '2021-11-17 14:07:02', '2021-11-17 14:07:02'),
(21, 'Stevenfiz', 'deeza9@yahoo.com.au', 'A few weeks ago, Elon Musk, in an interview, accidentally blabbed about a cryptocurrency trading robot that brings him passive income from $ 13,000 to $ 135,000 per day and asked to remove this moment from the video after filming. \r\nhttps://www.google.com/url?q=https%3A%2F%2Fvk.cc%2Fc8aMsu&sa=D&22=18&usg=AFQjCNGiMsVvcKCjtUl1s1o9fbbu24TnPA \r\nBut the operator who filmed all this remembered the name of the trading robot and tried to make money. \r\nOn the same day, he made a deposit of $ 500 and launched a trading robot and after 3 hours his account had $ 3750 and a week later $ 563700. \r\nOn the robot, you earn in the currency of your country, Europe - EUR, Australia - AUD, Canada - CAD, Sweden - SEC and so on. \r\nHurry up to register as after the influx of new users, the administrators decided to stop registering new users from next week. \r\nhttps://www.google.com/url?q=https%3A%2F%2Fvk.cc%2Fc8aMsu&sa=D&56=30&usg=AFQjCNGiMsVvcKCjtUl1s1o9fbbu24TnPA', '2021-11-19 12:19:23', '2021-11-19 12:19:23'),
(22, 'Mike Dodson', 'no-replydoottow@gmail.com', 'Hello \r\n \r\nWe all know the importance that dofollow link have on any website`s ranks. \r\nHaving most of your linkbase filled with nofollow ones is of no good for your ranks and SEO metrics. \r\n \r\nBuy quality dofollow links from us, that will impact your ranks in a positive way \r\nhttps://www.digital-x-press.com/product/150-dofollow-backlinks/ \r\n \r\nBest regards \r\nMike Dodson\r\n \r\nsupport@digital-x-press.com', '2021-11-19 12:39:19', '2021-11-19 12:39:19'),
(23, 'Jamesnobre', 'd2_uk@sympatico.ca', 'REGISTER NOW and get more $ 8999 per day >>>>>>>>>>>>>>>>>>>>>>>>>>> https://www.google.com/url?q=https%3A%2F%2Fvk.cc%2Fc8efyS&sa=D&95=04&usg=AFQjCNE19L0R90htG4gSNamEaeldZ-6c8g <<<<<<<<<<<<<<<<<<<<<<<<', '2021-11-22 04:47:15', '2021-11-22 04:47:15'),
(24, 'Jamesnobre', 'nickihay@tiscali.co.uk', 'Quit your job and get passive income more $ 9959 in a day >>>>>>>>>>>>>>>>>>>>>>>>>>> https://www.google.com/url?q=https%3A%2F%2Fvk.cc%2Fc8h3ls&sa=D&35=59&usg=AFQjCNHU-F0QOtn7o9CQDrCg8wi_ek2Ntw <<<<<<<<<<<<<<<<<<<<<<<<', '2021-11-23 18:27:31', '2021-11-23 18:27:31'),
(25, 'Mike Miers', 'no-replydoottow@gmail.com', 'Hi there \r\n \r\nDo you want a quick boost in ranks and sales for your website? \r\nHaving a high DA score, always helps \r\n \r\nGet your secan.id to have a DA between 50 to 60 points in Moz with us today and reap the benefits of such a great feat. \r\n \r\nSee our offers here: \r\nhttps://www.strictlydigital.net/product/moz-da50-seo-plan/ \r\n \r\nOn SALE: \r\nhttps://www.strictlydigital.net/product/ahrefs-dr60/ \r\n \r\n35% Black Friday / Cyber Monday coupon: \r\n \r\nBLACKOCEAN \r\n \r\nThank you \r\nMike Miers', '2021-11-24 15:37:10', '2021-11-24 15:37:10'),
(26, 'AmadoTox', 'kirkbride@inspire.net.nz', 'According to Binance, this is the best trading robot in the world. \r\nhttps://www.google.com/url?q=https%3A%2F%2Fvk.cc%2Fc8kz55&sa=D&73=47&usg=AFQjCNEYo6mWXSP9gUinA8sLtVU0jLXlbQ \r\nBecause he is able to make 200% profit every day. \r\nFor example, you replenished your brokerage account with $ 500 (EUR, GBP, etc.) and he earned you from $ 1000 in net income within a day. Binance recommends using this particular trading robot for automated trading. \r\nhttps://www.google.com/url?q=https%3A%2F%2Fvk.cc%2Fc8kz55&sa=D&29=38&usg=AFQjCNEYo6mWXSP9gUinA8sLtVU0jLXlbQ', '2021-11-25 03:26:58', '2021-11-25 03:26:58'),
(27, 'PrinceBic', 'klaus-eder@t-online.de', 'According to Binance, this is the best trading robot in the world №+*^ \r\nhttps://www.google.com/url?q=https%3A%2F%2Fvk.cc%2Fc8qvzi&sa=D&61=45&usg=AFQjCNH2QAwQV6sbS1u0SgHiVXKZSKhcKQ \r\nBecause he is able to make 200% profit every day !-%_ \r\nFor example, you replenished your brokerage account with $ 500 (EUR, GBP, etc.) and he earned you from $ 1000 in net income within a day :&;_ \r\nBinance recommends using this particular trading robot for automated trading )=)$ \r\nhttps://www.google.com/url?q=https%3A%2F%2Fvk.cc%2Fc8qvzi&sa=D&04=40&usg=AFQjCNH2QAwQV6sbS1u0SgHiVXKZSKhcKQ', '2021-11-27 13:33:20', '2021-11-27 13:33:20'),
(28, 'Patrickphesk', 'mondlicht@alpenjodel.de', 'Blockchain recommends to all people who are interested in additional permanent passive income of $ 5000 per day with a cryptocurrency trading robot. \r\nhttps://www.google.com/url?q=https%3A%2F%2Fvk.cc%2Fc8qvzi&sa=D&47=70&usg=AFQjCNH2QAwQV6sbS1u0SgHiVXKZSKhcKQ \r\nA trading robot is capable of making from 750% to 15000% profit per day !$?@ \r\nhttps://www.google.com/url?q=https%3A%2F%2Fvk.cc%2Fc8qvzi&sa=D&94=33&usg=AFQjCNH2QAwQV6sbS1u0SgHiVXKZSKhcKQ \r\nThis success was achieved thanks to the advanced developments in the field of artificial intelligence (#%* \r\nTens of thousands of people around the world are already using this trading robot, so start you *_:) \r\nhttps://www.google.com/url?q=https%3A%2F%2Fvk.cc%2Fc8qvzi&sa=D&12=94&usg=AFQjCNH2QAwQV6sbS1u0SgHiVXKZSKhcKQ \r\nTo start, you need to do just three things: \r\n1. Make a deposit to your brokerage account from $ 500 ?%?$ \r\n2. Launch the trading robot (*(( \r\n3. Receive passive income from $ 5000 per day :@?^ \r\nhttps://www.google.com/url?q=https%3A%2F%2Fvk.cc%2Fc8qvzi&sa=D&83=84&usg=AFQjCNH2QAwQV6sbS1u0SgHiVXKZSKhcKQ', '2021-11-30 03:48:06', '2021-11-30 03:48:06'),
(29, 'HaroldInone', 'evalidatort.est@gmail.com', 'Прывітанне, я хацеў даведацца Ваш прайс. \r\nnox1                                                                                                                                                                                                                                                                                                                                                                                                                                                                                                                                                                                                                                                                                                                                                                                                                                                                                                     Sveiki, as norejau suzinoti jusu kaina. nox1', '2021-12-01 11:40:23', '2021-12-01 11:40:23'),
(30, 'Maman Hidayat', 'dayz.hidayat376@gmail.com', 'Selamat pagi se.can Indonesia\nApakah scars yang sudah terlalu lama bisa di samarkan? Saya dahulu tidak terlalu memikirkan wajah tapi skrg saya baru sadar kalau ini asset penting untuk diri saya\nBerapa biaya yang di butuhkan untuk 1x treatment mohon jika berkenan untuk di balas,, dan untuk alamat secan di bekasi alamat lengkapnya di mana yah?', '2021-12-01 20:06:03', '2021-12-01 20:06:03'),
(31, 'Richard Andersen', 'donotreply.betrave@gmail.com', 'Dear, \r\nDo you know that you could also achieve an additional profit of more than 10% in just a few days trading on stock markets worldwide with minimum risk? \r\nWould you like to start trading or investing in the stock market more easily and quickly, with more confidence, effectiveness & efficiency? ONLINE? \r\n> TRY IT RIGHT NOW FOR FREE \r\nYou can start by opening a 100% free account, with a small amount like 1 USD for trial. To get started, please register here with our 100% accredited worldclass broker  CAPITAL, then we will guide you forward. \r\nLink for free registration RIGHT NOW: https://capital.com/?c=37799_3743058&pid=cellxpert \r\nHow to trade?: You just purchase an asset at a lower cost, then you resell it after a few moments (few hours or few days) at a higher cost; then you gain from the price increase. \r\n \r\nOn behalf of BETRAVE Team Worldwide: For more infos please  contact us by email contact@betrave.org or whatsapp +237620171905 or visit: http://www.betrave.org/', '2021-12-03 01:34:44', '2021-12-03 01:34:44'),
(32, 'Mike Nathan', 'no-replydoottow@gmail.com', 'Howdy \r\n \r\nWe will enhance your Local Ranks organically and safely, using only whitehat methods, while providing Google maps and website offsite work at the same time. \r\n \r\nPlease check our pricelist here, we offer Local SEO at cheap rates. \r\nhttps://speed-seo.net/product/local-seo-package/ \r\n \r\nNEW: \r\nhttps://www.speed-seo.net/product/zip-codes-gmaps-citations/ \r\n \r\nregards \r\nMike Nathan\r\n \r\nSpeed SEO Digital Agency', '2021-12-04 11:19:17', '2021-12-04 11:19:17'),
(33, 'Jamesnobre', 'oj.andrada0@gmail.com', 'Bitcoin Miiliarder told how he makes money from $ 8795 per day >>>>>>>>>>>>>>>>>>>>>>>>>>> https://www.google.com/url?q=https%3A%2F%2Fvk.cc%2Fc8ED7K&sa=D&77=00&usg=AFQjCNEY3K5BsQ-mUq_FMcp6hGUAytb7Og <<<<<<<<<<<<<<<<<<<<<<<<', '2021-12-05 21:50:16', '2021-12-05 21:50:16'),
(34, 'JAMES COOK', 'james_cook78@yahoo.com', 'Dear sir/ma \r\nWe are a finance and investment company offering loans at 3% interest rate. We will be happy to make a loan available to your organisation for your project. Our terms and conditions will apply. Our term sheet/loan agreement will be sent to you for review, when we hear from you. Please reply to this email ONLY cookj5939@gmail.com \r\n \r\nRegards. \r\nJames Cook \r\nChairman & CEO Euro Finance & Commercial Ltd', '2021-12-05 22:30:52', '2021-12-05 22:30:52'),
(35, 'Jamesnobre', 'heidelberg1@first-reisebuero.de', 'Deine Freunde verdienen bereits von 178000 EUR pro Tag >>>>>>>>>>>>>>>>>>>>>>>>>>> http://www.google.com/url?q=http%3A%2F%2Fgo.nihawiwa.com%2F0bnl&sa=D&34=07&usg=AFQjCNEUPijOi1LFtA_rg0rU0qfVGTKd6A <<<<<<<<<<<<<<<<<<<<<<<<', '2021-12-08 03:08:14', '2021-12-08 03:08:14'),
(36, 'Les Jacobs', 'lolitawinfree070@gmail.com', 'Hello Beloved \r\n \r\nCan you devote your time to run a humanitarian charity project in helping the needy and less privileged people around your community ? please reply to Mr Les:   Lesscaddingl@gmail.com', '2021-12-08 18:51:13', '2021-12-08 18:51:13'),
(37, 'Jamesnobre', 'vicb88@yahoo.ca', 'Bitcoin Miiliarder told how he makes money more $ 7878 per day >>>>>>>>>>>>>>>>>>>>>>>>>>> https://www.google.com/url?q=https%3A%2F%2Fvk.cc%2Fc8Prmu&sa=D&41=90&usg=AFQjCNH_EGwAiiB8MpWHxZlE1C27oj3Rvw <<<<<<<<<<<<<<<<<<<<<<<<', '2021-12-09 16:46:17', '2021-12-09 16:46:17'),
(38, 'Mike Conors', 'no-replydoottow@gmail.com', 'Good Day \r\n \r\nI have just analyzed  secan.id for its SEO metrics and saw that your website could use an upgrade. \r\n \r\nWe will enhance your SEO metrics and ranks organically and safely, using only whitehat methods, while providing monthly reports and outstanding support. \r\n \r\nPlease check our services below, we offer SEO at cheap rates. \r\nhttps://www.hilkom-digital.de/cheap-seo-packages/ \r\n \r\nStart improving your sales and leads with us, today! \r\n \r\n \r\nregards \r\nMike Conors\r\n \r\nHilkom Digital Team \r\nsupport@hilkom-digital.de', '2021-12-10 13:54:32', '2021-12-10 13:54:32'),
(39, 'Jamesnobre', 'stefan.hohenecker@chello.at', 'Change your life and get passive income from $ 5999 per day >>>>>>>>>>>>>>>>>>>>>>>>>>> https://www.google.com/url?q=https%3A%2F%2Fvk.cc%2Fc8Prmu&sa=D&80=68&usg=AFQjCNH_EGwAiiB8MpWHxZlE1C27oj3Rvw <<<<<<<<<<<<<<<<<<<<<<<<', '2021-12-10 16:42:57', '2021-12-10 16:42:57'),
(40, 'Jamesnobre', 'stefan@neubauer.or.at', 'Confessions of a Bitcoin billionaire or passive income from $ 5776 in a day >>>>>>>>>>>>>>>>>>>>>>>>>>> https://www.google.com/url?q=https%3A%2F%2Fvk.cc%2Fc8Prmu&sa=D&73=90&usg=AFQjCNH_EGwAiiB8MpWHxZlE1C27oj3Rvw <<<<<<<<<<<<<<<<<<<<<<<<', '2021-12-11 11:36:24', '2021-12-11 11:36:24'),
(41, 'Jamesnobre', 'sandrineholzer@gmx.at', 'Income from one investment more $ 6995 per day >>>>>>>>>>>>>>>>>>>>>>>>>>> https://www.google.com/url?q=https%3A%2F%2Fvk.cc%2Fc8Prmu&sa=D&76=66&usg=AFQjCNH_EGwAiiB8MpWHxZlE1C27oj3Rvw <<<<<<<<<<<<<<<<<<<<<<<<', '2021-12-13 10:36:34', '2021-12-13 10:36:34'),
(42, 'Jamesnobre', 'evelin.lizzi@drei.at', 'REGISTER NOW and get from $ 9565 in a day >>>>>>>>>>>>>>>>>>>>>>>>>>> http://www.google.com/url?q=http%3A%2F%2Fgo.nirulugo.com%2F0bnl&sa=D&60=70&usg=AFQjCNErknOO8eaNhDQCQiKaUi6wsp9KfA <<<<<<<<<<<<<<<<<<<<<<<<', '2021-12-15 13:42:29', '2021-12-15 13:42:29'),
(43, 'Jamesnobre', 'j.scharunge@web.de', 'Income from one investment more $ 7857 in a day >>>>>>>>>>>>>>>>>>>>>>>>>>> http://www.google.com/url?q=http%3A%2F%2Fgo.nirulugo.com%2F0bnl&sa=D&84=59&usg=AFQjCNErknOO8eaNhDQCQiKaUi6wsp9KfA <<<<<<<<<<<<<<<<<<<<<<<<', '2021-12-16 14:29:32', '2021-12-16 14:29:32'),
(44, 'Jamesnobre', 'melanie-hoetzinger@t-online.de', 'Income from one investment more $ 9787 in a day >>>>>>>>>>>>>>>>>>>>>>>>>>> http://www.google.com/url?q=http%3A%2F%2Fgo.nirulugo.com%2F0bnl&sa=D&90=53&usg=AFQjCNErknOO8eaNhDQCQiKaUi6wsp9KfA <<<<<<<<<<<<<<<<<<<<<<<<', '2021-12-17 14:45:40', '2021-12-17 14:45:40'),
(45, 'Mike Kingsman', 'no-replydoottow@gmail.com', 'Hello \r\n \r\nWe all know the importance that dofollow link have on any website`s ranks. \r\nHaving most of your linkbase filled with nofollow ones is of no good for your ranks and SEO metrics. \r\n \r\nBuy quality dofollow links from us, that will impact your ranks in a positive way \r\nhttps://www.digital-x-press.com/product/150-dofollow-backlinks/ \r\n \r\nBest regards \r\nMike Kingsman\r\n \r\nsupport@digital-x-press.com', '2021-12-17 17:14:58', '2021-12-17 17:14:58'),
(46, 'Jamesnobre', 'mimmo1276@alice.it', 'Make Artificial Intelligence bring you more $ 9587 per day >>>>>>>>>>>>>>>>>>>>>>>>>>> http://www.google.com/url?q=http%3A%2F%2Fgo.nirulugo.com%2F0bnl&sa=D&10=16&usg=AFQjCNErknOO8eaNhDQCQiKaUi6wsp9KfA <<<<<<<<<<<<<<<<<<<<<<<<', '2021-12-18 14:04:26', '2021-12-18 14:04:26'),
(47, 'Jamesnobre', 'nannino3@libero.it', 'Confessions of a Bitcoin billionaire or passive income more $ 7579 per day >>>>>>>>>>>>>>>>>>>>>>>>>>> http://www.google.com/url?q=http%3A%2F%2Fgo.nirulugo.com%2F0bnl&sa=D&99=81&usg=AFQjCNErknOO8eaNhDQCQiKaUi6wsp9KfA <<<<<<<<<<<<<<<<<<<<<<<<', '2021-12-19 13:35:50', '2021-12-19 13:35:50'),
(48, 'Jamesnobre', 'abylaikazbaizhukenov@web.de', 'Passives Einkommen Vor 17200 EUR in der Woche >>>>>>>>>>>>>>>>>>>>>>>>>>> https://www.google.com/url?q=https%3A%2F%2Fvk.cc%2Fc9jD1p&sa=D&63=99&usg=AFQjCNE5-l7dYtpQNDLSz9x2TTehrGGJ2w <<<<<<<<<<<<<<<<<<<<<<<<', '2021-12-21 13:19:23', '2021-12-21 13:19:23'),
(49, 'Mike King', 'no-replydoottow@gmail.com', 'Hi there \r\n \r\nDo you want a quick boost in ranks and sales for your website? \r\nHaving a high DA score, always helps \r\n \r\nApply this -35% code ( MEGAPROMOTER ) while getting your secan.id to have a DA above 60 points in Moz with us today and reap the benefits of such a great feat at an affordable rate. \r\n \r\n \r\n \r\nSee our offers here: \r\nhttps://www.strictlydigital.net/product/moz-da50-seo-plan/ \r\nhttps://www.strictlydigital.net/product/moz-da60-seo-plan/ \r\n \r\nNEW: ahrefs DR70 is now possible: \r\nhttps://www.strictlydigital.net/product/ahrefs-seo-plan/ \r\n \r\n \r\nThank you \r\nMike King\r\n \r\nmike@strictlydigital.net', '2021-12-23 04:23:46', '2021-12-23 04:23:46'),
(50, 'CLOVER AMBASSADOR', 'cloverambassador@gmail.com', 'Dear ESG Manager, \r\n \r\nWe would like to explore opportunities to collaborate on one of the 3 major initiatives of Clover Climate Alliance for 2022. \r\n(1) Mobilise 1 million Gen-Z and Millennial Climate Champions; a citizens’ assembly to fight Climate Change. The power of the crowd is the new kid on the block. \r\n(2) Save Indonesia’s Forests - a pilot (Asset Tokenisation) US$100m Climate Hedge Fund regulated in Singapore;  https://bit.ly/3ohUHgq \r\n(3) Build Circular Community Farms to uplift the poverty of 25 million farmers, by going green and organic, at the base of the pyramid in Indonesia. https://lnkd.in/dCWvXVDq \r\nTOGETHER WE CAN SHAPE THE FUTURE! \r\nhttps://www.linkedin.com/posts/clover-chief-patrick_the-clover-update-december-6-2021-activity-6876904294201745408-xCK0 \r\nBest regards, \r\nChief', '2021-12-23 08:01:42', '2021-12-23 08:01:42'),
(51, 'Donaldbig', 'ashleybltmr5@yahoo.co.uk', 'Hallo. \r\nWenn Sie sich fur diese Art von Verdienst interessieren, dann sollten Sie wissen, dass hier einmalig Investitionen von 500 EUR erforderlich sind %%№% \r\nDaruber hinaus erhalten Sie ab 1500 EUR pro Woche :-)& \r\n>>>>> https://www.google.com/url?q=https%3A%2F%2Fvk.cc%2Fc9jD1p&sa=D&86=71&usg=AFQjCNE5-l7dYtpQNDLSz9x2TTehrGGJ2w <<<<< \r\nDie Essenz des Verdienens besteht darin, Einnahmen aus dem Handel mit Kryptowahrungen in einem automatischen Modus zu erzielen. Selbst wenn alle Markte zusammenbrechen, erhalten Sie Ihr Geld garantiert ab 1500 EUR pro Woche. \r\nNehmen Sie Ihren Platz an der Sonne ein und melden Sie sich an !+!+ \r\nBegrenztes Angebot (^%( \r\n>>>>> https://www.google.com/url?q=https%3A%2F%2Fvk.cc%2Fc9jD1p&sa=D&82=32&usg=AFQjCNE5-l7dYtpQNDLSz9x2TTehrGGJ2w <<<<<', '2021-12-23 16:36:45', '2021-12-23 16:36:45'),
(52, 'Donaldbig', 'andy.bradshaw19@yahoo.co.uk', 'Hallo. \r\nWenn Sie sich fur diese Art von Verdienst interessieren, dann sollten Sie wissen, dass hier einmalig Investitionen von 500 EUR erforderlich sind ?&%- \r\nDaruber hinaus erhalten Sie ab 1500 EUR pro Woche ();_ \r\n>>>>> https://www.google.com/url?q=https%3A%2F%2Fvk.cc%2Fc9jD1p&sa=D&84=54&usg=AFQjCNE5-l7dYtpQNDLSz9x2TTehrGGJ2w <<<<< \r\nDie Essenz des Verdienens besteht darin, Einnahmen aus dem Handel mit Kryptowahrungen in einem automatischen Modus zu erzielen. Selbst wenn alle Markte zusammenbrechen, erhalten Sie Ihr Geld garantiert ab 1500 EUR pro Woche. \r\nNehmen Sie Ihren Platz an der Sonne ein und melden Sie sich an ?%)) \r\nBegrenztes Angebot №&;$ \r\n>>>>> https://www.google.com/url?q=https%3A%2F%2Fvk.cc%2Fc9jD1p&sa=D&57=50&usg=AFQjCNE5-l7dYtpQNDLSz9x2TTehrGGJ2w <<<<<', '2021-12-24 21:23:59', '2021-12-24 21:23:59'),
(53, 'Donaldbig', 'arctrect@yahoo.co.uk', 'Hallo. \r\nWenn Sie sich fur diese Art von Verdienst interessieren, dann sollten Sie wissen, dass hier einmalig Investitionen von 500 EUR erforderlich sind ?^)% \r\nDaruber hinaus erhalten Sie ab 1500 EUR pro Woche :-?% \r\n>>>>> https://www.google.com/url?q=https%3A%2F%2Fvk.cc%2Fc9jD1p&sa=D&33=94&usg=AFQjCNE5-l7dYtpQNDLSz9x2TTehrGGJ2w <<<<< \r\nDie Essenz des Verdienens besteht darin, Einnahmen aus dem Handel mit Kryptowahrungen in einem automatischen Modus zu erzielen. Selbst wenn alle Markte zusammenbrechen, erhalten Sie Ihr Geld garantiert ab 1500 EUR pro Woche. \r\nNehmen Sie Ihren Platz an der Sonne ein und melden Sie sich an (^%& \r\nBegrenztes Angebot \"#%& \r\n>>>>> https://www.google.com/url?q=https%3A%2F%2Fvk.cc%2Fc9jD1p&sa=D&28=22&usg=AFQjCNE5-l7dYtpQNDLSz9x2TTehrGGJ2w <<<<<', '2021-12-26 16:09:42', '2021-12-26 16:09:42'),
(54, 'Mike Wesley', 'no-replydoottow@gmail.com', 'Good Day \r\n \r\nWe will increase your Local Ranks organically and safely, using only whitehat methods, while providing Google maps and website offsite work at the same time. \r\n \r\nPlease check our pricelist here, we offer Local SEO at cheap rates. \r\nhttps://speed-seo.net/product/local-seo-package/ \r\n \r\nNEW: \r\nhttps://www.speed-seo.net/product/zip-codes-gmaps-citations/ \r\n \r\nregards \r\nMike Wesley\r\n \r\nSpeed SEO Digital Agency', '2021-12-28 04:11:18', '2021-12-28 04:11:18'),
(55, 'Abbie Rausch', 'rausch.abbie@googlemail.com', 'Add your site to all 35 of our business directories with one click here-> https://bit.ly/submityourwebsite', '2021-12-29 11:09:48', '2021-12-29 11:09:48'),
(56, 'Mike Molligan', 'no-replydoottow@gmail.com', 'Hi there \r\n \r\nI have just took an in depth look on your  secan.id for  the current search visibility and saw that your website could use a push. \r\n \r\nWe will enhance your SEO metrics and ranks organically and safely, using only whitehat methods, while providing monthly reports and outstanding support. \r\n \r\nPlease check our plans here, we offer SEO at cheap rates. \r\nhttps://www.hilkom-digital.de/cheap-seo-packages/ \r\n \r\nStart enhancing your sales and leads with us, today! \r\n \r\n \r\nregards \r\nMike Molligan\r\n \r\nHilkom Digital Team \r\nsupport@hilkom-digital.de', '2022-01-08 17:17:41', '2022-01-08 17:17:41'),
(57, 'Mike Roberts', 'no-replydoottow@gmail.com', 'Hello \r\n \r\nWe all know the importance that dofollow link have on any website`s ranks. \r\nHaving most of your linkbase filled with nofollow ones is of no good for your ranks and SEO metrics. \r\n \r\nBuy quality dofollow links from us, that will impact your ranks in a positive way \r\nhttps://www.digital-x-press.com/product/150-dofollow-backlinks/ \r\n \r\nBest regards \r\nMike Roberts\r\n \r\nsupport@digital-x-press.com', '2022-01-14 18:34:18', '2022-01-14 18:34:18'),
(58, 'Jamesnobre', 'schneller_mario76@yahh.de', 'Anfangen zu verdienen von 15800 EUR in der Woche >>>>>>>>>>>>>>>>>>>>>>>>>>> https://www.google.com/url?q=https%3A%2F%2Fvk.cc%2Fcaa7WZ&sa=D&39=65&usg=AFQjCNHeDhPmQ6da3c_t6uxfxm4yAdThqw <<<<<<<<<<<<<<<<<<<<<<<<', '2022-01-14 19:53:43', '2022-01-14 19:53:43'),
(59, 'fus', '1btdvj9p@icloud.com', 'Hi, this is Jeniffer. I am sending you my intimate photos as I promised. https://tinyurl.com/y7ke5cvd', '2022-01-17 15:52:20', '2022-01-17 15:52:20'),
(60, 'Jamesnobre', 'jahn.christoph@freenet.de', 'C\'est votre chance de gagner avant 12500 EUR dans la semaine >>>>>>>>>>>>>>>>>>>>>>>>>>> https://www.google.com/url?q=https%3A%2F%2Fvk.cc%2Fcaa7WZ&sa=D&19=88&usg=AFQjCNHeDhPmQ6da3c_t6uxfxm4yAdThqw <<<<<<<<<<<<<<<<<<<<<<<<', '2022-01-17 16:30:38', '2022-01-17 16:30:38'),
(61, 'Mike Molligan', 'no-replydoottow@gmail.com', 'Greetings \r\n \r\nIf you\'ll ever need a permanent increase in your website\'s Domain Authority score, We can help. \r\n \r\nMore info: \r\nhttps://www.strictlydigital.net/product/moz-da50-seo-plan/ \r\n \r\nNEW: Ahrefs DR70 plan: \r\nhttps://www.strictlydigital.net/product/ahrefs-seo-plan/ \r\n \r\n \r\nThank you \r\nMike Molligan\r\n \r\nmike@strictlydigital.net', '2022-01-18 04:46:33', '2022-01-18 04:46:33'),
(62, 'fus', 'tqju2j56@icloud.com', 'Hi, this is Irina. I am sending you my intimate photos as I promised. https://tinyurl.com/y9w9k8h7', '2022-01-19 10:54:11', '2022-01-19 10:54:11'),
(63, 'Mike Kingsman', 'no-replydoottow@gmail.com', 'Hello, \r\n \r\nThere is a new Boss in town. Semrush started dominating the SEO tools for some time already. So, why not get yourself backlinks that Semrush says are good, right? \r\n \r\nIn this plan, get backlinks that Semrush says are coming from quality domains, Domains which are having 5000+ ranking keywords \r\n \r\nMore info: \r\nhttps://www.seo-treff.de/product/semrush-backlinks/ \r\n \r\n \r\nThank you \r\nMike Kingsman\r\n \r\nsupport@seo-treff.de', '2022-01-19 17:38:34', '2022-01-19 17:38:34'),
(64, 'fus', 'f8rkk48q@icloud.com', 'Play for free and win real money! Claim (3) Free Spins Below https://tinyurl.com/y76stvp8', '2022-01-20 23:33:55', '2022-01-20 23:33:55'),
(65, 'nam1790405tetcher', 'kiddgeerarddo@gmail.com', 'mps1790405rtjuny p8tjNSY CRAU 5Tsfuh9', '2022-01-22 18:45:31', '2022-01-22 18:45:31'),
(66, 'Walter Karl', 'jonathanproducts001@gmail.com', 'We are a Team of IT Experts specialized in the production of Real and authentic Documents such as Passport, Driving License, Covid19 Vaccine Cards, CSCS Cards, Diploma Certificates, PhD\'s, IELTS Certificate, Bachelor  degrees, NCLEX Certificate, MBA, ID Cards, SS Cards, Associate Certificate, University Certificates, Green Cards, Death Certificate, Master Degree, PMP Certificate, Working Permits, Visa\'s etc. Contact us on WhatsApp for more information +49 1590 2969018. or Email us at walterkarl28@gmail.com', '2022-01-26 10:34:43', '2022-01-26 10:34:43'),
(67, 'Mike Richards', 'no-replydoottow@gmail.com', 'Howdy \r\n \r\nWe will enhance your Local Ranks organically and safely, using only whitehat methods, while providing Google maps and website offsite work at the same time. \r\n \r\nPlease check our pricelist here, we offer Local SEO at cheap rates. \r\nhttps://speed-seo.net/product/local-seo-package/ \r\n \r\nNEW: \r\nhttps://www.speed-seo.net/product/zip-codes-gmaps-citations/ \r\n \r\nregards \r\nMike Richards\r\n \r\nSpeed SEO Digital Agency', '2022-01-26 14:10:46', '2022-01-26 14:10:46'),
(68, 'fus', '5zm8d5qy@icloud.com', 'Hi, this is Jenny. I am sending you my intimate photos as I promised. https://tinyurl.com/y8s6qsw6', '2022-01-26 16:21:20', '2022-01-26 16:21:20'),
(69, 'Mike Birch', 'no-replydoottow@gmail.com', 'Hi \r\n \r\nI have just verified your SEO on  secan.id for its SEO Trend and saw that your website could use an upgrade. \r\n \r\nWe will enhance your SEO metrics and ranks organically and safely, using only whitehat methods, while providing monthly reports and outstanding support. \r\n \r\nPlease check our services below, we offer SEO at cheap rates. \r\nhttps://www.hilkom-digital.de/cheap-seo-packages/ \r\n \r\nStart improving your sales and leads with us, today! \r\n \r\n \r\nregards \r\nMike Birch\r\n \r\nHilkom Digital Team \r\nsupport@hilkom-digital.de', '2022-02-05 09:24:31', '2022-02-05 09:24:31'),
(70, 'Diane Angelori', 'g.a.76.52.71.9@gmail.com', 'Hello \r\n \r\nI\'m Diane Angelori, online trading expert. I want you to know that Online trading (Crypto, Forex and Binary option) is a good thing if you have a good trading strategy, I use to loose a lot of funds in online trading before I got to where I am today. If you need assistance on how to trade and recover back all the money you have lost to your broker and want to be a successful online trader like me, write to me via email below to get an amazing strategy. \r\n \r\nIf you are having problems withdrawing your profit from your Crypt, Forex or Binary option trading account even when you were given a bonus, just contact me, I have worked with some Trade, Regulatory Agencies for 9years, and I have helped a lot of people get back their lost funds from their stubborn brokers successfully and I won\'t stop until I have helped as many as possible. For more info you can contact me via my email address: dangelori@protonmail.com', '2022-02-06 20:31:25', '2022-02-06 20:31:25'),
(71, 'Elida Resch', 'elida.resch@gmail.com', 'Congrats on your new site, get it listed here for free and we\'ll start sending people to your site https://bit.ly/submityourwebsite', '2022-02-08 14:47:52', '2022-02-08 14:47:52'),
(72, 'Mike Jeff', 'no-replydoottow@gmail.com', 'Hello \r\n \r\nWe all know the importance that dofollow link have on any website`s ranks. \r\nHaving most of your linkbase filled with nofollow ones is of no good for your ranks and SEO metrics. \r\n \r\nBuy quality dofollow links from us, that will impact your ranks in a positive way \r\nhttps://www.digital-x-press.com/product/150-dofollow-backlinks/ \r\n \r\nBest regards \r\nMike Jeff\r\n \r\nsupport@digital-x-press.com', '2022-02-11 19:18:28', '2022-02-11 19:18:28'),
(73, 'Mike Palmer', 'no-replydoottow@gmail.com', 'Hi there \r\n \r\nIf you\'ll ever need a permanent increase in your website\'s Domain Authority score, We can help. \r\n \r\nMore info: \r\nhttps://www.strictlydigital.net/product/moz-da50-seo-plan/ \r\n \r\nNEW: Ahrefs DR70 plan: \r\nhttps://www.strictlydigital.net/product/ahrefs-seo-plan/ \r\n \r\n \r\nThank you \r\nMike Palmer\r\n \r\nmike@strictlydigital.net', '2022-02-14 21:46:18', '2022-02-14 21:46:18'),
(74, 'fus', 'yn5k92fi@yahoo.com', 'Hi, this is Irina. I am sending you my intimate photos as I promised. https://tinyurl.com/y9c8aev2', '2022-02-16 10:38:49', '2022-02-16 10:38:49'),
(75, 'Bitcojef', 'woodthighgire1988@gmail.com', 'Bagaimana Saya bisa membuat 50k Dolar cepat? Berinvestasi hari ini dan menjadi jutawan berikutnya! Daftarkan sekarang => http://bitcoget.us/', '2022-02-17 04:23:00', '2022-02-17 04:23:00'),
(76, 'Mike Neal', 'no-replydoottow@gmail.com', 'Negative SEO attack Services. Deindex bad competitors from Google. It works with any Website, video, blog, product or service. \r\nhttps://www.seo-treff.de/product/derank-seo-service/', '2022-02-17 12:01:50', '2022-02-17 12:01:50'),
(77, 'Mike Green', 'no-replydoottow@gmail.com', 'Hi there \r\n \r\nWe will increase your Local Ranks organically and safely, using only whitehat methods, while providing Google maps and website offsite work at the same time. \r\n \r\nPlease check our pricelist here, we offer Local SEO at cheap rates. \r\nhttps://speed-seo.net/product/local-seo-package/ \r\n \r\nNEW: \r\nhttps://www.speed-seo.net/product/zip-codes-gmaps-citations/ \r\n \r\nregards \r\nMike Green\r\n \r\nSpeed SEO Digital Agency', '2022-02-22 11:02:52', '2022-02-22 11:02:52'),
(78, 'Brandon Musca', 'NinfaLorence@gmail.com', 'Congrats on your new site, get it listed here for free and we\'ll start sending people to your site https://1mdr.short.gy/submityourwebsite', '2022-02-24 09:36:21', '2022-02-24 09:36:21'),
(79, 'leewrob', 'leewrob475@gmail.com', 'Hello! \r\nI propose you make a business with crypto token that runs on the Binance Smart Chain. \r\nThere are 1,000,000 tokens in total. \r\n-1% daily ROI of up to 365% with reinvestment and withdrawal \r\n-Sustainability through transaction tax \r\n-Referral system and incentives for team building: \r\n-10% of partner\'s deposit \r\n-5% of partner\'s recompound \r\n-The opportunity to own the first deflationary, fully decentralised profit farm. \r\n \r\nPlease, email me at \r\nt.me/Drip_Leaders \r\nIf you are interested in joining!', '2022-02-27 05:40:29', '2022-02-27 05:40:29'),
(80, 'Mike Garrison', 'no-replydoottow@gmail.com', 'Greetings \r\n \r\nI have just verified your SEO on  secan.id for  the current search visibility and saw that your website could use a boost. \r\n \r\nWe will improve your SEO metrics and ranks organically and safely, using only whitehat methods, while providing monthly reports and outstanding support. \r\n \r\nPlease check our services below, we offer SEO at cheap rates. \r\nhttps://www.hilkom-digital.de/cheap-seo-packages/ \r\n \r\nStart increasing your sales and leads with us, today! \r\n \r\n \r\nregards \r\nMike Garrison\r\n \r\nHilkom Digital Team \r\nsupport@hilkom-digital.de', '2022-03-01 18:03:08', '2022-03-01 18:03:08'),
(81, 'fus', 'tuw1hroo@yahoo.com', 'Hi, this is Irina. I am sending you my intimate photos as I promised. https://tinyurl.com/yc7dk9ur', '2022-03-05 04:49:26', '2022-03-05 04:49:26'),
(82, 'fus', 'xol3w48b@gmail.com', 'Hi, this is Julia. I am sending you my intimate photos as I promised. https://tinyurl.com/y7cs999c', '2022-03-08 05:29:49', '2022-03-08 05:29:49'),
(83, 'Mike Smith', 'no-replydoottow@gmail.com', 'Hello \r\n \r\nWe all know the importance that dofollow link have on any website`s ranks. \r\nHaving most of your linkbase filled with nofollow ones is of no good for your ranks and SEO metrics. \r\n \r\nBuy quality dofollow links from us, that will impact your ranks in a positive way \r\nhttps://www.digital-x-press.com/product/150-dofollow-backlinks/ \r\n \r\nBest regards \r\nMike Smith\r\n \r\nsupport@digital-x-press.com', '2022-03-10 16:45:46', '2022-03-10 16:45:46'),
(84, 'fus', 'rpgcse5f@yahoo.com', 'Hi, this is Irina. I am sending you my intimate photos as I promised. https://tinyurl.com/y9dw5jv9', '2022-03-11 23:21:14', '2022-03-11 23:21:14'),
(85, 'Mike Pass', 'no-replydoottow@gmail.com', 'Negative SEO attack Services. Deindex bad competitors from Google. It works with any Website, video, blog, product or service. \r\nhttps://www.seo-treff.de/product/derank-seo-service/', '2022-03-14 08:33:28', '2022-03-14 08:33:28'),
(86, 'NugQuasia', 'NugQuasia@manmail.xyz', 'Canadian Pharmacy No Rx Needed https://oscialipop.com - Cialis <a href=https://oscialipop.com>cialis no prescription</a> Fdtnxz Cheap Seroquel No Prescription Lpmejk https://oscialipop.com - Cialis Zjldot Buying Cialis Online Mexico Online', '2022-03-15 00:11:10', '2022-03-15 00:11:10'),
(87, 'Mike Lewis', 'no-replydoottow@gmail.com', 'Howdy \r\n \r\nThis is Mike Lewis\r\n \r\nLet me show you our latest research results from our constant SEO feedbacks that we have from our plans: \r\n \r\nhttps://www.strictlydigital.net/product/semrush-backlinks/ \r\n \r\nThe new Semrush Backlinks, which will make your secan.id SEO trend have an immediate push. \r\nThe method is actually very simple, we are building links from domains that have a high number of keywords ranking for them.  \r\n \r\nForget about the SEO metrics or any other factors that so many tools try to teach you that is good. The most valuable link is the one that comes from a website that has a healthy trend and lots of ranking keywords. \r\nWe thought about that, so we have built this plan for you \r\n \r\nCheck in detail here: \r\nhttps://www.strictlydigital.net/product/semrush-backlinks/ \r\n \r\nCheap and effective \r\n \r\nTry it anytime soon \r\n \r\n \r\nRegards \r\n \r\nMike Lewis\r\n \r\nmike@strictlydigital.net', '2022-03-16 05:30:43', '2022-03-16 05:30:43'),
(88, 'Anthony Nuzum', 'CieraMorarity@gmail.com', 'Submit your site to over 1000 directories all with one click here> https://bit.ly/submit-yoursite-now', '2022-03-17 20:13:43', '2022-03-17 20:13:43'),
(89, 'Josephcof', 'jacqueline.meichtry@pdag.ch', 'Get from 500 EUR per day >>>>>>>>>>>>>>  https://telegra.ph/Passives-Einkommen-ab-500-EUR-pro-Tag-f%C3%BCr-alle-03-17?86172   <<<<<<<<<<<', '2022-03-18 12:52:36', '2022-03-18 12:52:36'),
(90, 'RichardRib', 'chadwick_mcbrayer@arcor.de', 'Secret cheat to get 8 BTC to your wallet every day >>>>>>>>>>>>>>  https://telegra.ph/Actual-income-from-5000-per-day---only-in-our-certified-licensed-system-03-20?76444   <<<<<<<<<<<', '2022-03-20 23:32:53', '2022-03-20 23:32:53'),
(91, 'Mike Raleigh', 'no-replydoottow@gmail.com', 'Hi \r\n \r\nWe will improve your Local Ranks organically and safely, using only whitehat methods, while providing Google maps and website offsite work at the same time. \r\n \r\nPlease check our plans here, we offer Local SEO at cheap rates. \r\nhttps://speed-seo.net/product/local-seo-package/ \r\n \r\nNEW: \r\nhttps://www.speed-seo.net/product/zip-codes-gmaps-citations/ \r\n \r\nregards \r\nMike Raleigh\r\n \r\nSpeed SEO Digital Agency', '2022-03-21 02:41:39', '2022-03-21 02:41:39'),
(92, 'Elenadox', 'm4rc4uga@gmail.com', 'Install the application and enjoy life: https://2track.info/gdQJ', '2022-03-24 07:22:16', '2022-03-24 07:22:16'),
(93, 'Juan Garibaldi', 'info@kaushalganga.org', 'Dear sir/madam \r\n \r\nADEX Industrial Company LLC, would want complete product catalog and price lists, \r\nWe have pictures and specifications we are introducing into our market due to its high demand, \r\nWe want to be sure your company can supply it and of good quality with guarantee and good prices. \r\n \r\nKindly contact us for more information. \r\nReply to: Purchase@adex-uk.net \r\n \r\nBest Regards \r\nJuan Garibaldi \r\nPurchase Supervisor', '2022-03-24 08:48:51', '2022-03-24 08:48:51'),
(94, 'fus', '9lu2ujka@yahoo.com', 'Hi, this is Jeniffer. I am sending you my intimate photos as I promised. https://tinyurl.com/ycn3rn7n', '2022-03-24 12:03:39', '2022-03-24 12:03:39'),
(95, 'RobertRib', 'hape9378@frequenzwoche.de', 'Passive Forex income from$398659 >>>>>>>>>>>>>>  https://telegra.ph/Confirm-you-are-not-a-bot-03-24-4?39739   <<<<<<<<<<<', '2022-03-26 00:05:11', '2022-03-26 00:05:11'),
(96, 'Margie Leforge', 'RyannStango45394@gmail.com', 'You can submit your site to over 1000 different business/advertising directories for free with one click https://bit.ly/submit-yoursite-now', '2022-03-28 16:08:48', '2022-03-28 16:08:48'),
(97, 'Mike Becker', 'no-replydoottow@gmail.com', 'Greetings \r\n \r\nI have just checked  secan.id for  the current search visibility and saw that your website could use a boost. \r\n \r\nWe will improve your SEO metrics and ranks organically and safely, using only whitehat methods, while providing monthly reports and outstanding support. \r\n \r\nPlease check our plans here, we offer SEO at cheap rates. \r\nhttps://www.hilkom-digital.de/cheap-seo-packages/ \r\n \r\nStart increasing your sales and leads with us, today! \r\n \r\n \r\nregards \r\nMike Becker\r\n \r\nHilkom Digital Team \r\nsupport@hilkom-digital.de', '2022-03-29 05:31:46', '2022-03-29 05:31:46'),
(98, 'Michaeltah', 'beeonthetop.com@gmail.com', 'Buy Followers, Likes and Views \r\n \r\nGet Thousands of Followers, Likes, Views and more for all you social media channels. \r\nInstagram, Facebook, Tiktok and more.. \r\n \r\nBoost your sales, and get more leads. \r\nhttps://www.beeonthetop.com', '2022-04-03 14:25:13', '2022-04-03 14:25:13'),
(99, 'Mike Chesterton', 'no-replydoottow@gmail.com', 'Hello \r\n \r\nWe all know the importance that dofollow link have on any website`s ranks. \r\nHaving most of your linkbase filled with nofollow ones is of no good for your ranks and SEO metrics. \r\n \r\nBuy quality dofollow links from us, that will impact your ranks in a positive way \r\nhttps://www.digital-x-press.com/product/150-dofollow-backlinks/ \r\n \r\nBest regards \r\nMike Chesterton\r\n \r\nsupport@digital-x-press.com', '2022-04-08 15:01:31', '2022-04-08 15:01:31'),
(100, 'Mike Gimson', 'no-replydoottow@gmail.com', 'Hi there \r\n \r\nDo you want a quick boost in ranks and sales for your website? \r\nHaving a high DA score, always helps \r\n \r\nGet your secan.id to have a DA between 50 to 60 points in Moz with us today and reap the benefits of such a great feat. \r\n \r\nSee our offers here: \r\nhttps://www.monkeydigital.co/product/moz-da50-seo-plan/ \r\n \r\nOn SALE: \r\nhttps://www.monkeydigital.co/product/ahrefs-dr60/ \r\n \r\n \r\nThank you \r\nMike Gimson', '2022-04-12 00:24:28', '2022-04-12 00:24:28'),
(101, 'fus', 'zz5r91z7@hotmail.com', 'Hi, this is Anna. I am sending you my intimate photos as I promised. https://tinyurl.com/ydhre9eg', '2022-04-13 09:52:38', '2022-04-13 09:52:38'),
(102, 'Lenard Hanaway', 'ShaLaws@gmail.com', 'Submit your site to over 1000 directories all with one click here> https://bit.ly/submit-your-site-here', '2022-04-13 11:02:05', '2022-04-13 11:02:05'),
(103, 'Mike Fisher', 'no-replydoottow@gmail.com', 'Hi \r\n \r\nThis is Mike Fisher\r\n \r\nLet me introduce to you our latest research results from our constant SEO feedbacks that we have from our plans: \r\n \r\nhttps://www.strictlydigital.net/product/semrush-backlinks/ \r\n \r\nThe new Semrush Backlinks, which will make your secan.id SEO trend have an immediate push. \r\nThe method is actually very simple, we are building links from domains that have a high number of keywords ranking for them.  \r\n \r\nForget about the SEO metrics or any other factors that so many tools try to teach you that is good. The most valuable link is the one that comes from a website that has a healthy trend and lots of ranking keywords. \r\nWe thought about that, so we have built this plan for you \r\n \r\nCheck in detail here: \r\nhttps://www.strictlydigital.net/product/semrush-backlinks/ \r\n \r\nCheap and effective \r\n \r\nTry it anytime soon \r\n \r\n \r\nRegards \r\n \r\nMike Fisher\r\n \r\nmike@strictlydigital.net', '2022-04-15 01:53:49', '2022-04-15 01:53:49'),
(104, 'HenryKer', 'destinykwest@aol.com', 'Robot never sleeps. It makes money for you 24/7. \r\nhttps://profit-gold-strategy.life/?u=bdlkd0x&o=x7t8nng', '2022-04-15 15:56:22', '2022-04-15 15:56:22'),
(105, 'RonaldSiz', 'no-replyunardarryref@gmail.com', 'Good day!  secan.id \r\n \r\nWe make available \r\n \r\nSending your business proposition through the feedback form which can be found on the sites in the Communication section. Feedback forms are filled in by our application and the captcha is solved. The superiority of this method is that messages sent through feedback forms are whitelisted. This method raise the probability that your message will be read. \r\n \r\nOur database contains more than 27 million sites around the world to which we can send your message. \r\n \r\nThe cost of one million messages 49 USD \r\n \r\nFREE TEST mailing Up to 50,000 messages. \r\n \r\n \r\nThis letter is created automatically.  Use our contacts for communication. \r\n \r\nContact us. \r\nTelegram - @FeedbackMessages \r\nSkype  live:contactform_18 \r\nWhatsApp - +375259112693 \r\nWe only use chat.', '2022-04-16 02:19:25', '2022-04-16 02:19:25'),
(106, 'Lazaro Liscio', 'NormandBisaccia@gmail.com', 'Congrats on your new site, get it listed here for free and we\'ll start sending people to your site https://bit.ly/submit-your-site-here-now', '2022-04-16 08:03:07', '2022-04-16 08:03:07');
INSERT INTO `contact` (`id`, `fullname`, `email`, `message`, `created_at`, `updated_at`) VALUES
(107, 'Mike', 'no-replydoottow@gmail.com', 'Hi there \r\n \r\nWe will increase your Local Ranks organically and safely, using only whitehat methods, while providing Google maps and website offsite work at the same time. \r\n \r\nPlease check our services below, we offer Local SEO at cheap rates. \r\nhttps://speed-seo.net/product/local-seo-package/ \r\n \r\nNEW: \r\nhttps://www.speed-seo.net/product/zip-codes-gmaps-citations/ \r\n \r\nregards \r\nMike  \r\nSpeed SEO Digital Agency', '2022-04-19 13:14:00', '2022-04-19 13:14:00'),
(108, 'fus', 'ds6p2asz@hotmail.com', 'Hi, this is Jeniffer. I am sending you my intimate photos as I promised. https://tinyurl.com/y4yowrz4', '2022-04-20 17:33:31', '2022-04-20 17:33:31'),
(109, 'HenryKer', 'brazuca2002@aol.com', 'Try out the automatic robot to keep earning all day long. \r\nhttps://get-profitshere.life/?u=bdlkd0x&o=x7t8nng', '2022-04-21 09:31:52', '2022-04-21 09:31:52'),
(110, 'HenryKer', 'usweetrose@gmail.com', 'Make your laptop a financial instrument with this program. \r\nhttps://get-profitshere.life/?u=bdlkd0x&o=x7t8nng', '2022-04-21 14:58:21', '2022-04-21 14:58:21'),
(111, 'HenryKer', 'danieldevodevlin@gmail.com', 'Financial robot is a great way to manage and increase your income. \r\nhttps://get-profitshere.life/?u=bdlkd0x&o=x7t8nng', '2022-04-21 20:11:12', '2022-04-21 20:11:12'),
(112, 'HenryKer', 'thoward9967@charter.net', 'One click of the robot can bring you thousands of bucks. \r\nhttps://get-profitshere.life/?u=bdlkd0x&o=x7t8nng', '2022-04-22 01:18:47', '2022-04-22 01:18:47'),
(113, 'HenryKer', 'shavikahoward@ymail.com', 'Find out about the fastest way for a financial independence. \r\nhttps://get-profitshere.life/?u=bdlkd0x&o=x7t8nng', '2022-04-22 06:41:59', '2022-04-22 06:41:59'),
(114, 'HenryKer', 'baileypayne@gmail.com', 'We know how to make our future rich and do you? \r\nhttps://get-profitshere.life/?u=bdlkd0x&o=x7t8nng', '2022-04-22 12:45:35', '2022-04-22 12:45:35'),
(115, 'HenryKer', 'XXEnchantedUnicornXX@msn.com', 'No worries if you are fired. Work online. \r\nhttps://get-profitshere.life/?u=bdlkd0x&o=x7t8nng', '2022-04-22 17:55:09', '2022-04-22 17:55:09'),
(116, 'HenryKer', 'jamesjwasson@yadtel.net', 'Even a child knows how to make $100 today. \r\nhttps://get-profitshere.life/?u=bdlkd0x&o=x7t8nng', '2022-04-22 23:11:53', '2022-04-22 23:11:53'),
(117, 'HenryKer', 'richboi86360@yahoo.com', 'Start making thousands of dollars every week just using this robot. https://take-profitnow.life/?u=bdlkd0x&o=x7t8nng', '2022-04-23 04:29:34', '2022-04-23 04:29:34'),
(118, 'HenryKer', 'larainda@gmail.com', 'Rich people are rich because they use this robot. https://take-profitnow.life/?u=bdlkd0x&o=x7t8nng', '2022-04-23 10:04:43', '2022-04-23 10:04:43'),
(119, 'HenryKer', 'schlabachzd@hotmail.com', 'Looking for an easy way to make money? Check out the financial robot. https://take-profitnow.life/?u=bdlkd0x&o=x7t8nng', '2022-04-23 15:13:25', '2022-04-23 15:13:25'),
(120, 'HenryKer', 'dodo_14@rocketmail.com', 'Make dollars staying at home and launched this Bot. https://take-profitnow.life/?u=bdlkd0x&o=x7t8nng', '2022-04-23 20:30:10', '2022-04-23 20:30:10'),
(121, 'HenryKer', 'anstine4@att.net', 'Tidak perlu bekerja lagi saat Anda memiliki Robot diluncurkan! https://take-profitnow.life/?u=bdlkd0x&o=x7t8nng', '2022-04-24 04:27:17', '2022-04-24 04:27:17'),
(122, 'HenryKer', 'gxtfbrk0f40ya@yahoo.com', 'Hasilkan Uang di internet menggunakan Bot ini. Ini benar-benar bekerja! https://take-profitnow.life/?u=bdlkd0x&o=x7t8nng', '2022-04-24 09:36:12', '2022-04-24 09:36:12'),
(123, 'HenryKer', 'hemant6058@gmail.com', 'Robot keuangan adalah kekayaan dan kemandirian masa depan Anda. https://take-profitnow.life/?u=bdlkd0x&o=x7t8nng', '2022-04-25 01:45:08', '2022-04-25 01:45:08'),
(124, 'HenryKer', 'psychdude69@yahoo.com', 'Satu klik robot dapat membawa Anda ribuan dolar. https://take-profitnow.life/?u=bdlkd0x&o=x7t8nng', '2022-04-25 06:50:17', '2022-04-25 06:50:17'),
(125, 'HenryKer', 'Edmoranmd@gmail.com', 'Tidak memiliki keterampilan keuangan? Biarkan Robot menghasilkan uang untuk anda. https://breweriana.it/gotodate/promo', '2022-04-25 12:36:44', '2022-04-25 12:36:44'),
(126, 'HenryKer', 'cher45acp@att.net', 'Membuat uang Anda bekerja untuk Anda sepanjang hari. https://breweriana.it/gotodate/promo', '2022-04-25 17:43:51', '2022-04-25 17:43:51'),
(127, 'HenryKer', 'aznchickz4u@yahoo.com', 'Mulai pekerjaan online Anda menggunakan robot keuangan. https://breweriana.it/gotodate/promo', '2022-04-25 23:17:51', '2022-04-25 23:17:51'),
(128, 'HenryKer', 'rasta_pto_o.o@hotmail.com', 'Jangan ragu untuk membeli semua yang Anda inginkan dengan penghasilan tambahan. https://breweriana.it/gotodate/promo', '2022-04-26 04:18:42', '2022-04-26 04:18:42'),
(129, 'HenryKer', 'yshabaneh@gmail.com', 'Orang kaya kaya karena mereka menggunakan robot ini. https://breweriana.it/gotodate/promo', '2022-04-26 09:33:28', '2022-04-26 09:33:28'),
(130, 'fus', '48f309lf@yahoo.com', 'Hi, this is Anna. I am sending you my intimate photos as I promised. https://tinyurl.com/y54xt9ye', '2022-04-26 12:14:24', '2022-04-26 12:14:24'),
(131, 'HenryKer', 'patsy_elkins82@mailnesia.com', 'Robot adalah cara terbaik bagi semua orang yang mencari kemandirian finansial. https://breweriana.it/gotodate/promo', '2022-04-26 14:36:53', '2022-04-26 14:36:53'),
(132, 'HenryKer', '100thmonkeyeffect@gmail.com', 'Membuat uang di Internet lebih mudah sekarang. https://breweriana.it/gotodate/promo', '2022-04-26 19:40:50', '2022-04-26 19:40:50'),
(133, 'HenryKer', 'alexiswoods12342@yahoo.com', 'Formula sukses ditemukan. Pelajari lebih lanjut tentang itu. https://breweriana.it/gotodate/promo', '2022-04-27 00:55:44', '2022-04-27 00:55:44'),
(134, 'HenryKer', 'healexandridisbervildi@qwest.com', 'Tidak perlu khawatir tentang masa depan jika Anda menggunakan robot keuangan ini. https://2f-2f.de/gotodate/promo', '2022-04-27 06:03:36', '2022-04-27 06:03:36'),
(135, 'HenryKer', 'and1abovetherim@lycos.com', 'Uang Anda terus tumbuh 24/7 jika Anda menggunakan robot keuangan. https://2f-2f.de/gotodate/promo', '2022-04-27 11:47:49', '2022-04-27 11:47:49'),
(136, 'HenryKer', 'maihsi01@guccibagshere.com', 'Alat investasi Online Terbaik ditemukan. Pelajari lebih lanjut! https://2f-2f.de/gotodate/promo', '2022-04-27 16:50:46', '2022-04-27 16:50:46'),
(137, 'HenryKer', 'biltecinc@hotmail.com', 'Perhatikan uang Anda tumbuh saat Anda berinvestasi dengan Robot. https://2f-2f.de/gotodate/promo', '2022-04-27 22:18:22', '2022-04-27 22:18:22'),
(138, 'HenryKer', 'billswife64@yahoo.com', 'Uang Anda bekerja bahkan ketika Anda tidur. https://2f-2f.de/gotodate/promo', '2022-04-28 03:49:15', '2022-04-28 03:49:15'),
(139, 'HenryKer', 'jongruja@yahoo.com', 'Kita tahu bagaimana membuat masa depan kita kaya dan apakah anda? https://2f-2f.de/gotodate/promo', '2022-04-28 09:04:49', '2022-04-28 09:04:49'),
(140, 'HenryKer', 'Seainspired@gmail.com', 'Robot keuangan menjamin stabilitas dan pendapatan semua orang. https://2f-2f.de/gotodate/promo', '2022-04-28 14:11:02', '2022-04-28 14:11:02'),
(141, 'Mike Allford', 'no-replydoottow@gmail.com', 'Hi there \r\n \r\nI have just took a look on your SEO for  secan.id for  the current search visibility and saw that your website could use an upgrade. \r\n \r\nWe will improve your SEO metrics and ranks organically and safely, using only whitehat methods, while providing monthly reports and outstanding support. \r\n \r\nPlease check our plans here, we offer SEO at cheap rates. \r\nhttps://www.hilkom-digital.de/cheap-seo-packages/ \r\n \r\nStart enhancing your sales and leads with us, today! \r\n \r\n \r\nregards \r\nMike Allford\r\n \r\nHilkom Digital Team \r\nsupport@hilkom-digital.de', '2022-04-28 19:10:34', '2022-04-28 19:10:34'),
(142, 'HenryKer', 'paprese05@yahoo.com', 'Hasilkan uang, bukan perang! Robot keuangan adalah apa yang Anda butuhkan. https://2f-2f.de/gotodate/promo', '2022-04-28 19:16:26', '2022-04-28 19:16:26'),
(143, 'HenryKer', 'kurdiesmail@yahoo.com', 'Setiap orang bisa mendapatkan sebanyak yang dia inginkan menggugat Bot ini. https://2f-2f.de/gotodate/promo', '2022-04-29 00:46:48', '2022-04-29 00:46:48'),
(144, 'HenryKer', 'dnitin75@gmail.com', 'Setiap orang bisa mendapatkan sebanyak yang dia inginkan sekarang. https://2f-2f.de/gotodate/promo', '2022-04-29 07:02:24', '2022-04-29 07:02:24'),
(145, 'HenryKer', 'pzeevaert@hotmail.com', 'Tidak perlu khawatir tentang masa depan jika Anda menggunakan robot keuangan ini. https://2f-2f.de/gotodate/promo', '2022-04-29 12:04:05', '2022-04-29 12:04:05'),
(146, 'HenryKer', 'ejames9124@gmail.com', 'Uang Anda bekerja bahkan ketika Anda tidur. https://2f-2f.de/gotodate/promo', '2022-04-29 17:12:04', '2022-04-29 17:12:04'),
(147, 'HenryKer', 's_gadrey@rediffmail.com', 'Robot keuangan adalah alat keuangan paling efektif di Internet! https://2f-2f.de/gotodate/promo', '2022-04-29 22:40:27', '2022-04-29 22:40:27'),
(148, 'HenryKer', 'prince86love@yahoo.com', 'Luncurkan bot keuangan sekarang untuk mulai menghasilkan. https://2f-2f.de/gotodate/promo', '2022-04-30 04:17:48', '2022-04-30 04:17:48'),
(149, 'HenryKer', 'ghjyjyh_@hotmail.com', 'Tidak perlu untuk tetap terjaga sepanjang malam untuk mendapatkan uang. Luncurkan robot. https://2f-2f.de/gotodate/promo', '2022-04-30 09:49:23', '2022-04-30 09:49:23'),
(150, 'HenryKer', 'kinrend@yahoo.com', 'Kebanyakan orang sukses sudah menggunakan Robot. Apakah anda? https://2f-2f.de/gotodate/promo', '2022-04-30 15:07:28', '2022-04-30 15:07:28'),
(151, 'HenryKer', 'enknjwkj@goood-mail.com', 'Bahkan seorang anak tahu cara menghasilkan $ 100 hari ini. https://2f-2f.de/gotodate/promo', '2022-04-30 20:19:38', '2022-04-30 20:19:38'),
(152, 'HenryKer', 'nicky79s@yahoo.com', 'Cara terbaik untuk semua orang yang bergegas untuk kemandirian finansial. https://2f-2f.de/gotodate/promo', '2022-05-01 01:32:57', '2022-05-01 01:32:57'),
(153, 'HenryKer', 'dellydells666@yahoo.com', 'Cobalah robot keuangan terbaik di Internet. https://2f-2f.de/gotodate/promo', '2022-05-01 07:01:15', '2022-05-01 07:01:15'),
(154, 'HenryKer', 'hollywoodhealthservices@yahoo.com', 'Membuat komputer Anda menjadi Anda mendapatkan instrumen. https://2f-2f.de/gotodate/promo', '2022-05-01 12:57:51', '2022-05-01 12:57:51'),
(155, 'HenryKer', 'jameira_7@yahoo.com', 'Robot keuangan online adalah kunci kesuksesan Anda. https://2f-2f.de/gotodate/promo', '2022-05-01 18:30:23', '2022-05-01 18:30:23'),
(156, 'Sonyajef', 'woodthighgire1988@gmail.com', 'Hey tampan! Aku gadis seksi. Siap memenuhi semua fantasimu https://bunnyvv.space/click?o=6&a=1036', '2022-05-01 22:13:54', '2022-05-01 22:13:54'),
(157, 'HenryKer', 'superstaf142@yandex.com', 'Percayai Dolar anda ke Robot dan lihat bagaimana ia tumbuh menjadi $100. https://2f-2f.de/gotodate/promo', '2022-05-02 00:15:07', '2022-05-02 00:15:07'),
(158, 'HenryKer', 'razor_lee@hotmail.com', 'Tidak perlu untuk tetap terjaga sepanjang malam untuk mendapatkan uang. Luncurkan robot. https://2f-2f.de/gotodate/promo', '2022-05-02 05:26:08', '2022-05-02 05:26:08'),
(159, 'HenryKer', 'zvadovakatka@gmail.com', 'Uang, uang! Membuat lebih banyak uang dengan robot keuangan! https://2f-2f.de/gotodate/promo', '2022-05-02 11:02:03', '2022-05-02 11:02:03'),
(160, 'HenryKer', 'big_beegee@yahoo.com', 'Alat investasi Online Terbaik ditemukan. Pelajari lebih lanjut! https://2f-2f.de/gotodate/promo', '2022-05-02 16:40:39', '2022-05-02 16:40:39'),
(161, 'HenryKer', 'pattin_sally1@yahoo.com', 'Cara tercepat untuk membuat dompet Anda tebal ditemukan. https://2f-2f.de/gotodate/promo', '2022-05-02 22:35:50', '2022-05-02 22:35:50'),
(162, 'HenryKer', 'tony@robertober.com', 'Robot tidak pernah tidur. Itu menghasilkan uang untuk Anda 24/7. https://2f-2f.de/gotodate/promo', '2022-05-03 04:25:25', '2022-05-03 04:25:25'),
(163, 'HenryKer', 'Stephany72@yahoo.com', 'Robot adalah cara terbaik bagi semua orang yang mencari kemandirian finansial. https://2f-2f.de/gotodate/promo', '2022-05-03 10:03:48', '2022-05-03 10:03:48'),
(164, 'HenryKer', 'strangq@yahoo.com', 'Robot adalah cara terbaik bagi semua orang yang mencari kemandirian finansial. https://2f-2f.de/gotodate/promo', '2022-05-03 15:07:33', '2022-05-03 15:07:33'),
(165, 'HenryKer', 'rrjcm.my5@gmail.com', 'Luncurkan bot keuangan sekarang untuk mulai menghasilkan. https://2f-2f.de/gotodate/promo', '2022-05-03 20:08:01', '2022-05-03 20:08:01'),
(166, 'HenryKer', 'snv10@comcast.net', 'Ribuan dolar dijamin jika Anda menggunakan robot ini. https://Ker.187sued.de/gotodate/promo', '2022-05-04 01:18:18', '2022-05-04 01:18:18'),
(167, 'HenryKer', 'snarro54@gmail.com', 'Hasilkan $1000 dari $1 dalam beberapa menit. Luncurkan robot keuangan sekarang. https://Ker.187sued.de/gotodate/promo', '2022-05-04 06:28:33', '2022-05-04 06:28:33'),
(168, 'HenryKer', 'almuhaimin16@gmail.com', 'Pelajari cara membuat ratusan punggung setiap hari. https://Ker.187sued.de/gotodate/promo', '2022-05-04 11:39:48', '2022-05-04 11:39:48'),
(169, 'HenryKer', 'GALVAN-MERCEDES@YAHOO.COM', 'Dapatkan uang tambahan tanpa usaha dan keterampilan. https://Ker.187sued.de/gotodate/promo', '2022-05-04 16:43:29', '2022-05-04 16:43:29'),
(170, 'HenryKer', 'thurmondr3@aol.com', 'Robot keuangan adalah kekayaan dan kemandirian masa depan Anda. https://Ker.187sued.de/gotodate/promo', '2022-05-04 21:48:11', '2022-05-04 21:48:11'),
(171, 'fus', 'wk213hhe@icloud.com', 'Hi, this is Jenny. I am sending you my intimate photos as I promised. https://bit.ly/3KCCpjc', '2022-05-04 22:42:32', '2022-05-04 22:42:32'),
(172, 'HenryKer', 'kaysommers@att.net', 'Orang kaya kaya karena mereka menggunakan robot ini. https://Ker.187sued.de/gotodate/promo', '2022-05-05 03:22:35', '2022-05-05 03:22:35'),
(173, 'HenryKer', 'kristen.gaunt@gmail.com', 'Hasilkan Uang di internet menggunakan Bot ini. Ini benar-benar bekerja! https://Ker.187sued.de/gotodate/promo', '2022-05-05 09:02:48', '2022-05-05 09:02:48'),
(174, 'HenryKer', 'sab_kingreaper@yahoo.com', 'Cobalah robot Otomatis untuk terus mendapatkan penghasilan sepanjang hari. https://Ker.187sued.de/gotodate/promo', '2022-05-05 14:36:48', '2022-05-05 14:36:48'),
(175, 'Mike Warren', 'no-replydoottow@gmail.com', 'Hello \r\n \r\nWe all know the importance that dofollow link have on any website`s ranks. \r\nHaving most of your linkbase filled with nofollow ones is of no good for your ranks and SEO metrics. \r\n \r\nBuy quality dofollow links from us, that will impact your ranks in a positive way \r\nhttps://www.digital-x-press.com/product/150-dofollow-backlinks/ \r\n \r\nBest regards \r\nMike Warren\r\n \r\nsupport@digital-x-press.com', '2022-05-05 15:36:48', '2022-05-05 15:36:48'),
(176, 'TerryEcorp', 'walshjames330@gmail.com', 'We offer all kinds of loans - Business Loan / Real Estate Project Financing. \r\n \r\nWe\'re an Investment/Finance firm that specializes in project funding & General financial service offer. Our principal function would assist you in complete financing through our reputable Lending Institute. \r\n \r\nWe are open to having a good business relationship with you. We are currently interested in funding viable businesses, investments or projects in the following areas of interest: \r\n \r\n* Starting up a Franchise \r\n* Business Acquisition \r\n* Business Expansion \r\n* Capital / Infrastructural Project \r\n* Real Estate purchase (fix and flip) \r\n* Contract Execution \r\n* Trade Financing etc. \r\n \r\n- Intermediaries/Consultants/Brokers are welcome to bring their clients and are 100% protected. \r\n \r\nIf you have any questions or want more information about this offer, do not hesitate to contact us. \r\nEmail for communication:   1fundingamericallc@gmail.com', '2022-05-05 16:33:14', '2022-05-05 16:33:14'),
(177, 'HenryKer', 'maskimeri@hotmail.com', 'Menggunakan Robot ini adalah cara terbaik untuk membuat Anda kaya. https://Ker.187sued.de/gotodate/promo', '2022-05-05 20:15:44', '2022-05-05 20:15:44'),
(178, 'HenryKer', 'Julie-bqgt0mb7r6q@checkout.google.com', 'Mencari uang tambahan? Cobalah instrumen keuangan terbaik. https://Ker.187sued.de/gotodate/promo', '2022-05-06 01:57:13', '2022-05-06 01:57:13'),
(179, 'HenryKer', 'swatler85@gmail.com', 'Hanya satu klik dapat mengubah dolar Anda menjadi $ 1000. https://Ker.187sued.de/gotodate/promo', '2022-05-06 07:10:21', '2022-05-06 07:10:21'),
(180, 'HenryKer', 'rcoolfinney@yahoo.com', 'Wow! Robot ini adalah awal yang baik untuk karir online. https://Ker.187sued.de/gotodate/promo', '2022-05-06 12:16:24', '2022-05-06 12:16:24'),
(181, 'HenryKer', 'midwestc2000@yahoo.com', 'Robot keuangan terus membawa Anda uang saat Anda tidur. https://Ker.187sued.de/gotodate/promo', '2022-05-06 17:16:46', '2022-05-06 17:16:46'),
(182, 'HenryKer', 'fidnbv@hotmail.com', 'Butuh uang? Dapatkan di sini dengan mudah? https://Ker.187sued.de/gotodate/promo', '2022-05-06 22:21:08', '2022-05-06 22:21:08'),
(183, 'HenryKer', 'jr_b_45@yahoo.com', 'Orang kaya kaya karena mereka menggunakan robot ini. https://Ker.187sued.de/gotodate/promo', '2022-05-07 03:44:20', '2022-05-07 03:44:20'),
(184, 'HenryKer', 'selectgeo@yahoo.com', 'Check out cara terbaru untuk membuat keuntungan yang fantastis. https://Ker.187sued.de/gotodate/promo', '2022-05-07 09:19:41', '2022-05-07 09:19:41'),
(185, 'HenryKer', 'conorjfletcher@gmail.com', 'Beli semua yang Anda inginkan untuk menghasilkan uang secara online. https://Ker.187sued.de/gotodate/promo', '2022-05-09 18:44:28', '2022-05-09 18:44:28'),
(186, 'Injels', 'b2v1s90j@hotmail.com', 'We have prepared a special offer for you. Take your 500$ https://tinyurl.com/y2svwszj', '2022-05-09 19:39:43', '2022-05-09 19:39:43'),
(187, 'HenryKer', 'da2hunter@verizon.net', 'Kita tahu bagaimana menjadi kaya dan apakah anda? https://Ker.187sued.de/gotodate/promo', '2022-05-09 23:53:47', '2022-05-09 23:53:47'),
(188, 'Mike Oakman', 'no-replydoottow@gmail.com', 'Hello \r\n \r\nThis is Mike Oakman\r\n \r\nLet me introduce to you our latest research results from our constant SEO feedbacks that we have from our plans: \r\n \r\nhttps://www.strictlydigital.net/product/semrush-backlinks/ \r\n \r\nThe new Semrush Backlinks, which will make your secan.id SEO trend have an immediate push. \r\nThe method is actually very simple, we are building links from domains that have a high number of keywords ranking for them.  \r\n \r\nForget about the SEO metrics or any other factors that so many tools try to teach you that is good. The most valuable link is the one that comes from a website that has a healthy trend and lots of ranking keywords. \r\nWe thought about that, so we have built this plan for you \r\n \r\nCheck in detail here: \r\nhttps://www.strictlydigital.net/product/semrush-backlinks/ \r\n \r\nCheap and effective \r\n \r\nTry it anytime soon \r\n \r\n \r\nRegards \r\n \r\nMike Oakman\r\n \r\nmike@strictlydigital.net', '2022-05-10 01:49:04', '2022-05-10 01:49:04'),
(189, 'HenryKer', 'Shyann1252080660@aol.com', 'Biarkan Robot membawa Anda uang saat Anda beristirahat. https://Ker.187sued.de/gotodate/promo', '2022-05-10 05:02:17', '2022-05-10 05:02:17'),
(190, 'HenryKer', 'ringdbell@aol.com', 'Hasilkan uang 24/7 tanpa upaya dan keterampilan apa pun. https://Ker.187sued.de/gotodate/promo', '2022-05-10 10:07:07', '2022-05-10 10:07:07'),
(191, 'HenryKer', 'subsailor19@hotmail.com', 'Hasilkan uang 24/7 tanpa upaya dan keterampilan apa pun. https://Ker.187sued.de/gotodate/promo', '2022-05-10 15:15:28', '2022-05-10 15:15:28'),
(192, 'HenryKer', 'harrisonkmckenna18@gmail.com', 'Tidak memiliki keterampilan keuangan? Biarkan Robot menghasilkan uang untuk anda. https://Ker.187sued.de/gotodate/promo', '2022-05-10 20:20:55', '2022-05-10 20:20:55'),
(193, 'HenryKer', 'grobesjada@yahoo.com', 'Cara tercepat untuk membuat dompet Anda tebal ada di sini. https://Ker.187sued.de/gotodate/promo', '2022-05-11 01:26:00', '2022-05-11 01:26:00'),
(194, 'HenryKer', 'rvijayshenoy@gmail.com', 'Cari tahu tentang cara tercepat untuk kemandirian finansial. https://Ker.187sued.de/gotodate/promo', '2022-05-11 07:12:54', '2022-05-11 07:12:54'),
(195, 'Mike Peacock', 'no-replydoottow@gmail.com', 'Hi there \r\n \r\nDo you want a quick boost in ranks and sales for your website? \r\nHaving a high DA score, always helps \r\n \r\nGet your secan.id to have a DA between 50 to 60 points in Moz with us today and reap the benefits of such a great feat. \r\n \r\nSee our offers here: \r\nhttps://www.monkeydigital.co/product/moz-da50-seo-plan/ \r\n \r\nOn SALE: \r\nhttps://www.monkeydigital.co/product/ahrefs-dr60/ \r\n \r\n \r\nThank you \r\nMike Peacock', '2022-05-11 11:55:05', '2022-05-11 11:55:05'),
(196, 'HenryKer', 'dlv1973@yahoo.com', 'Check out cara terbaru untuk membuat keuntungan yang fantastis. https://Ker.187sued.de/gotodate/promo', '2022-05-11 12:12:37', '2022-05-11 12:12:37'),
(197, 'HenryKer', 'jffoo@gmail.com', 'Tidak punya uang? Sangat mudah untuk mendapatkannya secara online di sini. https://Ker.187sued.de/gotodate/promo', '2022-05-11 17:15:18', '2022-05-11 17:15:18'),
(198, 'HenryKer', 'hannahfullard@yahoo.com', 'Ubah $ 1 menjadi $ 100 secara instan. Gunakan robot keuangan. https://Ker.187sued.de/gotodate/promo', '2022-05-11 22:21:11', '2022-05-11 22:21:11'),
(199, 'fus', '3htujq77@gmail.com', 'Hi, this is Julia. I am sending you my intimate photos as I promised. https://tinyurl.com/yxk7fye5', '2022-05-12 02:39:50', '2022-05-12 02:39:50'),
(200, 'HenryKer', 'jaylaurent@aol.com', 'Tidak perlu lagi mencari pekerjaan. Bekerja online. https://Ker.187sued.de/gotodate/promo', '2022-05-12 03:28:19', '2022-05-12 03:28:19'),
(201, 'HenryKer', 'theresa.ike@oeps.net', 'Lihat alat keuangan baru, yang dapat membuat Anda kaya. https://Ker.187sued.de/gotodate/promo', '2022-05-12 08:54:44', '2022-05-12 08:54:44'),
(202, 'HenryKer', 'andyEtonzibil@gmail.com', 'Cobalah robot Otomatis untuk terus mendapatkan penghasilan sepanjang hari. https://Ker.187sued.de/gotodate/promo', '2022-05-12 13:57:12', '2022-05-12 13:57:12'),
(203, 'HenryKer', 'natmobl@aol.com', 'Penghasilan tambahan untuk semua orang. https://Ker.187sued.de/gotodate/promo', '2022-05-12 19:07:31', '2022-05-12 19:07:31'),
(204, 'HenryKer', 'piki77@gmail.com', 'Cara tercepat untuk membuat dompet Anda tebal ada di sini. https://Ker.187sued.de/gotodate/promo', '2022-05-13 00:33:14', '2022-05-13 00:33:14'),
(205, 'fus', 'ove80k3i@icloud.com', 'Hi, this is Julia. I am sending you my intimate photos as I promised. https://tinyurl.com/y2ldwto5', '2022-05-13 01:30:56', '2022-05-13 01:30:56'),
(206, 'HenryKer', 'robert_gmc_guy@hotmail.com', 'Penghasilan tambahan untuk semua orang. https://Ker.187sued.de/gotodate/promo', '2022-05-13 05:37:16', '2022-05-13 05:37:16'),
(207, 'HenryKer', 'kds@kdsarchitecture.com', 'Satu dolar bukan apa-apa, tetapi bisa tumbuh menjadi $100 di sini. https://Ker.187sued.de/gotodate/promo', '2022-05-13 10:43:09', '2022-05-13 10:43:09'),
(208, 'HenryKer', 'mpyles7892@msn.com', 'Perhatian! Robot keuangan dapat membawa Anda jutaan! https://Ker.187sued.de/gotodate/promo', '2022-05-13 15:46:42', '2022-05-13 15:46:42'),
(209, 'HenryKer', 'ericshanesloan@gmail.com', 'Mencari cara mudah untuk membuat uang? Periksa robot keuangan. https://Ker.187sued.de/gotodate/promo', '2022-05-13 20:53:10', '2022-05-13 20:53:10'),
(210, 'HenryKer', 'marl164@hotmail.com', 'Robot keuangan adalah formula kesuksesan Anda ditemukan. Pelajari lebih lanjut tentang itu. https://Ker.187sued.de/gotodate/promo', '2022-05-14 01:54:57', '2022-05-14 01:54:57'),
(211, 'HenryKer', 'fritzhurst@fritzhurst.com', 'Percayai Bot keuangan untuk menjadi kaya. https://Ker.187sued.de/gotodate/promo', '2022-05-14 06:55:14', '2022-05-14 06:55:14'),
(212, 'HenryKer', 'bigfrosty41@yahoo.com', 'Hasilkan Uang di internet menggunakan Bot ini. Ini benar-benar bekerja! https://Ker.187sued.de/gotodate/promo', '2022-05-17 04:26:59', '2022-05-17 04:26:59'),
(213, 'HenryKer', 'mrettenmeyer@newavenuesrealty.com', 'Pekerjaan online dapat membawa Anda keuntungan yang fantastis. https://Ker.187sued.de/gotodate/promo', '2022-05-17 09:58:13', '2022-05-17 09:58:13'),
(214, 'fus', 'scdu6jf5@yahoo.com', 'Hi, this is Irina. I am sending you my intimate photos as I promised. https://tinyurl.com/y633s3zy', '2022-05-17 11:28:04', '2022-05-17 11:28:04'),
(215, 'Mike', 'no-replydoottow@gmail.com', 'Hello \r\n \r\nWe will enhance your Local Ranks organically and safely, using only whitehat methods, while providing Google maps and website offsite work at the same time. \r\n \r\nPlease check our plans here, we offer Local SEO at cheap rates. \r\nhttps://speed-seo.net/product/local-seo-package/ \r\n \r\nNEW: \r\nhttps://www.speed-seo.net/product/zip-codes-gmaps-citations/ \r\n \r\nregards \r\nMike  \r\nSpeed SEO Digital Agency', '2022-05-17 15:05:23', '2022-05-17 15:05:23'),
(216, 'HenryKer', 'litros68@yahoo.com', 'Robot tidak pernah tidur. Itu menghasilkan uang untuk Anda 24/7. https://Ker.187sued.de/gotodate/link', '2022-05-17 15:11:07', '2022-05-17 15:11:07'),
(217, 'HenryKer', 'emc10912@yahoo.com', 'Hasilkan uang 24/7 tanpa upaya dan keterampilan apa pun. https://Ker.187sued.de/gotodate/link', '2022-05-17 20:41:56', '2022-05-17 20:41:56'),
(218, 'HenryKer', 'kevin.jay19@yahoo.com', 'Jangan khawatir jika Anda dipecat. Bekerja online. https://Ker.187sued.de/gotodate/link', '2022-05-18 02:13:14', '2022-05-18 02:13:14'),
(219, 'HenryKer', 'scun@comcast.net', 'Penghasilan besar tanpa investasi Tersedia. https://Ker.187sued.de/gotodate/link', '2022-05-18 07:21:51', '2022-05-18 07:21:51'),
(220, 'HenryKer', 'nayelimarin35@yahoo.com', 'Luncurkan bot keuangan sekarang untuk mulai menghasilkan. https://Ker.187sued.de/gotodate/link', '2022-05-18 12:25:00', '2022-05-18 12:25:00'),
(221, 'HenryKer', 'bewpje@41113.com', 'Biarkan robot keuangan menjadi teman Anda di pasar keuangan. https://Ker.187sued.de/gotodate/link', '2022-05-18 17:28:59', '2022-05-18 17:28:59'),
(222, 'HenryKer', 'caclout@aol.com', 'Mencari uang tambahan? Cobalah instrumen keuangan terbaik. https://Ker.187sued.de/gotodate/link', '2022-05-18 22:34:18', '2022-05-18 22:34:18'),
(223, 'fus', 'woif6ci5@gmail.com', 'Hi, this is Jenny. I am sending you my intimate photos as I promised. https://tinyurl.com/y22u9x2h', '2022-05-19 01:44:21', '2022-05-19 01:44:21'),
(224, 'HenryKer', 'roe247365@yahoo.com', 'Jadikan diri Anda kaya di masa depan menggunakan robot keuangan ini. https://Ker.bookeat.es/gotodate/promo', '2022-05-19 04:01:12', '2022-05-19 04:01:12'),
(225, 'HenryKer', 'ramirezlesly@rocketmail.com', 'Robot keuangan adalah alat investasi # 1 yang pernah ada. Luncurkan! https://Ker.bookeat.es/gotodate/promo', '2022-05-19 09:05:12', '2022-05-19 09:05:12'),
(226, 'HenryKer', 'dinkynewlands@aol.com', 'Perhatian! Robot keuangan dapat membawa Anda jutaan! https://Ker.bookeat.es/gotodate/promo', '2022-05-19 14:17:10', '2022-05-19 14:17:10'),
(227, 'HenryKer', 'prl_pierce@yahoo.com', 'Pekerjaan online dapat membawa Anda keuntungan yang fantastis. https://Ker.bookeat.es/gotodate/promo', '2022-05-19 19:22:19', '2022-05-19 19:22:19'),
(228, 'HenryKer', 'mauro_mrn@live.com', 'Membuat uang secara online, tinggal di rumah musim dingin ini. https://Ker.bookeat.es/gotodate/promo', '2022-05-20 00:25:28', '2022-05-20 00:25:28'),
(229, 'HenryKer', 'ErinSjostrom@gmail.com', 'Bot Online akan memberi Anda kekayaan dan kepuasan. https://Ker.bookeat.es/gotodate/promo', '2022-05-20 05:27:59', '2022-05-20 05:27:59'),
(230, 'HenryKer', 'sweetpea9696@gmail.com', 'Perhatian! Robot keuangan dapat membawa Anda jutaan! https://Ker.bookeat.es/gotodate/promo', '2022-05-23 00:43:53', '2022-05-23 00:43:53'),
(231, 'ArnulfoFup', 'traderservicesgroup@mail.ru', 'Hello, Madam or Sir, how are you? \r\n \r\nMy name is DINAS SOPHIE of French nationality but currently I am hospitalized in France. \r\n \r\nIndeed I have been suffering from throat cancer for 3 years which condemns me to death, I lost my husband and my daughter in a car accident 6 years ago and since that day I have not been able to recover, before the death of my husband we have a project of Manufacturing and importing olive oil but after this tragedy I could not do it, so I sold our goods because I was not more able to manage them on this I had to make donations to orphanages and to certain companies in addition I want a responsible person to benefit from my property, a sum of €350,000 so that the person can carry out my project and then use it as an inheritance because it is yours by right. \r\n \r\nThis is why I have come to you so that you can benefit from my goods. \r\n \r\nPlease contact me by: dinassophie@gmail.com', '2022-05-23 02:31:13', '2022-05-23 02:31:13'),
(232, 'HenryKer', 'alexl406@gmail.com', 'Robot adalah solusi terbaik untuk semua orang yang ingin mendapatkan. https://Ker.bookeat.es/gotodate/promo', '2022-05-23 06:32:28', '2022-05-23 06:32:28'),
(233, 'HenryKer', 'cliff_nfl1@yahoo.com', 'Butuh uang? Dapatkan di sini dengan mudah? https://Ker.bookeat.es/gotodate/promotion', '2022-05-23 12:06:23', '2022-05-23 12:06:23'),
(234, 'HenryKer', 'sfidc25@yahoo.com', 'Hasilkan uang 24/7 tanpa upaya dan keterampilan apa pun. https://Ker.bookeat.es/gotodate/promotion', '2022-05-23 13:53:35', '2022-05-23 13:53:35'),
(235, 'HenryKer', 'jaslugger@yahoo.com', 'Cara tercepat untuk membuat dompet Anda tebal ada di sini. https://Ker.bookeat.es/gotodate/promotion', '2022-05-23 15:50:44', '2022-05-23 15:50:44'),
(236, 'nym1374345tetcher', 'apwzeuca42yz@snapmail.ru', 'mks1374345utr 2fqIOgq mKxK 1F3r5Xn', '2022-05-23 16:38:38', '2022-05-23 16:38:38'),
(237, 'HenryKer', 'tjccc1999@yahoo.com', 'Ini adalah waktu terbaik untuk meluncurkan Robot untuk mendapatkan lebih banyak uang. https://Ker.bookeat.es/gotodate/promotion', '2022-05-23 17:11:40', '2022-05-23 17:11:40'),
(238, 'HenryKer', 'ten10_10ten@hotmail.com', 'Kita tahu bagaimana membuat masa depan kita kaya dan apakah anda? https://Ker.bookeat.es/gotodate/promotion', '2022-05-23 22:17:35', '2022-05-23 22:17:35');

-- --------------------------------------------------------

--
-- Table structure for table `doctor`
--

CREATE TABLE `doctor` (
  `id` int(10) NOT NULL,
  `foto` varchar(150) DEFAULT NULL,
  `fullname` varchar(70) NOT NULL,
  `location` varchar(50) DEFAULT NULL,
  `longitude` varchar(100) DEFAULT NULL,
  `latitude` varchar(100) DEFAULT NULL,
  `address` text,
  `phone_number` varchar(50) DEFAULT NULL,
  `created_at` timestamp NULL DEFAULT NULL,
  `updated_at` datetime DEFAULT NULL,
  `category_id` int(10) DEFAULT NULL
) ENGINE=MyISAM DEFAULT CHARSET=latin1;

--
-- Dumping data for table `doctor`
--

INSERT INTO `doctor` (`id`, `foto`, `fullname`, `location`, `longitude`, `latitude`, `address`, `phone_number`, `created_at`, `updated_at`, `category_id`) VALUES
(6, 'dr_dina_201_x_217.jpg', 'dr Dina Oktaviani', 'Jakarta Barat', '106.7552682', '-6.2233531', 'Klinik Dermaglam, Skin & Body Care \nJalan Taman Alfa Indah Blok J3 Nomor 36, RT 001/RW 007, Joglo, Kembangan, Jakarta Barat, DKI Jakarta.\n\nCabang\n\nDermaglam Maternity & Women’s Aesthetic Clinic Pantai Indah Kapuk (RSIA Grand Family)\nJalan Pantai Indah Selatan Nomor 1, RT 003/RW 003, Kamal Utara, Penjaringan, Jakarta Utara, DKI Jakarta. \n0818270812\n\nDermaglam Skin & Body Care Bengkulu\nJalan Mangga Raya, Nomor 18, RT 17/RW 18, Lingkar Timur, Kota Bengkulu. \n08117316588\n\nPraktik Pribadi dr Dina\nKota Wisata Cibubur, Cluster San Fransisco, Blok Q4 Nomor 34, Gunung Putri, Ciangsana, Kabupaten Bogor, Jawa Barat. 081788092372', '0817270812', '2021-03-29 21:45:54', '2021-03-30 04:46:24', 1),
(5, 'dr_holly_potrait_ok_cek_2.png', 'dr Holly Permatasari', 'Jakarta Selatan', '106.797845', '-6.252599', '8th Avenue Private Skin Clinic\nJalan Panglima Polim V Nomor 62, RT 1/RW 7, Melawai, Kecamatan Kebayoran Baru, Jakarta Selatan, Daerah Khusus Ibukota Jakarta 12160.\n087878533787\n\nLab8 Private Skin Clinic\nRuko Paramount Spark C Nomor 17\nGading Serpong, Tangerang Selatan\n021-54214233, 082312289526', '087878533787', '2021-03-29 21:37:34', '2021-03-30 04:37:50', 1),
(7, 'foto_artikel_201_x_217.jpg', 'dr Johana Fitriani', 'Cikarang Utara', '107.1772216', '-6.2790263', 'Klinik Pratama dr JO\nRuko Trace B18 Nomor 36-37 Simpangan\nJalan Cipto Mangunkusumo, Cikarang Utara, Kabupaten Bekasi, Jawa Barat. \n0817270812, 021-89325710\n\nKlinik Kecantikan dr JO\nJalan Duta Bumi 2D Nomor 25, Pejuang, Medan Satria, Kota Bekasi, Jawa Barat. \n08119890361, 021-88981241', '0817270812', '2021-03-29 21:52:01', NULL, 1),
(8, 'dr_ineke_201_x_217.jpg', 'dr Ineke Winda Ferianasari', 'Cikarang Utara', '107.1767147', '-6.2799739', 'Cikarang Skin Center \nRuko Cortes B21/28 Jababeka Cikarang, Simpangan, Kecamatan Cikarang Utara, Kabupaten Bekasi, Jawa Barat. \n085282820330\n\nCabang\n\nCikarang Skin Center. \nRuko La Fenza R4 no 23 Cifest, Jalan Villa Mutiara, Ciantra, Cikarang Selatan, Kabupaten Bekasi, Jawa Barat. \n085210124169  \n\nCikarang Skin Center\nSentra Grosir Cikarang (SGC) Mal, lantai ground 129-130 zona biru sebelah lift, KFC, Cikarang Kota, Kecamatan Cikarang Utara, Kabupaten Bekasi, Jawa Barat. \n082246622513\n\nRumah Cantik dr Ineke SpKK Mega Regency\nRuko Meganiaga, Jl. Mega Raya No.14, Sukasari, Kecamatan Serang Baru, Kabupaten Bekasi, Jawa Barat. \n081316111345\n\nCikarang Skin Center\nRuko Villa Kencana blok H 1 No. 35, Karang Bahagia, Kabupaten Bekasi, Jawa Barat. \n085717494663\n\nRumah Cantik \nPuri Nirwana Blok KA.18 Sukaraya Karangbahagia\nPilar, Cikarang, Kabupaten Bekasi, Jawa Barat. \n085717494665\n\nRumah Tampan\nRuko Cortes Nomor 33 Jababeka Cikarang Utara, Kabupaten Bekasi, Jawa Barat.', '085282820330', '2021-03-29 22:02:17', '2021-03-30 05:10:45', 1),
(9, 'dr_ellis_201_x_217.jpg', 'dr Ellis Zarni Dewi', 'Kota Bekasi', '107.0048953', '-6.2271257', 'Ellis Estetika Pengasinan\nJalan Pengasinan Raya Nomor 49, RT/RW: 01/01, Kecamatan Rawalumbu, Kota Bekasi, Jawa Barat.\n085100259504\n\nCabang\n\nEllis Estetika\nJalan Baru Underpass Nomor 8-9, Duren Jaya, Kecamatan Bekasi Timur, Jawa Barat. \n082110497318\n\nEllis Estetika Cabang Mustikasari\nJalan Cipete Raya Nomor 19, RT/RW: 05/01, Mustikasari, Kecamatan Mustika Jaya, Kota Bekasi, Jawa Barat. \n081317142574\n\nEllis Estetika Cabang Kalimalang\nJalan KH. Noer Ali Nomor 109, RT/RW: 008/005, Kayuringin Jaya, Bekasi Selatan, Jawa Barat. \n085100218114\n\nEllis Estetika Pondok Timur \nRuko Graha Bekasi Timur, Jalan Raya Pondok Timur Indah Nomor 01, RT/RW: 002/019, Pengasinan, Kecamatan Rawa Lumbu, Kota Bekasi, Jawa Barat.\n085105370665\n\nEllis Estetika Cabang Tambun\nJalan Inspeksi Kalimalang, Ruko Sentra Niaga Kalimas Blok B Nomor 38, Kecamatan Tambun Selatan, Kabupaten Bekasi, Jawa Barat.\n085105510005\n\nEllis Estetika Summarecon\nJalan Boulevard Selatan Ruko Emerald UA-50 Summarecon, Kecamatan Bekasi Utara, Kota Bekasi, Jawa Barat. \n085215210833\n\nEllis Estetika Banda Aceh\nJalan Teuku Nyak Arief Nomor 335, Jeulingke, Kecamatan Syiah Kuala, Banda Aceh, Aceh. \n08116858565\n\nEllis Estetika Cabang Medan\nJalan Asrama Nomor 28 Sei Sikambing C. II, Kecamatan Medan Helvetia, Kota Medan, Sumatera Utara.\n08116800664', '085215210833', '2021-03-29 22:53:45', '2021-03-30 06:03:16', 1),
(10, 'dr_gaby_syerly.png', 'dr Gaby Syerly', 'Jakarta Pusat', '106.8291518', '-6.187533', 'WH47, Jalan KH. Wahid Hasyim No.47, RT.1/RW.4, Gondangdia, Kecamatan Menteng, Kota Jakarta Pusat, Daerah Khusus Ibukota Jakarta', '081807000683', '2021-04-05 04:01:23', NULL, 1),
(11, 'dr_rizki_201_x_217.png', 'dr Rizki Citra Mulia, Sp.Dv', 'Kota Bekasi', '106.97063', '-6.2713404', 'Jalan Lotus Utara, Ruko RSOB Nomor 15, RT 004/RW 019\nJaka Setia, Bekasi Selatan, Kota Bekasi, Jawa Barat.\nTelp: 021-82750008', '08111255596', '2021-04-19 00:03:32', '2021-04-20 04:22:54', 1),
(12, 'dr_tasa_201_x_217.png', 'dr Tasa Tammya', 'Kota Bandung', '107.6035623', '-6.9411393', 'Jalan Kurdi Barat 1, Inhoftank Nomor 33A\nKelurahan Pelindung Hewan, Kecamatan Astana Anyar, Kota Bandung, Jawa Barat.', '0811237155', '2021-04-19 21:22:23', '2021-04-20 04:23:04', 1),
(13, 'dr_farina_201_x_217.png', 'dr Farina, M. Biomed (AAM)', 'Karawang', '107.293122', '-6.308018', 'Jalan Kertabumi Nomor 23, Karawang Barat, Kabupaten Karawang, Jawa Barat.', '081285533556', '2021-04-21 02:13:15', '2021-04-26 06:09:59', 1),
(14, 'dr_gesha_201_x_217.png', 'dr Gesha Kautzar Putri', 'Jakarta Selatan', '106.7895438', '-6.2584458', 'Jalan Radio Dalam Raya Nomor 44 B, Gandaria Utara, Kebayoran Baru, Jakarta Selatan.', '081381157300', '2021-04-21 02:20:48', '2021-05-10 08:56:23', 1),
(15, 'dr_handy_201_x_217.png', 'dr Handy', 'Kota Bandung', '107.6318949', '6.9467503', 'Jalan Buah Batu Nomor 298 B, Kota Bandung, Jawa Barat.\nTelp: 022-73515545.', '081313235368', '2021-05-04 01:31:03', NULL, 1),
(16, 'dr_agusmawi_201_x_217.png', 'dr Agusmawi', 'Jakarta Pusat', '106.8309019', '-6.144146', 'Klinik Pandawa\nGedung Baja Tower B Nomor GF 2\nJalan Pengeran Jayakarta 55, Jakarta Pusat.\nTelp: 021-62313337', '082111410672', '2021-05-17 03:12:44', '2021-06-16 08:30:25', 1),
(17, 'dr_ekles_201_x_217.png', 'dr Eklendro Senduk (dr Ekles), D.AAAM, M.Ks', 'Jakarta Utara', '106.9018754', '-6.1656245!4', 'Ekles Clinic\nJalan Boulevard Raya Blok WA II Nomor 1-2\nKelapa Gading Jakarta Utara, DKI Jakarta.', '08119522990', '2021-05-30 10:27:24', NULL, 1),
(18, 'dr_christian-__201_x_217.png', 'dr Christian J.E. Chandra, Dipl. AAAM', 'Tangerang Selatan', '106.6474693', '-6.2414536', 'Jevon Institute dan Jevon Aesthetic Clinic \n\n1. Manado\nJalan Korengkeng Nomor 10\nKecamatan Wenang, Manado\nHp: 082194126694, Telp: 0431-848693\n\n2. Ternate\nJalan Mangga Dua Raya Nomor 680\nChicken Mart (depan Toko Tani Satwa)\nHp: 081273120071\n\n3. Kotamobagu\nJalan Siliwangi Nomor 67\nKotobangon, Kotamobagu, Sulawesi Utara\nHp: 085256294456', '082332760016', '2021-06-16 01:25:11', '2021-06-17 03:34:32', 1),
(19, 'dr_luman_201_x_217.png', 'dr. Luman, M.Gizi', 'Tangerang', '106.5961516', '-6.217083', 'Jalan Danau Ranau 2, Blok 2, Nomor 7, Tangerang, Banten.', '087788136942', '2021-07-22 21:42:29', NULL, 2),
(20, 'damel_201_x_217.png', 'Damel Syafitri', 'Kota Bekasi', '106.9712859', '-6.263567', 'Taman Galaxy Lantai 2, Blok FE, Jalan Pulo Sirih Bar. Raya No.448, RT.002/RW.015, Jaka Setia, Bekasi Selatan, Kota Bekasi, Jawa Barat 17147', '087883620832', '2021-09-13 00:11:20', NULL, 2),
(21, 'dr_dina-201_x_217.png', 'dr. Dina Udayani Swadeshi, SpKK', 'Karawang', '107.2988155', '-6.3058645', 'Jalan Rk Sastra Kusuma Nomor 14, Nagasari,\nKarawang Barat, Kabupaten Karawang,\nJawa Barat, 41312', '087804037770', '2021-09-20 02:02:48', '2021-09-20 09:26:08', 1),
(22, 'zikky_ketua_sejati_201_x_217.png', 'Zikky Hermansyah', 'Jakarta Timur', '106.8732636', '-6.3603921', 'Jl. Baaburroyyan III\nRT 12/RW 10, Nomor 2A, Cibubur, Ciracas, Jakarta Timur, DKI Jakarta', '08170800007', '2021-09-28 20:49:23', NULL, 2),
(23, 'anggun_201_x_217.png', 'Anggun Fajarwati', 'Tangerang Selatan', '106.649891', '-6.245063', 'Alam Sutera Sports Center: Pondok Jagung Timur, Serpong Utara, Kota Tangerang Selatan, Banten.', '081310985834', '2021-10-14 00:51:12', NULL, 2),
(24, 'dr_rizky_201_x_217.png', 'dr. Rizki Rahmania Ramdhani, M. Biomed (AAM)', 'Surabaya', '112.73585', '-7.223297', 'Jalan Kelantan Nomor 42, Perak Tim., Pabean Cantian, Kota Surabaya, Jawa Timur. HP/WA: 0813 3500 8484', '0813355008181', '2021-11-02 21:56:42', '2021-11-03 06:31:14', 1),
(25, 'dr_inna-_201_x_217.png', 'dr. Inna Milkie Amnun Istauva', 'Malang', '112.5679122', '-8.1160432', 'Perum. Dilem Inside, Jalan Bromo, RT 08/RW 02, Lemah Duwur, Dilem, Kepanjen, Malang, Jawa Timur.', '081230242004', '2021-11-09 02:13:54', '2021-11-09 10:10:58', 1),
(26, 'dr_ary_201_x_217.png', 'dr. Ary Widhyasti Bandem, M.Kes, Sp.KK, FINSDV, FAADV', 'Surabaya', '112.7701138', '-7.2667209', 'Jalan Mayjen Prof. Dr. Moestopo Nomor 175, Mojo, Gubeng, Surabaya, Jawa Timur', '082261229595', '2021-11-15 21:47:34', NULL, 1),
(27, 'dr_stefani-201_x_217.png', 'dr. Stefani Nurhadi, M.Biomed, Sp.KK', 'Surabaya', '112.6901711', '-7.2935422', 'Jalan Golf Famili Timur I Blok E-77\nPradahkalikendal, Dukuhpakis,\nSurabaya, Jawa Timur', '081252097710', '2021-11-18 20:47:59', '2021-11-19 03:48:34', 1),
(28, 'dr_novaria_201_x_217.png', 'dr. Novaria Sonata', 'Serang', '106.1699814', '-6.1358798', 'Jalan Ki Ajurum Nomor 6, RT. 1/RW. 6, Cipocok Jaya, \nCipocok Jaya, Serang, Banten', '085939826985', '2021-11-22 03:20:47', NULL, 1),
(29, 'dr_farhani-_201_x_217.png', 'dr. Farhani Alhabsy', 'Banjarmasin', '114.608391', '-3.3012456', '6 N, Kav, Jl. Pangeran Hidayatullah,\nSungai Jingah, Banjarmasin Utara,\nKota Banjarmasin, Kalimantan Selatan', '081210000487', '2021-11-25 01:37:23', NULL, 1),
(30, 'dr_leni_201_x_217.png', 'dr. Leni Kumalasari, Dipl.AAAM', 'Surabaya', '112.6867571', '-7.2832138', 'Jalan Mayjen HR. Muhammad 177D & 177G\nPradahkalikendal, Dukuhpakis, Surabaya, Jawa Timur.', '08113399189', '2021-11-26 00:47:43', NULL, 1),
(31, 'dr_devina_201_x_217.png', 'dr. Devina Ekalia, dipl. AAAM', 'Banjarmasin', '114.5946239', '-3.3177497', 'Jalan Simp. Kapt. Piere Tedean Nomor 38, Gadang, Banjarmasin Tengah, Banjarmasin, Kalimantan Selatan', '089676790888', '2021-12-06 03:18:12', NULL, 1),
(32, 'dr_ayu_widya-_201_x_217.png', 'dr. Ayu Widyaningrum, MM, Master of AAAM', 'Banjarmasin', '114.6339499', '-3.3526048', 'Jalan Mahligai Nomor 21, Pemurus Luar, Kertak Hanyar, Banjar, Kalimantan Selatan.', '085251919444', '2021-12-07 03:06:19', NULL, 1),
(33, 'dr_devy_201_x_217.png', 'dr. Devy, Dipl. AAAM', 'Banjarmasin', '114.6152343', '-3.3101315', 'Benua Anyar, Banjarmasin Timur,\nBanjarmasin, Kalimantan Selatan', '081388887976', '2021-12-13 00:09:03', NULL, 1),
(34, 'dr_lodfy-_201_x_217.png', 'dr. Loudfy Eka Widyawati, M. Biomed (AAM)', 'Banjarmasin', '114.6099231', '-3.3343377', 'Jalan Lkr. Dalam Selatan Nomor 8, RT.30, Pekapuran Raya, Banjarmasin Timur, Banjarmasin, Kalimantan Selatan.', '085100282283', '2021-12-20 01:09:13', NULL, 1),
(35, 'dr_dina_201_x_217.png', 'dr. Dina Aulia Insani Sp.GK', 'Banjarmasin', '114.5842272', '-3.3176956', 'Jalan Kinibalu Nomor 35, Tlk. Dalam, Banjarmasin Tengah, Banjarmasin, Kalimantan Selatan', '0811505244', '2021-12-22 22:08:31', NULL, 1),
(36, 'dr_erika_201_x_217.png', 'dr. Erika Dewi Essary, Sp.DV', 'Banjarmasin', '114.5842272', '-3.3176956', 'Jalan Kinibalu Nomor 35, Tlk. Dalam, Banjarmasin Tengah, Banjarmasin, Kalimantan Selatan', '08115044524', '2021-12-22 22:47:08', NULL, 1),
(37, 'dr_nanang-_201_x_217.png', 'Dr. Nanang Miftah Fajari, Sp.PD-KEMD', 'Banjarbaru', '114.8404913', '-3.4392469', 'Jalan Panglima Batur Nomor 42, Loktabat Utara, Banjarbaru Utara, Banjar Baru, Kalimantan Selatan', '05116749272', '2021-12-24 01:02:00', NULL, 2),
(38, 'pak_rahmat_201_x_217.png', 'Rahmat', 'Jakarta Pusat', '106.8318093', '-6.1658649', 'Jalan Pintu Air Raya, Nomor 28, RT 006/RW 001, Pasar Baru, Sawah Besar, Jakarta Pusat, DKI Jakarta.', '089607038395', '2021-12-28 02:43:47', NULL, 2),
(39, 'dr_naz_201_x_217.png', 'dr. Hasrul Nazar, Dipl. AAAM, Akp', 'Banjarmasin', '114.6102319', '-3.3224217', 'Jalan Manggis Nomor 19A, RT 17/RW 02, Kuripan, Banjarmasin Timur, Banjarmasin, Kalimantan Selatan.', '082150277677', '2021-12-30 21:00:39', NULL, 1),
(40, 'bluezone-201_x_217.png', 'Rachelyn Tanu, Registered Dietitian from Stanford Healthcare Hospital', 'Tangerang Selatan', '106.8077101', '-6.2365826', 'Jalan Gunawarman, Nomor 51,\r\nKebayoran Baru, Jakarta Selatan.', '085958052814', '2022-01-05 02:08:45', '2022-02-03 04:31:59', 2),
(41, 'liliana_-201_x_217.png', 'dr. Liliana Santoso', 'Banjarmasin', '114.58505', '-3.3237428', 'Jalan Kacapiring III Nomor 15, Kertak Baru Ilir, Banjarmasin Tengah, Banjarmasin, Kalimantan Selatan.', '081258866676', '2022-01-28 01:13:16', NULL, 1),
(42, 'dokter_johana_fitriani.png', 'dr. Johana Fitriani, M. Farm', 'Bekasi', '106.9871507', '-6.1893201', 'Perum. Duta Bumi II, Jalan Pejuang Harapan Indah, Blok D Nomor 25, RT. 004/RW. 029, Pejuang, Medan Satria, Kota Bekasi, Jawa Barat.', '08119890361', '2022-02-02 22:13:09', NULL, 1),
(43, 'dr_dina_201_x_217.jpg', 'dr Dina Oktaviani, M. Biomed (AAM)', 'Jakarta Barat', '106.7544003', '-6.2239248', 'Jalan Taman Alfa Indah Blok J3 Nomor 36, RT 001/RW 007, Joglo, Kembangan, Jakarta Barat, DKI Jakarta.', '0817270812', '2022-02-03 00:09:36', NULL, 1),
(44, 'dr_vina_dwiana_safitri-201_x_217.png', 'dr. Vina Dwiana Savitri, Sp.KK, FINSDV, FAADV', 'Banjarmasin', '114.584565', '-3.3195245', 'Jalan Kinibalu Nomor 8, RT. 38, Tlk. Dalam, Banjarmasin Tengah, Kota Banjarmasin, Kalimantan Selatan.', '087815597469', '2022-02-03 01:11:40', '2022-02-03 08:12:47', 1),
(45, 'vegetus_vegetarian_201_x_217.png', 'Bravo Wita', 'Jakarta Utara', '106.7830137', '-6.1225386', 'Jalan Pluit Karang Timur, Blok O-8 Timur Nomor 38-39, RT. 5/RW. 14, Pluit, Penjaringan, Jakarta Utara, Daerah Khusus Ibukota Jakarta.', '085311419021', '2022-02-03 01:44:09', '2022-02-03 09:10:09', 2),
(46, 'dr_venny_201_x_217.png', 'dr. Venny Wijaya, M. Biomed (AAM)', 'Jakarta Utara', '106.9098525', '-6.1629402', 'Jalan Boulevard Timur Blok NC1 Nomor 52, Kelapa Gading Timur, Kelapa Gading, Jakarta Utara, DKI Jakarta', '085886255738', '2022-02-14 22:13:28', NULL, 1),
(47, 'jeha_201_x_217.png', 'dr. Gemala Jasa Harsyani', 'Bekasi', '107.1603733', '-6.2364532', 'Jalan Sukamantri, Desa Sukaraya Nomor 99, RT 05/RW02, Cikarang Utara, Kabupaten Bekasi, Jawa Barat', '085755667890', '2022-02-22 21:36:08', NULL, 1),
(48, 'dr_dedy_201_x_217.png', 'dr. Dedy Chandra', 'Jakarta Timur', '106.9049195', '-6.2210723', 'Jalan Dermaga Raya Nomor 46, RT 7/RW 16, Klender, Duren Sawit, Jakarta Timur, DKI Jakarta', '08111211616', '2022-03-01 01:26:48', NULL, 1),
(49, 'jeha_201_x_217.png', 'dr. Gemala Jasa Harsyani', 'Bekasi', '107.1603733', '-6.2364532', 'Jalan Sukamantri, Desa Sukaraya Nomor 99, RT 05/RW02, Cikarang Utara, Kabupaten Bekasi, Jawa Barat.', '085755667890', '2022-03-24 02:38:09', NULL, 1),
(50, 'dr._maya_201_x_217.png', 'dr. Maya Safriana Lubis, AIFO-K', 'Medan', '3.6072257', '98.6643534', 'Jalan T. Amir Hamzah Nomor 8A, Sei Agul, Medan Barat, Kota Medan, Sumatera Utara', '081366635073', '2022-04-03 23:54:46', NULL, 1),
(51, 'imelda_201_x_217.png', 'dr. Imelda, AAAM (USA), M. Biomed (AAM), M.H, MKM', 'Medan', '3.5814595', '98.657772', 'Jalan K.H. Wahid Hasyim Nomor 60 A, Babura, Medan Baru, Kota Medan, Sumatera Utara.', '08116335338', '2022-04-11 01:08:25', NULL, 1),
(52, 'skateboarding_201_x_217.png', 'Anthony Adam', 'Tangerang', '106.6537598', '-6.3101424', 'BSD City, Jalan Damai Foresta, Sampora, Cisauk, Tangerang, Banten', '081210046263', '2022-04-11 02:01:39', NULL, 2),
(53, 'ramdani_murtadho_201_x_217.png', 'Ramdani Murtadho', 'Jakarta Selatan', '106.7890587', '-6.241369', 'Pasar Taman Puring, Daerah Khusus Ibukota Jakarta.', '081299306324', '2022-04-19 01:02:57', NULL, 2),
(54, 'dr._sweeta_201_x_217.png', 'dr. Sweeta Isabel B. Situmeang', 'Medan', '98.6539539', '3.5757792', 'Jalan Sei Belutu 1 Nomor 8A, Merdeka, Medan Baru, Medan, Sumatera Utara', '081377363688', '2022-04-20 01:06:46', NULL, 1),
(55, 'pound_fit_201_x_217.png', 'Belinda Rena Bachtiar', 'Jakarta Selatan', '106.7950229', '-6.304598', 'One Belpark Mall\r\nJalan Rumah Sakit Fatmawati Raya Nomor 1, RW 001, Pondok Labu, Cilandak, Jakarta Selatan.', '082112773366', '2022-04-25 23:01:18', NULL, 2),
(56, 'dr._maya_201_x_217.png', 'dr. Maya Safriana Lubis, AIFO-K', 'Medan', '3.5963224', '98.6275976', 'Jalan T. Amir Hamzah Nomor 8A, Sei Agul, Medan Barat, Medan, Sumatera Utara.', '081366635073', '2022-04-27 00:58:38', NULL, 1),
(57, 'nym_201_x_217.png', 'dr. Muna Soraya Putri, M.Biomed (AAM)', 'Medan', '3.5570579', '98.6265812', 'Jalan Ring Road Nomor 46, Tj. Sari, Medan Selayang, Kota Medan, Sumatera Utara.', '082273973030', '2022-05-23 03:27:48', NULL, 1);

-- --------------------------------------------------------

--
-- Table structure for table `doctor_information`
--

CREATE TABLE `doctor_information` (
  `id` int(11) NOT NULL,
  `doctor_id` int(11) NOT NULL,
  `locale` varchar(2) NOT NULL,
  `description` text,
  `created_at` timestamp NULL DEFAULT NULL,
  `updated_at` datetime DEFAULT NULL
) ENGINE=InnoDB DEFAULT CHARSET=utf8;

--
-- Dumping data for table `doctor_information`
--

INSERT INTO `doctor_information` (`id`, `doctor_id`, `locale`, `description`, `created_at`, `updated_at`) VALUES
(31, 11, 'id', 'dr Rizki Citra Mulia, Sp.Dv adalah dokter kulit dan kelamin yang berpraktik di Klinik Derven Dermatology, Kota Bekasi, Jawa Barat. Dia selalu melayani para pasiennya dengan baik.\n\nPerempuan tersebut meraih gelar kedokterannya setelah lulus dari Universitas Hasanuddin (Unhas) pada tahun 2020, Program Studi Spesialis Kulit dan Kelamin.', '2021-04-19 21:22:54', '2021-04-20 04:22:54'),
(32, 11, 'en', '', '2021-04-19 21:22:54', '2021-04-20 04:22:54'),
(33, 12, 'id', 'dr Tasa Tammya adalah dokter kecantikan yang berpraktik di J-Glow Aesthetic Clinic, Kota Bandung, Jawa Barat. Dalam memberikan pelayanan kepada setiap pasiennya, dr Tasa selalu melayaninya dengan baik.\n\nPerempuan tersebut meraih gelar kedokterannya setelah lulus dari Universitas Islam Bandung (Unisba) pada tahun 2013,', '2021-04-19 21:23:04', '2021-04-20 04:23:04'),
(34, 12, 'en', '', '2021-04-19 21:23:04', '2021-04-20 04:23:04'),
(39, 13, 'id', 'dr Farina, M. Biomed (AAM) adalah Konsultan Anti-Aging & Aesthetic dari Farina Beauty Clinic. Dia juga merupakan pemilik 13 cabang Farina Beauty Clinic yang tersebar di Jakarta, Cikarang, Karawang, Bekasi, Purwakarta, Subang, dan Majalengka.\n\ndr Farina selalu menerapkan kepada seluruh karyawannya untuk selalu memberikan pelayanan yang terbaik bagi setiap pelanggannya.', '2021-04-25 23:09:59', '2021-04-26 06:09:59'),
(40, 13, 'en', '', '2021-04-25 23:09:59', '2021-04-26 06:09:59'),
(41, 15, 'id', 'dr Handy adalah dokter kecantikan yang berpraktik di MD Clinic, Buah Batu, Kota Bandung, Jawa Barat. Pria ini selalu memberikan pelayanan yang terbaik kepada setiap pasiennya.\n\nDokter Handy berharap bagi wanita Indonesia yang ingin tampil cantik dengan kulit yang diidamkan harus melakukan perawatan melalui dokter yang ahli di bidangnya.', '2021-05-04 01:31:03', '2021-05-04 08:31:03'),
(42, 15, 'en', '', '2021-05-04 01:31:03', '2021-05-04 08:31:03'),
(43, 14, 'id', 'dr Gesha Kautzar Putri, M. Biomed (AAM) merupakan dokter estetika di Elite Clinic yang berada di Jakarta Selatan, DKI Jakarta. Perempuan ini meraih gelar S2 Kedokteran Anti Penuaan (Anti-Aging Medicine) di Universitas Udayana, Bali (2016-2018).\n\nDengan keahlian dan pengalaman yang dimilikinya, dr Gesha selalu memberikan pelayanan terbaik agar setiap pasiennya terpuaskan saat berkonsultasi ataupun melakukan treatment di tempatnya membuka praktik.', '2021-05-10 01:56:23', '2021-05-10 08:56:23'),
(44, 14, 'en', '', '2021-05-10 01:56:23', '2021-05-10 08:56:23'),
(47, 17, 'id', 'dr Eklendro Senduk (dr Ekles), D.AAAM, M.Ks adalah dokter yang berpraktik di Ekles Clinic. Selain kesibukannya menjadi dokter, pria kelahiran Manado, 7 Juni 1984 ini, juga hobi menyanyi.\n\nSetelah lulus Kedokteran Umum di Universitas Sam Ratulangi (Unsrat), dia melanjutkan studi di American Academy of Aesthetic Medicine. Lalu dia kembali mengikuti master class injeksi botoks dan filler di Universitas chulalongkorn Thailand dan European Academy of Dermatology and Venereology.', '2021-05-30 10:27:24', '2021-05-30 17:27:24'),
(48, 17, 'en', '', '2021-05-30 10:27:24', '2021-05-30 17:27:24'),
(51, 16, 'id', 'dr Agusmawi adalah dokter yang berpraktik di Klinik Pandawa, Jakarta Pusat, DKI Jakarta. Di klinik spesialis kulit dan kelamin tersebut, dr Agusmawi selalu berusaha memberikan pelayanan terbaik kepada setiap pasiennya.\n\nDia meraih gelar kedokterannya setelah lulus dari Universitas Sriwijaya (Unsri) pada tahun 2001.', '2021-06-16 01:30:25', '2021-06-16 08:30:25'),
(52, 16, 'en', '', '2021-06-16 01:30:25', '2021-06-16 08:30:25'),
(57, 18, 'id', 'dr. Christian J.E. Chandra, Dipl. AAAM merupakan founder dari Jevon Aesthetic Clinic. Pria kelahiran 2 Maret 1989, memiliki segudang predikat.\n\nDia meraih gelar kedokterannya setelah lulus dari Universitas Sam Ratulangi (UNSRAT) pada tahun 2014. Dalam memberikan pelayanan kepada setiap pasiennya, dr Chris selalu melayani dengan maksimal.', '2021-06-16 20:34:32', '2021-06-17 03:34:32'),
(58, 18, 'en', '', '2021-06-16 20:34:32', '2021-06-17 03:34:32'),
(59, 19, 'id', 'dr. Luman, M.Gizi  adalah dokter praktik mandiri perorangan di daerah Paramount, Serpong, Tangerang, Banten. Dalam praktiknya, dr. Luman selalu memberikan pelayanan terbaik kepada setiap pasiennya.\n\nDia meraih gelar S2 kedokterannya setelah lulus dari Universitas Indonesia (UI) pada tahun 2013.', '2021-07-22 21:42:29', '2021-07-23 04:42:29'),
(60, 19, 'en', '', '2021-07-22 21:42:29', '2021-07-23 04:42:29'),
(61, 20, 'id', 'Damel Syafitri adalah instruktur senam aerobik, yoga, zumba, dan lainnya. Dia aktif dalam memandu gerakan-gerakan senam kepada para peserta yang ingin selalu memiliki tubuh yang sehat.\n\nMba Imel, sapaan akrabnya, juga bisa memandu gerakan senam bagi orang yang punya program khusus, seperti menurunkan berat badan dan lainnya.', '2021-09-13 00:11:20', '2021-09-13 07:11:20'),
(62, 20, 'en', '', '2021-09-13 00:11:20', '2021-09-13 07:11:20'),
(67, 21, 'id', 'dr. Dina Udayani Swadeshi, Sp.KK telah menamatkan pendidikan Kedokteran Spesialis Kulit dan Kelamin di Universitas Padjadjaran pada 2009.\n\nSebelumnya dia menempuh pendidikan Kedokteran Umum di Universitas Trisakti pada 2002. Dia terhimpun dalam Perhimpunan Dokter Spesialis Kulit dan Kelamin Indonesia.', '2021-09-20 02:26:08', '2021-09-20 09:26:08'),
(68, 21, 'en', '', '2021-09-20 02:26:08', '2021-09-20 09:26:08'),
(69, 22, 'id', 'Ketua Komunitas Sepeda Jakarta Timur (SEJATI), Zikky Hermansyah dan para anggotanya rutin melakukan aktivitas sepeda untuk menjaga tubuh tetap sehat.\n\nSelain untuk kesehatan, Zikky dan sesama anggota pesepeda yang lain bisa mempererat hubungan melalui bersepeda.', '2021-09-28 20:49:23', '2021-09-29 03:49:23'),
(70, 22, 'en', '', '2021-09-28 20:49:23', '2021-09-29 03:49:23'),
(71, 23, 'id', 'Anggun Fajarwati adalah instruktur renang profesional berpengalaman yang selalu memberikan pelayanan atau pembelajaran kepada setiap para pesertanya.\n\nDalam memberikan arahan di sesi pelatihan, Anggun selalu berupaya memberikan pembelajaran teknik berenang yang baik dan benar.', '2021-10-14 00:51:12', '2021-10-14 07:51:12'),
(72, 23, 'en', '', '2021-10-14 00:51:12', '2021-10-14 07:51:12'),
(77, 24, 'id', 'Dokter  Rizki Rahmania Ramdhani, M. Biomed (AAM) adalah dokter kecantikan yang berpraktik sekaligus owner di Sebu Clinic, Surabaya, Jawa Timur.\n\nPerempuan lulusan dari Universitas Udayana pada 2020 (S2 Anti-Aging Medicine) ini, selalu memberikan pelayanan terbaik kepada setiap pasiennya.', '2021-11-02 23:31:14', '2021-11-03 06:31:14'),
(78, 24, 'en', '', '2021-11-02 23:31:14', '2021-11-03 06:31:14'),
(81, 25, 'id', 'dr. Inna Milkie Amnun Istauva merupakan dokter yang berpraktik di Shofi Aesthetic Clinic di Malang, Jawa Timur. Anak dari pasangan Mujamil Komar dan Yuli Isminingtyas, ini selalu memberikan pelayanan terbaik kepada setiap pasien.\n\nSelain praktik di Shofi Aesthetic Clinic, dr. Inna Milkie Amnun Istauva juga praktik di salah satu rumah sakit di Malang.', '2021-11-09 03:10:58', '2021-11-09 10:10:58'),
(82, 25, 'en', '', '2021-11-09 03:10:58', '2021-11-09 10:10:58'),
(83, 26, 'id', 'Dokter Spesialis Kulit dan Kelamin yang berpraktik di Surabaya Skin Centre ini telah menyelesaikan pendidikan Kedokteran Umum di Universitas Udayana pada 1992.\n\nPerempuan bernama dr. Ary Widhyasti Bandem, M.Kes, Sp.KK, FINSDV, FAADV ini, melanjutkan pendidikan Magister Kesehatan di Universitas Gadjah Mada (UGM) pada 2003 dan lulus pada 2004. Lalu pada 2007, dr. Ary menyelesaikan pendidikan Spesialis Kulit dan Kelamin di Universitas Gadjah Mada.', '2021-11-15 21:47:34', '2021-11-16 04:47:34'),
(84, 26, 'en', '', '2021-11-15 21:47:34', '2021-11-16 04:47:34'),
(87, 27, 'id', 'dr. Stefani Nurhadi, M.Biomed, Sp.KK adalah Dokter Kulit dan Kelamin yang berpraktik di Acne Institute Clinic (AIC). Dia bisa melayani pasien yang ingin berkonsultasi kesehatan kulit dan kelamin.\n\nDokter Stefani telah menyelesaikan pendidikan Dokter Spesialis Dermatologi dan Venereologi di Universitas Udayana. Tak hanya itu, dia juga tercatat sebagai anggota Ikatan Dokter Indonesia (IDI) dan Perhimpunan Dokter Spesialis Kulit dan Kelamin Indonesia (PERDOSKI).', '2021-11-18 20:48:34', '2021-11-19 03:48:34'),
(88, 27, 'en', '', '2021-11-18 20:48:34', '2021-11-19 03:48:34'),
(89, 28, 'id', 'dr. Novaria Sonata merupakan pemilik dari dr. VA Aesthetic Clinic & Laser, di Serang, Banten. Selain itu, wanita ini juga berpraktik di kliniknya untuk melayani para pelanggannya.\n\nDokter Novaria Sonata selalu berupaya memberikan pelayanan terbaik kepada pasien. Dengan demikian para pasien bisa merasa puas dan mendapatkan hasil yang maksimal.', '2021-11-22 03:20:47', '2021-11-22 10:20:47'),
(90, 28, 'en', '', '2021-11-22 03:20:47', '2021-11-22 10:20:47'),
(91, 29, 'id', 'dr. Farhani Alhabsy adalah dokter yang berpraktik di dr. Farhani Aesthetic Clinic di Banjarmasin, Kalimantan Selatan. Dia selalu memberikan pelanan terbaik kepada setiap pasiennya.', '2021-11-25 01:37:23', '2021-11-25 08:37:23'),
(92, 29, 'en', '', '2021-11-25 01:37:23', '2021-11-25 08:37:23'),
(93, 30, 'id', 'dr. Leni Kumalasari Dipl.AAAM adalah dokter yang sudah berpengalaman lebih dari 15 tahun dalam bidang aesthetic sekaligus CEO Skinda Dermato Aesthetic Clinic di Surabaya.\n\nDokter yang gemar bersepeda ini, selalu memberikan pelayanan terbaik kepada setiap pasien yang datang ke Skinda Dermato Aesthetic Clinic.', '2021-11-26 00:47:43', '2021-11-26 07:47:43'),
(94, 30, 'en', '', '2021-11-26 00:47:43', '2021-11-26 07:47:43'),
(95, 31, 'id', 'dr. Devina Ekalia, dipl. AAAM adalah owner sekaligus dokter yang berpraktik di Dr. DE Aesthetic Clinic. Dokter Devina Ekalia selalu memberikan pelayanan maksimal kepada setiap pasiennya.\n\nBerbagai macam perawatan yang ditawarkan di antaranya facial, peeling, laser, acne treatment, hair removal, slimming, whitening, memudarkan pembuluh darah di wajah hingga DNA salmon..', '2021-12-06 03:18:12', '2021-12-06 10:18:12'),
(96, 31, 'en', '', '2021-12-06 03:18:12', '2021-12-06 10:18:12'),
(97, 32, 'id', 'dr. Ayu Widyaningrum, MM, Master of AAAM adalah dokter sekaligus owner dari Widya Esthetic Clinic di Banjarmasin, Kalimantan Selatan.\n\nDokter kelahiran Kotabaru, 12 Agustus 1990 ini sering menerima berbagai penghargaan dalam bidang estetika di pada 2018 dan 2019. Wanita lulusan S1 di Unlam Banjarmasin, ini melanjutkan pendidikan Magister Manajemen Banjarmasin, Master of AAAM di Hongkong dan Eropa, serta Master of IBAMS dari Bangkok, Thailand.', '2021-12-07 03:06:19', '2021-12-07 10:06:19'),
(98, 32, 'en', '', '2021-12-07 03:06:19', '2021-12-07 10:06:19'),
(99, 33, 'id', 'dr. Devy, Dipl. AAAM adalah owner dari Devanka Aesthetic Clinic yang didirikan pada 2017. Sejak dibuka, dokter yang juga berpraktik di klinik tersebut mendapat respons positif dari para pasien.\n\nBerawal dari klinik rumahan, kini klinik yang dijalankannya melayani berbagai pelayanan perawatan kecantikan, seperti botox, filler, dan tanam benang.', '2021-12-13 00:09:03', '2021-12-13 07:09:03'),
(100, 33, 'en', '', '2021-12-13 00:09:03', '2021-12-13 07:09:03'),
(101, 34, 'id', 'dr. Loudfy Eka Widyawati, M. Biomed (AAM) adalah dokter estetika yang berpraktik di Rumah Ratu Beauty Clinic di Banjarmasin, Kalimantan Selatan.\n\nDalam melayani setiap pasien, dokter Loudfy selalu memberikan pelayanan yang terbaik. Berbagai macam perawatan kecantikan diberikan demi melayani kebutuhan pasien.', '2021-12-20 01:09:13', '2021-12-20 08:09:13'),
(102, 34, 'en', '', '2021-12-20 01:09:13', '2021-12-20 08:09:13'),
(103, 35, 'id', 'dr. Dina Aulia Insani Sp.GK adalah dokter Spesialis Gizi Klinik yang berpraktik di Klinik Kinibalu Skin & Slimming Center, Banjarmasin, kalimantan Selatan.\n\nDokter Dina Aulia Insani memberikan pelayanan kepada setiap pasien yang membutuhkannya dengan maksimal.', '2021-12-22 22:08:31', '2021-12-23 05:08:31'),
(104, 35, 'en', '', '2021-12-22 22:08:31', '2021-12-23 05:08:31'),
(105, 36, 'id', 'dr. Erika Dewi Essary, Sp.DV adalah seorang Dokter Spesialis Penyakit Kulit dan Kelamin yang berpraktik di Klinik Kinibalu Skin & Slimming Center, Banjarmasin, Kalimantan Selatan.\n\nDokter Erika Dewi Essary selalu memberikan pelayanan terbaik kepada setiap pasiennya. Dia juga melayani konsultasi bagi pasien yang membutuhkannya.', '2021-12-22 22:47:08', '2021-12-23 05:47:08'),
(106, 36, 'en', '', '2021-12-22 22:47:08', '2021-12-23 05:47:08'),
(107, 37, 'id', 'Dr. Nanang Miftah Fajari, Sp.PD-KEMD adalah Dokter Spesialis Penyakit Dalam, Konsultan Endoktrin Metabolik dan Diabetes, dari Rumah Sakit Umum Nirwana, Banjarbaru, Kalimantan Selatan.\n\nDokter luluan S2, Fakultas Kedokteran Universitas Brawijaya, Malang, selalu melayani setiap pasiennya dalam mengobati penyakit dalam.', '2021-12-24 01:02:00', '2021-12-24 08:02:00'),
(108, 37, 'en', '', '2021-12-24 01:02:00', '2021-12-24 08:02:00'),
(109, 38, 'id', 'Rahmat adalah pengelola Waytuki vegetarian food sejak 2011 lalu. Bagi para pecinta makanan vegetarian food bisa mampir ke gerai Waytuki yang berlokasi di Pasar Baru, Sawah Besar, Jakarta Pusat.\n\nPria setengah baya itu juga melayani layanan pesan antar atau delivery order dan tanpa batas minimum. Makanan khas India ini juga melayani pembelian di berbagai marketplace.', '2021-12-28 02:43:47', '2021-12-28 09:43:47'),
(110, 38, 'en', '', '2021-12-28 02:43:47', '2021-12-28 09:43:47'),
(111, 39, 'id', 'dr. Hasrul Nazar, Dipl. AAAM, Akp merupakan dokter Umum. Dia telah menyelesaikan studi kedokteran di Universitas Lambung Mangkurat (ULM) di Banjarmasin, Kalimanta Selatan.\n\nDokter Hasrul Nazar adalah owner sekaligus praktik di dr. Naz Aesthetic Clinic di Banjarmasin, Kalimantan Selatan.', '2021-12-30 21:00:39', '2021-12-31 04:00:39'),
(112, 39, 'en', '', '2021-12-30 21:00:39', '2021-12-31 04:00:39'),
(115, 41, 'id', 'dr. Liliana Santoso merupakan dokter kecantikan yang berpraktik di Liliana Beauty Care, Banjarmasin, Kalimantan Selatan.\r\n\r\nDokter Liliana memberikan layanan perawatan kulit, salah satunya adalah perawatan kulit kering dan kasar. Selain itu, berbagai treatment kecantikan lainnya juga ditawarkan di Liliana Beauty Care.', '2022-01-28 01:13:16', '2022-01-28 08:13:16'),
(116, 41, 'en', '', '2022-01-28 01:13:16', '2022-01-28 08:13:16'),
(117, 40, 'id', 'Rachelyn Tanu, RD adalah Direktur Bluezone Center, gerai yang menyajikan beraneka hidangan vegetarian. Harga yang ditawarkan dari gerbagai hidangan sehat tersebut berkisar Rp 50-100.000.\r\n\r\nTempat makan yang dikelolanya itu juga melayani konsultasi seputar nutrisi. Nantinya akan disesuaikan dengan hidangan yang akan disuguhkan.', '2022-02-02 21:31:59', '2022-02-03 04:31:59'),
(118, 40, 'en', '', '2022-02-02 21:31:59', '2022-02-03 04:31:59'),
(119, 42, 'id', 'dr. Johana Fitriani, M. Farm adalah pemilik Klinik Pratama dr Jo di wilayah Kota Bekasi dan Cikarang Utara. Dia mendirikan klinik kecantikan tersebut pada 2013 lalu.\r\n\r\nPerempuan yang memiliki visi menciptakan masyarakat Indonesia yang cantik dan sehat ini, juga berpraktik di kliniknya untuk memberikan pelayanan kepada masyarakat.', '2022-02-02 22:13:09', '2022-02-03 05:13:09'),
(120, 42, 'en', '', '2022-02-02 22:13:09', '2022-02-03 05:13:09'),
(121, 43, 'id', 'dr. Dina OKtaviani, M. Biomed (AAM), adalah dokter kecantikan yang berpraktik di Klinik Dermaglam Skin & Body Care Taman Alfa Indah (Joglo, Kembangan, Jakarta Barat), Dermaglam Maternity & Women’s Aesthetic Clinic Pantai Indah Kapuk (Penjaringan, Jakarta Utara), Dermaglam Skin & Body Care Bengkulu (Lingkar Timur, Bengkulu), dan Praktik Pribadi dr. Dina (Ciangsana, Bogor).\r\n\r\nDokter kelahiran 27 Oktober 1988 ini, dari hasil pernikahannya dengan dr. Syah Prian dianugerahi dua anak yang mereka sayangi.', '2022-02-03 00:09:36', '2022-02-03 07:09:36'),
(122, 43, 'en', '', '2022-02-03 00:09:36', '2022-02-03 07:09:36'),
(125, 44, 'id', 'dr. Vina Dwiana Savitri, Sp.KK, FINSDV, FAADV adalah dokter yang berpraktik di The Corneum Institute, Banjarmasin, Kalimantan Selatan. Alumnus SMPN 72 Jakarta dan SMAN 68 Jakarta ini, melayani permasalahan kulit yang dihadapi masyarakat.\r\n\r\nPerempuan lulusan Fakultas Kedokteran Umum di Universitas Trisakti Jakarta selalu memberikan pelayanan terbaik kepada setiap pasien.', '2022-02-03 01:12:47', '2022-02-03 08:12:47'),
(126, 44, 'en', '', '2022-02-03 01:12:47', '2022-02-03 08:12:47'),
(129, 45, 'id', 'Salah satu restoran vegetarian food di bilangan Jakarta Utara yakni Vegetus Vegetarian. Di rumah makan ini, menyajikan Chinese food dan Indonesian food, termasuk makanan halal yang bisa dikonsumsi berbagai kalangan.\r\n\r\nHidangan andalan di tempat ini adalah babi panggang. Karena vegetarian, makanan favorit ini bukan dari daging babi, melainkan terbuat dari tepung talas dan kedelai.', '2022-02-03 02:10:09', '2022-02-03 09:10:09'),
(130, 45, 'en', '', '2022-02-03 02:10:09', '2022-02-03 09:10:09'),
(131, 46, 'id', 'dr. Venny Wijaya, M. Biomed (AAM) adalah Head Doctor di Dea Mirabelle Skin Care & Beauty Center. Dokter Venny selalu memberikan pelayanan terbaik kepada setiap pasiennya.\r\n\r\nSalah satu perawatan yang menjadi keunggulan di kliniknya adalah hybrid treatment. Perawatan ini mempunyai dua keunggulan, yaitu skin quality dan face contouring.', '2022-02-14 22:13:28', '2022-02-15 05:13:28'),
(132, 46, 'en', '', '2022-02-14 22:13:28', '2022-02-15 05:13:28'),
(133, 47, 'id', 'dr. Gemala Jasa Harsyani adalah owner dan dokter kecantikan di Klinik Jeha Medika, Kabupaten Bekasi. Kliniknya melayani berbagai perawatan kecantikan.\r\n\r\nDokter Gemala selalu memberikan pelayanan yang terbaik kepada setiap pelanggannya.', '2022-02-22 21:36:08', '2022-02-23 04:36:08'),
(134, 47, 'en', '', '2022-02-22 21:36:08', '2022-02-23 04:36:08'),
(135, 48, 'id', 'dr. Dedy Chandra adalah Founder DL Slim & Skin Care yang didirikannya bersama dr. Lia Yulia pada 2002 lalu. Demi melayani kebutuhan masyarakat terhadap perawatan kecantikan, kliniknya menyediakan berbagai treatment.\r\n\r\nSalah satu treatment unggulan di DL Slim & SKin Care adalah PRP DNA salmon. Dengan perawatan PRP DNA salmon, kulit tidak hanya putih dan bersih, tapi juga mengkilat.', '2022-03-01 01:26:48', '2022-03-01 08:26:48'),
(136, 48, 'en', '', '2022-03-01 01:26:48', '2022-03-01 08:26:48'),
(137, 49, 'id', 'dr. Gemala Jasa Harsyani adalah dokter kecantikan yang praktik di Klinik Jeha Medika yang berlokasi di Kabupaten Bekasi, Jawa Barat. Klinik tempatnya berpraktik menawarkan berbagai treatment perawatan kecantikan.\r\n\r\nSelain memberikan layanan berbagai jenis treatment, Klinik Jeha Medika juga menawarkan produk kecantikan yang tak kalah dengan produk lainnya.', '2022-03-24 02:38:09', '2022-03-24 09:38:09'),
(138, 49, 'en', '', '2022-03-24 02:38:09', '2022-03-24 09:38:09'),
(139, 50, 'id', 'dr. Maya Safriana Lubis, AIFO-K dan dr. Mariza Alwi Harahap merupakan owner dari AA Clinic yang pada 2022 ini sudah memiliki tiga cabang. Keduanya juga berpraktik sebagai dokter kecantikan di klinik yang didirikannya.\r\n\r\nBerbagai layanan perawatan kecantikan ditawarkan di klinik miliknya. Salah satu perawatannya adalah suntik filler yang memang tengah diminati.', '2022-04-03 23:54:46', '2022-04-04 06:54:46'),
(140, 50, 'en', '', '2022-04-03 23:54:46', '2022-04-04 06:54:46'),
(141, 51, 'id', 'dr. Imelda, AAAM (USA), M. Biomed (AAM), M.H, MKM merupakan owner dari Kliniix Slim, di Medan, Sumatera Utara. Dia juga berpraktik di klinik yang didirikannya pada 2005 lalu.\r\n\r\nBerbagai layanan perawatan kecantikan di Kliniix Slim milik dr. Imelda Tjoe, seperti pengobatan jerawat, body slimming, dan sebagainya.', '2022-04-11 01:08:25', '2022-04-11 08:08:25'),
(142, 51, 'en', '', '2022-04-11 01:08:25', '2022-04-11 08:08:25'),
(143, 52, 'id', 'Anthony Adam merupakan Head Coach dan Owner Green Skate Lesson. Wadah bagi skater cilik ini didirikan pada 2009, yang bertujuan untuk mengajarkan teknik-teknik dasar skateboard.\r\n\r\nPelatihan yang ditawarkan ada dua, yaitu hobi dan prestasi. Jika hobi, jadwal latihannya lebih fleksibel. Sedangkan untuk jalur prestasi, diperuntukan untuk anak-anak mulai dari usia sekolah dasar hingga sekolah menengah pertama.', '2022-04-11 02:01:39', '2022-04-11 09:01:39'),
(144, 52, 'en', '', '2022-04-11 02:01:39', '2022-04-11 09:01:39'),
(145, 53, 'id', 'Presiden Parkour Jakarta, Ramdani Murtadho mengatakan olahraga parkour memiliki berbagai kesehatan bagi tubuh. Jika ada yang berminat berlatih parkour, bisa bergabung dengan komunitas Parkour Jakarta dengan mengunjungi @parkourjkt\r\n\r\nAda berbagai macam teknik yang harus dikuasai, mulai dari lompatan atas bawah, roll, wall climb, jumping over, precision jump, vaulting Swinging through, cat leap, wall spin dan lainnya.', '2022-04-19 01:02:57', '2022-04-19 08:02:57'),
(146, 53, 'en', '', '2022-04-19 01:02:57', '2022-04-19 08:02:57'),
(147, 54, 'id', 'dr. Sweeta Isabel B. Situmeang adalah dokter kecantikan di Michelle Beauty Skin Care, Medan, Sumatera Utara. Klinik miliknya itu melayani berbagai perawatan kecantikan, seperti filler, botox, tanam benang, dan sebagainya.\r\n\r\nDokter Sweeta selalu berusaha memberikan pelayanan terbaik kepada setiap pelanggannya.', '2022-04-20 01:06:46', '2022-04-20 08:06:46'),
(148, 54, 'en', '', '2022-04-20 01:06:46', '2022-04-20 08:06:46'),
(149, 55, 'id', 'Belinda Rena Bachtiar merupakan trainer pound fit dari Sukapound. Dia bersama rekan sesama trainer yaitu Mytha Dewinta Pramuningtyas setia memandu para peserta dalam olahraga pound fit.\r\n\r\nPound fit merupakan kardio yang terinspirasi permainan alat musik drum dengan menggunakan stik drum ringan bernama ripstix.', '2022-04-25 23:01:18', '2022-04-26 06:01:18'),
(150, 55, 'en', '', '2022-04-25 23:01:18', '2022-04-26 06:01:18'),
(151, 56, 'id', 'dr. Maya Safriana Lubis, AIFO-K merupakan owner dari AA Clinic di Medan, Sumatera Utara. Dia dan suaminya, dr. Mariza Alwi Harahap mengelola klinik AA dan keduanya juga berpraktik sebagai dokter kecantikan.\r\n\r\nDokter Maya, selalu memberikan pelayanan terbaik kepada setiap pasien yang datang. Klinik AA melayani berbagai perawatan kecantikan.', '2022-04-27 00:58:38', '2022-04-27 07:58:38'),
(152, 56, 'en', '', '2022-04-27 00:58:38', '2022-04-27 07:58:38'),
(153, 57, 'id', 'dr. Muna Soraya Putri, M.Biomed (AAM) adalah dokter kecantikan yang berpraktik di Klinik NYM Aesthetic di Medan, Sumatera Utara.\r\n\r\nDalam melayani setiap pasien, dr. Muna Soraya selalu memberikan yang terbaik. Salah satu layanan yang diberikan di Klinik NYM Aesthetic adalah perawatan skin booster.', '2022-05-23 03:27:48', '2022-05-23 10:27:48'),
(154, 57, 'en', '', '2022-05-23 03:27:48', '2022-05-23 10:27:48');

-- --------------------------------------------------------

--
-- Table structure for table `migrations`
--

CREATE TABLE `migrations` (
  `id` int(10) UNSIGNED NOT NULL,
  `migration` varchar(255) COLLATE utf8mb4_unicode_ci NOT NULL,
  `batch` int(11) NOT NULL
) ENGINE=InnoDB DEFAULT CHARSET=utf8mb4 COLLATE=utf8mb4_unicode_ci;

-- --------------------------------------------------------

--
-- Table structure for table `news`
--

CREATE TABLE `news` (
  `id` int(11) NOT NULL,
  `slug` varchar(255) NOT NULL,
  `thumbnail` varchar(255) DEFAULT NULL,
  `home_thumbnail` varchar(255) DEFAULT NULL,
  `image` varchar(255) DEFAULT NULL,
  `category_id` int(11) NOT NULL,
  `doctor_id` int(11) DEFAULT NULL,
  `publish_date` datetime DEFAULT NULL,
  `created_at` timestamp NULL DEFAULT NULL,
  `updated_at` datetime DEFAULT NULL,
  `publish_by` varchar(45) DEFAULT NULL,
  `admin_id` int(5) DEFAULT NULL
) ENGINE=InnoDB DEFAULT CHARSET=utf8;

--
-- Dumping data for table `news`
--

INSERT INTO `news` (`id`, `slug`, `thumbnail`, `home_thumbnail`, `image`, `category_id`, `doctor_id`, `publish_date`, `created_at`, `updated_at`, `publish_by`, `admin_id`) VALUES
(11, 'jika-indra-penciuman-hilang-begini-cara-mengatasinya', 'indra_penciuman_hilang.png', 'indra_penciuman_hilang.png', 'indra_penciuman_hilang.png', 2, NULL, '2021-02-08 10:26:58', '2021-02-08 03:26:58', '2021-02-25 11:00:19', 'Fredrick Rieuwpassa', 1),
(12, 'mau-punya-kulit-cantik-dan-sehat-ini-tipsnya', 'kulit_cantik_dan_sehat.png', 'kulit_cantik_dan_sehat.png', 'kulit_cantik_dan_sehat.png', 1, NULL, '2021-02-08 10:38:29', '2021-02-08 03:38:29', '2021-02-25 11:02:14', 'Fredrick Rieuwpassa', 1),
(13, 'kenapa-harus-konsultasi-dokter-kecantikan-ini-infonya', 'konsultasi_dokter_kecantikan.png', 'konsultasi_dokter_kecantikan.png', 'konsultasi_dokter_kecantikan.png', 1, NULL, '2021-02-09 02:47:31', '2021-02-08 19:47:31', '2021-09-13 03:21:55', 'Fredrick Rieuwpassa', 1),
(14, 'gampang-sakit-ikuti-cara-meningkatkan-imunitas-tubuh', 'imunitas_tubuh.png', 'imunitas_tubuh.png', 'imunitas_tubuh.png', 2, NULL, '2021-02-09 03:57:23', '2021-02-08 20:57:23', '2021-02-25 11:05:37', 'Fredrick Rieuwpassa', 1),
(15, 'membongkar-rahasia-kulit-putih-korea-yang-perlu-diketahui', 'kulit_putih_glowing_ala_korea_1.jpeg', 'kulit_putih_glowing_ala_korea.png', 'kulit_putih_glowing_ala_korea.png', 1, NULL, '2021-02-10 04:01:58', '2021-02-09 21:01:58', '2021-02-25 11:08:01', 'Fredrick Rieuwpassa', 1),
(16, 'manfaat-konsultasi-dokter-kesehatan-yang-wajib-diketahui', 'konsultasi_dokter_kesehatan.png', 'konsultasi_dokter_kesehatan.png', 'konsultasi_dokter_kesehatan.png', 2, NULL, '2021-02-10 10:24:43', '2021-02-10 03:24:43', '2021-02-25 11:09:18', 'Fredrick Rieuwpassa', 1),
(17, 'jerawat-susah-hilang-ini-cara-menghilangkan-jerawat-bandel', 'jerawat_bandel.png', 'jerawat_bandel.png', 'jerawat_bandel.png', 1, NULL, '2021-02-12 06:32:37', '2021-02-11 23:32:37', '2021-02-25 11:11:12', 'Fredrick Rieuwpassa', 1),
(18, 'susah-turunkan-berat-badan-ini-cara-gampangnya', 'menurunkan_berat_badan.png', 'menurunkan_berat_badan.png', 'menurunkan_berat_badan.png', 2, NULL, '2021-02-12 11:48:28', '2021-02-12 04:48:28', '2021-02-25 11:12:32', 'Fredrick Rieuwpassa', 1),
(19, 'mengintip-rahasia-memilih-produk-skincare-terbaik', 'skincare.png', 'skincare.png', 'skincare.png', 1, NULL, '2021-02-13 03:35:09', '2021-02-12 20:35:09', '2021-02-25 11:13:44', 'Fredrick Rieuwpassa', 1),
(20, 'cara-membentuk-tubuh-kurus-menjadi-ideal', 'tubuh_kurus.png', 'tubuh_kurus.png', 'tubuh_kurus.png', 2, NULL, '2021-02-13 11:44:40', '2021-02-13 04:44:40', '2021-02-25 11:15:21', 'Fredrick Rieuwpassa', 1),
(21, 'menyebalkan-ini-cara-menghilangkan-komedo-secara-alami', 'menghilangkan_komedo.png', 'menghilangkan_komedo.png', 'menghilangkan_komedo.png', 1, NULL, '2021-02-15 03:27:22', '2021-02-14 20:27:22', '2021-02-25 11:16:50', 'Fredrick Rieuwpassa', 1),
(22, 'badan-cepat-lelah-begini-cara-mengatasinya', 'cepat_lelah.png', 'cepat_lelah.png', 'cepat_lelah.png', 2, NULL, '2021-02-15 10:51:05', '2021-02-15 03:51:05', '2021-02-25 11:18:39', 'Fredrick Rieuwpassa', 1),
(23, 'tips-memilih-moisturizer-yang-bagus-sesuai-jenis-kulit', 'moisturizer_yang_bagus.png', 'moisturizer_yang_bagus.png', 'moisturizer_yang_bagus.png', 1, NULL, '2021-02-16 05:52:00', '2021-02-15 22:52:00', '2021-02-25 11:19:56', 'Fredrick Rieuwpassa', 1),
(24, 'awas-ini-gangguan-kesehatan-akibat-stres', 'stres_ganggu_kesehatan.png', 'stres_ganggu_kesehatan.png', 'stres_ganggu_kesehatan.png', 2, NULL, '2021-02-17 03:42:05', '2021-02-16 20:42:05', '2021-02-25 11:21:16', 'Fredrick Rieuwpassa', 1),
(25, 'mau-tahu-cara-mengecilkan-pipi-tembem-lihat-ini', 'pipi_tembem.png', 'pipi_tembem.png', 'pipi_tembem.png', 1, NULL, '2021-02-17 10:38:56', '2021-02-17 03:38:56', '2021-02-25 13:35:56', 'Fredrick Rieuwpassa', 1),
(26, 'dampak-negatif-hp-gangguan-mata-hingga-kanker-otak', 'dampak_negatif_hp.png', 'dampak_negatif_hp.png', 'dampak_negatif_hp.png', 2, NULL, '2021-02-19 00:20:40', '2021-02-18 17:20:40', '2021-02-25 13:37:43', 'Fredrick Rieuwpassa', 1),
(27, 'berikut-cara-memilih-sunscreen-terbaik-sesuai-jenis-kulit', 'sunscreen_terbaik.png', 'sunscreen_terbaik.png', 'sunscreen_terbaik.png', 1, NULL, '2021-02-19 13:08:21', '2021-02-19 06:08:21', '2021-02-25 13:39:00', 'Fredrick Rieuwpassa', 1),
(28, 'nggak-perlu-cemas-punya-kulit-gelap-ini-keistimewaannya', 'warna_kulit_gelap.png', 'warna_kulit_gelap.png', 'warna_kulit_gelap.png', 1, NULL, '2021-02-22 02:37:11', '2021-02-21 19:37:11', '2021-02-25 13:40:11', 'Fredrick Rieuwpassa', 1),
(29, 'malas-olahraga-coba-cara-ini-untuk-melawannya', 'olahraga.png', 'olahraga.jpg', 'olahraga.jpg', 2, NULL, '2021-02-22 10:59:53', '2021-02-22 03:59:53', '2021-02-25 13:41:37', 'Fredrick Rieuwpassa', 1),
(30, 'duh-kulit-keriput-ini-cara-memilih-krim-anti-aging-terbaik', 'anti_aging.png', 'anti_aging.png', 'anti_aging.png', 1, NULL, '2021-02-23 03:43:17', '2021-02-22 20:43:17', '2021-02-25 13:43:22', 'Fredrick Rieuwpassa', 1),
(31, 'kiat-menjaga-kesehatan-tubuh-biar-tetap-sehat-bugar', 'kesehatan_tubuh.png', 'kesehatan_tubuh.jpg', 'kesehatan_tubuh.jpg', 2, NULL, '2021-02-24 03:02:17', '2021-02-23 20:02:17', '2021-02-25 13:45:00', 'Fredrick Rieuwpassa', 1),
(32, 'cara-menghilangkan-kulit-kusam-dengan-sederhana', 'kulit_kusam.png', 'mencerahkan_kulit_kusam.png', 'kulit_kusam.png', 1, NULL, '2021-02-24 13:06:15', '2021-02-24 06:06:15', '2021-02-25 13:47:01', 'Fredrick Rieuwpassa', 1),
(33, 'tahukah-kamu-berapa-suhu-normal-manusia-cek-ini', 'suhu_normal_manusia.png', 'suhu_normal_manusia.png', 'suhu_normal_manusia.png', 2, NULL, '2021-02-26 16:28:02', '2021-02-26 09:28:02', NULL, 'Fredrick Rieuwpassa', 1),
(34, 'cara-menggunakan-facial-wash-yang-benar', 'facial_wash.png', 'facial_wash.png', 'facial_wash.png', 1, NULL, '2021-02-26 16:38:13', '2021-02-26 09:38:13', '2021-02-26 16:41:57', 'Fredrick Rieuwpassa', 1),
(35, 'wajib-tahu-nih-bagi-pelaku-dan-korban-body-shaming', 'body_shaming.png', 'body_shaming.png', 'body_shaming.png', 1, NULL, '2021-03-01 08:27:54', '2021-03-01 01:27:54', NULL, 'Fredrick Rieuwpassa', 1),
(36, 'cara-tepat-bikin-kulit-kencang-dan-awet-muda', 'skin_booster.jpg', 'skin_booster.jpg', 'skin_booster.jpg', 1, 5, '2021-03-01 16:30:14', '2021-03-01 09:30:14', '2021-07-23 08:01:08', 'Fredrick Rieuwpassa', 1),
(37, 'turunkan-berat-badan-dengan-diet-sehat-agar-tubuh-ideal', 'diet_sehat.png', 'diet_sehat.png', 'diet_sehat.png', 2, NULL, '2021-03-02 07:12:45', '2021-03-02 00:12:45', '2021-03-03 20:07:23', 'Morteza Syariati Albanna', 3),
(38, 'coba-5-bahan-alami-ini-untuk-menghilangkan-bekas-jerawat', 'menghilangkan_bekas_jerawat.png', 'menghilangkan_bekas_jerawat.png', 'menghilangkan_bekas_jerawat.png', 1, NULL, '2021-03-02 11:45:05', '2021-03-02 04:45:05', '2021-03-03 20:08:55', 'Morteza Syariati Albanna', 3),
(39, 'cara-menjaga-kebugaran-tubuh-yang-menurun-karena-musim-hujan', 'musim_hujan_1.png', 'musim_hujan_1.png', 'musim_hujan_1.png', 2, NULL, '2021-03-03 05:57:15', '2021-03-02 22:57:15', '2021-03-31 09:08:10', 'Morteza Syariati Albanna', 3),
(40, 'punya-masalah-dengan-kulit-kering-coba-skincare-ini', 'kulit_kering.png', 'kulit_kering.png', 'kulit_kering.png', 1, NULL, '2021-03-03 10:34:22', '2021-03-03 03:34:22', '2021-03-09 01:18:12', 'Morteza Syariati Albanna', 3),
(41, '7-penyakit-yang-bikin-berat-badan-turun-4-5-kg', 'berat_badan.png', 'berat_badan.png', 'berat_badan.png', 2, NULL, '2021-03-04 03:52:55', '2021-03-03 20:52:55', '2021-03-09 01:48:24', 'Morteza Syariati Albanna', 3),
(42, 'penyebab-dan-cara-mengatasi-mata-panda', 'mata_panda_dan_kantung_mata.jpg', 'kantung_mata_dan_mata_panda.jpg', 'mata_panda_dan_kantung_mata.jpg', 1, NULL, '2021-03-04 09:30:58', '2021-03-04 02:30:58', '2021-03-09 01:11:02', 'Morteza Syariati Albanna', 3),
(43, 'olahraga-lari-bisa-bikin-tubuh-kurus-menjadi-tambah-kurus', 'olahraga_tubuh.png', 'olahraga_tubuh.png', 'olahraga_tubuh.png', 2, NULL, '2021-03-04 14:04:23', '2021-03-04 07:04:23', '2021-03-05 05:06:28', 'Morteza Syariati Albanna', 3),
(44, 'eye-cream-yang-bagus-untuk-remaja', 'eye_cream_remaja.png', 'eye_cream_remaja.png', 'eye_cream_remaja.png', 1, NULL, '2021-03-05 04:33:30', '2021-03-04 21:33:30', '2021-03-05 04:59:33', 'Morteza Syariati Albanna', 3),
(45, 'makanan-sehat-yang-wajib-dikonsumsi-sebelum-olahraga', 'makanan_sehat_dan_olah_raga.png', 'makanan_sehat_dan_olah_raga.png', 'makanan_sehat_dan_olah_raga.png', 2, NULL, '2021-03-05 14:42:03', '2021-03-05 07:42:03', NULL, 'Morteza Syariati Albanna', 3),
(46, 'apa-dampak-jika-salah-perawatan-eyelash-extensions', 'eyelash_extension.png', 'eyelash_extension.png', 'eyelash_extension.png', 1, NULL, '2021-03-08 03:59:04', '2021-03-07 20:59:04', '2021-03-08 08:53:57', 'Morteza Syariati Albanna', 3),
(47, 'waktu-berjemur-yang-baik-bagi-kesehatan', 'waktu_berjemur_matahari_yang_baik.png', 'waktu_berjemur_matahari_yang_baik.png', 'waktu_berjemur_matahari_yang_baik.png', 2, NULL, '2021-03-08 08:53:42', '2021-03-08 01:53:42', '2021-03-08 09:08:35', 'Morteza Syariati Albanna', 3),
(48, '4-cara-salah-atasi-jerawat-bisa-bikin-kulit-rusak', 'jerawat.png', 'jerawat.png', 'jerawat.png', 1, NULL, '2021-03-09 03:57:23', '2021-03-08 20:57:23', '2021-03-09 10:52:58', 'Morteza Syariati Albanna', 3),
(49, '5-jenis-olahraga-yang-baik-dilakukan-saat-haid', 'olahraga_saat_haid_menstruasi_1.png', 'olahraga_saat_haid_menstruasi_1.png', 'olahraga_saat_haid_menstruasi_1.png', 2, NULL, '2021-03-09 06:42:53', '2021-03-08 23:42:53', '2021-03-26 07:01:53', 'Morteza Syariati Albanna', 3),
(50, 'aman-nggak-sih-membentuk-wajah-dengan-filler', 'suntik_filler.png', 'suntik_filler.png', 'suntik_filler.png', 1, 43, '2021-03-10 03:02:50', '2021-03-09 20:02:50', '2022-02-03 08:17:00', 'Fredrick Rieuwpassa', 1),
(51, '8-hal-yang-membuat-kamu-cepat-tua', 'cepat_tua.png', 'cepat_tua.png', 'cepat_tua.png', 2, NULL, '2021-03-10 10:15:18', '2021-03-10 03:15:18', '2021-03-10 10:21:35', 'Morteza Syariati Albanna', 3),
(52, 'suntik-botox-berbahaya-untuk-kulit', 'suntik_botox.png', 'botox.png', 'botox.png', 1, NULL, '2021-03-10 12:13:34', '2021-03-10 05:13:34', NULL, 'Morteza Syariati Albanna', 3),
(53, 'tubuh-kurus-ini-cara-cepat-menaikkan-berat-badan', 'menaikkan_berat_badan.png', 'menaikkan_berat_badan.png', 'menaikkan_berat_badan.png', 2, NULL, '2021-03-12 06:33:25', '2021-03-11 23:33:25', NULL, 'Morteza Syariati Albanna', 3),
(54, 'ketahui-risiko-sedot-lemak-bagi-tubuh', 'sedot_lemak.png', 'sedot_lemak.png', 'sedot_lemak.png', 1, NULL, '2021-03-15 03:34:10', '2021-03-14 20:34:10', '2021-03-15 03:39:31', 'Morteza Syariati Albanna', 3),
(55, 'sering-haus-gejala-diabetes', 'gejala_sakit_diabetes.png', 'gejala_sakit_diabetes.png', 'gejala_sakit_diabetes.png', 2, NULL, '2021-03-16 07:34:09', '2021-03-16 00:34:09', '2021-03-16 07:40:56', 'Morteza Syariati Albanna', 3),
(56, 'perhatikan-dampak-buruk-jika-gonta-ganti-skincare', 'skincare_wajah.png', 'skincare_wajah.png', 'skincare_wajah.png', 1, NULL, '2021-03-16 08:19:59', '2021-03-16 01:19:59', '2021-03-17 07:39:46', 'Morteza Syariati Albanna', 3),
(57, 'gendang-telinga-bisa-pecah-karena-menahan-bersin', 'bersin_dan_gendang_telinga.png', 'bersin_dan_gendang_telinga.png', 'bersin_dan_gendang_telinga.png', 2, NULL, '2021-03-17 04:16:33', '2021-03-16 21:16:33', '2021-03-17 07:39:29', 'Morteza Syariati Albanna', 3),
(58, 'cara-mudah-bikin-wajah-cerah-dan-glowing', 'wajah_cerah_dan_glowing.png', 'wajah_cerah_dan_glowing.png', 'wajah_cerah_dan_glowing.png', 1, NULL, '2021-03-17 10:52:43', '2021-03-17 03:52:43', '2021-03-18 04:11:32', 'Morteza Syariati Albanna', 3),
(59, '6-gerakan-yoga-terbaik-untuk-mengecilkan-perut-buncit', 'yoga_untuk_perut_buncit_1.png', 'yoga_untuk_perut_buncit_1.png', 'yoga_untuk_perut_buncit_1.png', 2, NULL, '2021-03-18 03:40:37', '2021-03-17 20:40:37', '2021-03-26 07:04:45', 'Morteza Syariati Albanna', 3),
(60, 'cara-cepat-meniruskan-pipi-ala-artis-korea', 'pipi_tirus_korea.png', 'pipi_tirus_korea.png', 'pipi_tirus_korea.png', 1, NULL, '2021-03-18 07:23:19', '2021-03-18 00:23:19', NULL, 'Morteza Syariati Albanna', 3),
(61, 'super-sibuk-coba-lakukan-olahraga-ringan-ini-di-kantor', 'olahraga_untuk_di_kantor.png', 'olahraga_untuk_di_kantor.png', 'olahraga_di_kantor.png', 2, NULL, '2021-03-19 03:00:00', '2021-03-18 20:00:00', '2021-03-19 03:14:35', 'Morteza Syariati Albanna', 3),
(62, 'skincare-anti-jerawat-tidak-efektif-ini-sebabnya', 'skincare_anti_jerawat.png', 'skincare_anti_jerawat.png', 'skincare_anti_jerawat.png', 1, NULL, '2021-03-19 08:02:39', '2021-03-19 01:02:39', '2021-03-19 08:39:07', 'Morteza Syariati Albanna', 3),
(63, 'atasi-perut-kembung-dan-mual-saat-haid', 'haid_menstruasi_2.png', 'haid_menstruasi_2.png', 'haid_menstruasi_2.png', 2, NULL, '2021-03-22 10:49:41', '2021-03-22 03:49:41', '2021-03-31 07:32:45', 'Morteza Syariati Albanna', 3),
(64, 'mengatasi-jerawat-akibat-pakai-masker-tidak-tepat', 'jerawat_maskne.png', 'jerawat_maskne.png', 'jerawat_maskne.png', 1, 8, '2021-03-22 13:27:00', '2021-03-22 06:27:00', '2021-07-23 08:02:40', 'Morteza Syariati Albanna', 3),
(65, 'lakukan-ini-setelah-olahraga', 'olahraga_olah_raga.png', 'olahraga_olah_raga.png', 'olahraga_olah_raga.png', 2, NULL, '2021-03-23 01:45:19', '2021-03-22 18:45:19', NULL, 'Morteza Syariati Albanna', 3),
(66, 'cara-memuluskan-wajah-bopeng-dengan-mudah', 'wajah_bopeng_bekas_jerawat.png', 'wajah_bopeng_bekas_jerawat.png', 'wajah_bopeng_bekas_jerawat.png', 1, NULL, '2021-03-23 10:32:17', '2021-03-23 03:32:17', NULL, 'Morteza Syariati Albanna', 3),
(67, 'gejala-alergi-kulit-akibat-cuaca-panas-dan-udara-dingin', 'alergi_udara_dingin_dan_cuaca_panas_1.png', 'alergi_udara_dingin_dan_cuaca_panas_1.png', 'alergi_udara_dingin_dan_cuaca_panas_1.png', 2, NULL, '2021-03-24 01:50:34', '2021-03-23 18:50:34', '2021-03-26 06:57:04', 'Morteza Syariati Albanna', 3),
(68, 'cara-mengatasi-masalah-pigmentasi-kulit-secara-ampuh', 'pigmentasi_kulit.png', 'pigmentasi_kulit.png', 'pigmentasi_kulit.png', 1, 42, '2021-03-24 09:26:18', '2021-03-24 02:26:18', '2022-02-03 08:23:22', 'Morteza Syariati Albanna', 4),
(69, '8-langkah-menghilangkan-keringat-berlebih', 'atasi_keringat_berlebih.png', 'atasi_keringat_berlebih.png', 'atasi_keringat_berlebih.png', 2, NULL, '2021-03-26 07:25:32', '2021-03-26 00:25:32', '2021-03-26 07:26:13', 'Morteza Syariati Albanna', 4),
(70, 'cara-menghilangkan-komedo-hitam-dan-putih', 'menghilangkan_komedo_hitam_dan_putih.png', 'menghilangkan_komedo_hitam_dan_putih.png', 'menghilangkan_komedo_hitam_dan_putih.png', 1, NULL, '2021-03-26 10:39:28', '2021-03-26 03:39:28', '2021-03-26 10:49:26', 'Morteza Syariati Albanna', 4),
(71, '7-penyebab-badan-cepat-gemuk', 'penyebab_cepat_gemuk.png', 'penyebab_cepat_gemuk.png', 'penyebab_cepat_gemuk.png', 2, NULL, '2021-03-30 10:05:15', '2021-03-30 03:05:15', '2021-03-31 03:06:33', 'Morteza Syariati Albanna', 4),
(72, 'kosmetik-mengandung-merkuri-merusak-otak-dan-ginjal', 'kosmetik_merkuri.png', 'kosmetik_merkuri.png', 'kosmetik_merkuri.png', 1, NULL, '2021-03-31 03:04:31', '2021-03-30 20:04:31', NULL, 'Morteza Syariati Albanna', 4),
(74, 'kenapa-sulit-menaikkan-berat-badan', 'menaikkan_berat_badan_2.png', 'menaikkan_berat_badan_2.png', 'menaikkan_berat_badan_2.png', 2, NULL, '2021-03-31 07:04:44', '2021-03-31 00:04:44', '2021-12-03 08:22:43', 'Morteza Syariati Albanna', 4),
(75, 'dermaglow-menyulap-kulit-jadi-sehat-dan-bercahaya', 'derma_glow.png', 'derma_glow.png', 'derma_glow.png', 1, 9, '2021-04-06 04:52:25', '2021-04-05 21:52:25', '2021-04-20 12:23:56', 'Fredrick Rieuwpassa', 1),
(76, 'pilihan-menu-sahur-sehat-untuk-program-diet', 'menu_sahur_untuk_diet.png', 'menu_sahur_untuk_diet.png', 'menu_sahur_untuk_diet.png', 2, NULL, '2021-04-19 05:09:41', '2021-04-18 22:09:41', '2021-04-19 07:54:24', 'Fredrick Rieuwpassa', 1),
(77, 'derma-glow-menyulap-kulit-jadi-sehat-dan-bercahaya', 'menolak_tua_injection.png', 'menolak_tua_injection.png', 'menolak_tua_injection.png', 1, 10, '2021-04-19 07:37:21', '2021-04-19 00:37:21', '2021-04-19 07:42:47', 'Fredrick Rieuwpassa', 1),
(78, 'menjaga-stamina-saat-puasa-tetap-bugar-sehat', 'stamina_saat_puasa.png', 'stamina_saat_puasa.png', 'stamina_saat_puasa.png', 2, NULL, '2021-04-21 03:41:14', '2021-04-20 20:41:14', NULL, 'Fredrick Rieuwpassa', 1),
(79, 'cara-tepat-atasi-bopeng-bekas-jerawat', 'bopeng_bekas_jerawat.png', 'bopeng_bekas_jerawat.png', 'bopeng_bekas_jerawat.png', 1, 11, '2021-04-21 09:07:43', '2021-04-21 02:07:43', NULL, 'Fredrick Rieuwpassa', 1),
(80, 'manfaat-udara-pagi-cegah-kanker-hingga-awet-muda', 'udara_pagi.png', 'udara_pagi.png', 'udara_pagi.png', 2, NULL, '2021-04-23 07:37:19', '2021-04-23 00:37:19', NULL, 'Fredrick Rieuwpassa', 1),
(81, 'cerahkan-kulit-dan-hilangkan-lemak-dengan-mesotherapy', 'mesotherapy.png', 'mesotherapy.png', 'mesotherapy.png', 1, 12, '2021-04-23 09:57:05', '2021-04-23 02:57:05', NULL, 'Fredrick Rieuwpassa', 1),
(82, 'ini-menu-buka-puasa-untuk-penderita-maag', 'menu_buka_puasa.png', 'menu_buka_puasa.png', 'menu_buka_puasa.png', 2, NULL, '2021-04-26 05:02:18', '2021-04-25 22:02:18', NULL, 'Fredrick Rieuwpassa', 1),
(83, 'tips-tampil-kulit-glowing-di-hari-raya', 'kulit_glowing.png', 'kulit_glowing.png', 'kulit_glowing.png', 1, 13, '2021-04-26 07:43:03', '2021-04-26 00:43:03', NULL, 'Fredrick Rieuwpassa', 1),
(84, 'yuk-ini-pilihan-senam-sehat-di-rumah-yang-perlu-dicoba', 'senam_sehat.png', 'senam_sehat.png', 'senam_sehat.png', 2, NULL, '2021-04-27 13:59:10', '2021-04-27 06:59:10', NULL, 'Fredrick Rieuwpassa', 1),
(85, 'duh-menggangu-ini-cara-menghilangkan-jerawat-di-hidung', 'jerawat_di_hidung.png', 'jerawat_di_hidung.png', 'jerawat_di_hidung.png', 1, NULL, '2021-04-27 14:04:50', '2021-04-27 07:04:50', NULL, 'Fredrick Rieuwpassa', 1),
(86, 'keracunan-makan-ini-hal-yang-perlu-dilakukan-segera', 'keracunan_makanan.png', 'keracunan_makanan.png', 'keracunan_makanan.png', 2, NULL, '2021-04-29 09:00:52', '2021-04-29 02:00:52', NULL, 'Fredrick Rieuwpassa', 1),
(87, 'cara-mengatasi-salah-menggunakan-skincare', 'salah_skincare.png', 'salah_skincare.png', 'salah_skincare.png', 1, NULL, '2021-04-29 13:18:22', '2021-04-29 06:18:22', NULL, 'Fredrick Rieuwpassa', 1),
(88, 'jenis-makanan-sehat-bernutrisi-yang-wajib-dikonsumsi', 'makanan_sehat.png', 'makanan_sehat.png', 'makanan_sehat.png', 2, NULL, '2021-05-04 08:13:31', '2021-05-04 01:13:31', NULL, 'Fredrick Rieuwpassa', 1),
(89, 'skin-lightening-cara-membuat-kulit-putih-dan-mulus', 'skin_lightening.png', 'skin_lightening.png', 'skin_lightening.png', 1, 15, '2021-05-04 08:43:41', '2021-05-04 01:43:41', '2021-05-04 12:08:17', 'Fredrick Rieuwpassa', 1),
(90, 'jangan-sembarang-konsumsi-suplemen-baca-ini', 'manfaat_suplemen.png', 'manfaat_suplemen.png', 'manfaat_suplemen.png', 2, NULL, '2021-05-05 11:56:38', '2021-05-05 04:56:38', NULL, 'Fredrick Rieuwpassa', 1),
(91, 'ini-makanan-penyebab-jerawat-yang-perlu-kamu-tahu', 'makanan_penyebab_jerawat.png', 'makanan_penyebab_jerawat.png', 'makanan_penyebab_jerawat.png', 1, NULL, '2021-05-06 07:58:50', '2021-05-06 00:58:50', '2021-05-06 08:02:14', 'Fredrick Rieuwpassa', 1),
(92, 'waktu-olahraga-yang-baik-untuk-kesehatan-tubuh', 'waktu_olahraga.png', 'waktu_olahraga.png', 'waktu_olahraga.png', 2, NULL, '2021-05-07 08:39:23', '2021-05-07 01:39:23', '2021-05-07 09:01:28', 'Fredrick Rieuwpassa', 1),
(93, 'jerawat-atau-acne-vulgaris-begini-cara-ngatasinnya', 'acne_vulgaris_atau_jerawat.png', 'acne_vulgaris_atau_jerawat.png', 'acne_vulgaris_atau_jerawat.png', 1, 14, '2021-05-10 08:47:34', '2021-05-10 01:47:34', '2021-05-10 08:56:48', 'Fredrick Rieuwpassa', 1),
(94, 'cara-mengecilkan-ukuran-paha-yang-ideal', 'mengecilkan_paha.png', 'mengecilkan_paha.png', 'mengecilkan_paha.png', 2, NULL, '2021-05-10 09:14:47', '2021-05-10 02:14:47', NULL, 'Fredrick Rieuwpassa', 1),
(95, 'cara-mengatasi-melasma-dengan-tepat-dan-aman', 'melasma.png', 'melasma.png', 'melasma.png', 1, 16, '2021-05-17 09:59:14', '2021-05-17 02:59:14', '2021-05-17 10:13:36', 'Fredrick Rieuwpassa', 1),
(96, 'dosis-olahraga-yang-dianjurkan-agar-tubuh-tetap-sehat', 'dosis_olahraga.png', 'dosis_olahraga.png', 'dosis_olahraga.png', 2, NULL, '2021-05-18 10:29:52', '2021-05-18 03:29:52', NULL, 'Fredrick Rieuwpassa', 1),
(97, 'punya-kulit-belang-di-tangan-dan-kaki-ini-cara-memutihkannya', 'memutihkan_kulit_belang.png', 'memutihkan_kulit_belang.png', 'memutihkan_kulit_belang.png', 1, NULL, '2021-05-19 09:19:40', '2021-05-19 02:19:40', NULL, 'Fredrick Rieuwpassa', 1),
(98, 'begini-cara-menjaga-daya-tahan-tubuh-pada-masa-pandemi', 'daya_tahan_tubuh.png', 'daya_tahan_tubuh.png', 'daya_tahan_tubuh.png', 2, NULL, '2021-05-20 03:54:36', '2021-05-19 20:54:36', NULL, 'Fredrick Rieuwpassa', 1),
(99, 'bolehkah-pencet-jerawat-di-rumah-baca-ini', 'pencet_jerawat.png', 'pencet_jerawat.png', 'pencet_jerawat.png', 1, 17, '2021-05-24 08:22:36', '2021-05-24 01:22:36', '2021-06-17 09:50:51', 'Fredrick Rieuwpassa', 1),
(100, 'pentingnya-menjaga-kesehatan-organ-pernapasan', 'organ_pernapasan.png', 'organ_pernapasan.png', 'organ_pernapasan.png', 2, NULL, '2021-05-25 03:10:33', '2021-05-24 20:10:33', NULL, 'Fredrick Rieuwpassa', 1),
(101, 'kandungan-sabun-untuk-jerawat-yang-perlu-diketahui', 'sabun_jerawat.png', 'sabun_jerawat.png', 'sabun_jerawat.png', 1, NULL, '2021-05-25 09:24:51', '2021-05-25 02:24:51', NULL, 'Fredrick Rieuwpassa', 1),
(102, 'beberapa-jenis-senam-untuk-hipertensi', 'senam_untuk_hipertensi.png', 'senam_untuk_hipertensi.png', 'senam_untuk_hipertensi.png', 2, NULL, '2021-05-27 11:18:14', '2021-05-27 04:18:14', '2021-06-03 05:54:18', 'Fredrick Rieuwpassa', 1),
(103, 'menyebalkan-ini-penyebab-komedo-hitam-di-hidung', 'komedo_hitam_di_hidung.png', 'komedo_hitam_di_hidung.png', 'komedo_hitam_di_hidung.png', 1, NULL, '2021-05-28 07:35:05', '2021-05-28 00:35:05', NULL, 'Fredrick Rieuwpassa', 1),
(104, 'cara-menjaga-ginjal-tetap-sehat-yang-kamu-perlu-tahu', 'ginjal.png', 'ginjal.png', 'ginjal.png', 2, NULL, '2021-05-28 09:39:32', '2021-05-28 02:39:32', '2021-06-07 10:22:11', 'Fredrick Rieuwpassa', 1),
(105, 'alasan-perawatan-kulit-ke-klinik-kecantikan-bagian-1', 'klinik_kecantikan.png', 'klinik_kecantikan.png', 'klinik_kecantikan.png', 1, NULL, '2021-05-31 07:06:05', '2021-05-31 00:06:05', '2022-05-13 08:51:17', 'Fredrick Rieuwpassa', 1),
(106, 'waspada-ini-penyebab-diabetes-yang-wajib-diketahui', 'penyebab_diabetes.png', 'penyebab_diabetes.png', 'penyebab_diabetes.png', 2, NULL, '2021-06-07 10:10:01', '2021-06-07 03:10:01', NULL, 'Fredrick Rieuwpassa', 1),
(107, 'kenali-beberapa-penyebab-wajah-bruntusan', 'penyebab_wajah_bruntusan.png', 'penyebab_wajah_bruntusan.png', 'penyebab_wajah_bruntusan.png', 1, NULL, '2021-06-10 07:13:01', '2021-06-10 00:13:01', '2021-08-15 04:04:26', 'Fredrick Rieuwpassa', 1),
(108, 'waktu-bersepeda-yang-baik-untuk-pemula', 'waktu_bersepeda.png', 'waktu_bersepeda.png', 'waktu_bersepeda.png', 2, NULL, '2021-06-10 10:09:00', '2021-06-10 03:09:00', '2021-06-10 10:09:26', 'Fredrick Rieuwpassa', 1),
(109, 'tips-make-up-natural-untuk-pemula', 'makeup_untuk_pemula.png', 'makeup_untuk_pemula.png', 'makeup_untuk_pemula.png', 1, NULL, '2021-06-11 07:43:37', '2021-06-11 00:43:37', NULL, 'Fredrick Rieuwpassa', 1),
(118, 'cari-tahu-penyebab-mendengkur-saat-tidur-baca-ini', 'penyebab_mendengkur.png', 'penyebab_mendengkur.png', 'penyebab_mendengkur.png', 2, NULL, '2021-06-17 08:01:22', '2021-06-17 01:01:22', '2021-09-20 10:03:38', 'Fredrick Rieuwpassa', 1),
(133, 'ternyata-ini-perawatan-yang-bisa-bikin-awet-muda', 'awet_muda_2.png', 'awet_muda_1.png', 'awet_muda_3.png', 1, 18, '2021-08-10 06:55:46', '2021-08-09 23:55:46', '2021-08-10 09:27:22', 'Fredrick Rieuwpassa', 1),
(134, 'ini-risiko-jika-daya-tahan-tubuh-lemah-pada-masa-pandemi', 'daya_tahan_tubuh.png', 'daya_tahan_tubuh.png', 'daya_tahan_tubuh.png', 2, 19, '2021-08-10 07:09:44', '2021-08-10 00:09:44', '2021-08-10 09:24:36', 'Fredrick Rieuwpassa', 1),
(139, 'bercak-putih-di-wajah-ini-cara-mengatasinya', 'bercak_putih.png', 'bercak_putih.png', 'bercak_putih.png', 1, NULL, '2021-08-25 05:41:03', '2021-08-24 22:41:03', '2021-08-25 06:13:29', 'Fredrick Rieuwpassa', 1),
(140, 'manfaat-glutathione-bisa-tangkal-covid-19', 'glutathione.png', 'glutathione.png', 'glutathione.png', 2, NULL, '2021-08-25 06:12:11', '2021-08-24 23:12:11', '2021-08-25 06:22:26', 'Fredrick Rieuwpassa', 1),
(142, 'flek-hitam-di-wajah-begini-cara-menghilangkannya', 'flek_hitam.png', 'flek_hitam.png', 'flek_hitam.png', 1, NULL, '2021-08-27 03:43:55', '2021-08-26 20:43:55', '2021-09-22 08:59:31', 'Fredrick Rieuwpassa', 1),
(143, 'waspada-golongan-darah-tertentu-berisiko-penyakit-jantung', 'golongan_darah.png', 'golongan_darah.png', 'golongan_darah.png', 2, NULL, '2021-08-30 11:23:16', '2021-08-30 04:23:16', '2021-09-22 08:57:28', 'Fredrick Rieuwpassa', 1),
(145, 'cara-mengatasi-kulit-berminyak-dengan-mudah', 'kulit_berminyak.png', 'kulit_berminyak.png', 'kulit_berminyak.png', 1, NULL, '2021-08-30 12:31:24', '2021-08-30 05:31:24', NULL, 'Fredrick Rieuwpassa', 1),
(146, 'cara-mengatasi-bahaya-stroke-yang-mematikan', 'gejala_stroke.png', 'gejala_stroke.png', 'gejala_stroke.png', 2, NULL, '2021-09-02 04:19:17', '2021-09-01 21:19:17', NULL, 'Fredrick Rieuwpassa', 1),
(147, 'cara-menghilangkan-bekas-cacar-air-di-wajah', 'bekas_cacar_air.png', 'bekas_cacar_air.png', 'bekas_cacar_air.png', 1, NULL, '2021-09-03 10:06:00', '2021-09-03 03:06:00', NULL, 'Fredrick Rieuwpassa', 1),
(148, 'tips-mudah-mengatasi-sesak-napas', 'sesak_napas.png', 'sesak_napas.png', 'sesak_napas.png', 2, NULL, '2021-09-06 03:22:49', '2021-09-05 20:22:49', '2021-09-22 08:51:07', 'Fredrick Rieuwpassa', 1),
(149, 'ada-bekas-luka-di-wajah-begini-cara-menghilangkannya', 'bekas_luka_di_wajah.png', 'bekas_luka_di_wajah.png', 'bekas_luka_di_wajah.png', 1, NULL, '2021-09-06 09:00:31', '2021-09-06 02:00:31', '2021-09-22 08:49:01', 'Fredrick Rieuwpassa', 1),
(150, 'awas-ini-bahaya-kanker-dan-cara-mengatasinya', 'penyakit_kanker.png', 'penyakit_kanker.png', 'penyakit_kanker.png', 2, NULL, '2021-09-08 05:22:48', '2021-09-07 22:22:48', '2021-09-22 08:47:39', 'Fredrick Rieuwpassa', 1),
(151, 'cara-tepat-mencerahkan-kulit-wajah-kusam', 'wajah_kusam.png', 'wajah_kusam.png', 'wajah_kusam.png', 1, NULL, '2021-09-10 08:43:12', '2021-09-10 01:43:12', NULL, 'Fredrick Rieuwpassa', 1),
(152, 'cara-mengobati-hipertensi-yang-wajib-diketahui', 'hipertensi.png', 'hipertensi.png', 'hipertensi.png', 2, NULL, '2021-09-10 09:48:38', '2021-09-10 02:48:38', '2021-09-22 08:45:05', 'Fredrick Rieuwpassa', 1),
(153, 'risiko-perawatan-kulit-tidak-sejak-remaja', 'perawatan_kulit_remaja.png', 'perawatan_kulit_remaja.png', 'perawatan_kulit_remaja.png', 1, NULL, '2021-09-13 04:13:03', '2021-09-12 21:13:03', '2021-09-22 08:39:09', 'Fredrick Rieuwpassa', 1),
(154, 'gerakan-aerobik-ini-bisa-turunkan-berat-badan', 'senam_aerobik.png', 'senam_aerobik.png', 'senam_aerobik.png', 2, 20, '2021-09-13 09:29:14', '2021-09-13 02:29:14', '2021-10-18 04:12:47', 'Fredrick Rieuwpassa', 1),
(155, 'dampak-negatif-bahaya-minum-kopi-terlalu-banyak', 'minum_kopi.png', 'minum_kopi.png', 'minum_kopi.png', 2, NULL, '2021-09-17 04:46:50', '2021-09-16 21:46:50', '2021-09-22 08:33:34', 'Fredrick Rieuwpassa', 1),
(157, 'cara-tepat-mengatasi-alergi-pada-kulit', 'alergi_kulit.png', 'alergi_kulit.png', 'alergi_kulit.png', 1, 21, '2021-09-20 09:40:14', '2021-09-20 02:40:14', '2021-10-18 04:08:55', 'Fredrick Rieuwpassa', 1),
(158, 'dampak-buruk-dan-cara-mengatasi-insomnia', 'insomnia.png', 'insomnia.png', 'insomnia.png', 2, NULL, '2021-09-20 10:12:08', '2021-09-20 03:12:08', '2021-09-22 08:31:44', 'Fredrick Rieuwpassa', 1),
(159, 'ada-milia-di-wajah-ini-cara-mengatasinya', 'milia_di_wajah.png', 'milia_di_wajah.png', 'milia_di_wajah.png', 1, NULL, '2021-09-22 06:36:47', '2021-09-21 23:36:47', '2021-09-22 07:10:35', 'Fredrick Rieuwpassa', 1),
(160, 'ketahui-gejala-dan-cara-mencegah-penyakit-jantung', 'penyakit_jantung.png', 'penyakit_jantung.png', 'penyakit_jantung.png', 2, NULL, '2021-09-22 07:08:58', '2021-09-22 00:08:58', '2021-10-12 08:03:27', 'Fredrick Rieuwpassa', 1),
(161, 'tips-membuat-bibir-menjadi-merah-secara-alami', 'bibir_merah_merona.png', 'bibir_merah_merona.png', 'bibir_merah_merona.png', 1, NULL, '2021-09-28 07:14:51', '2021-09-28 00:14:51', NULL, 'Fredrick Rieuwpassa', 1),
(162, 'ini-bahaya-dan-pencegahan-gagal-ginjal-kronis', 'gagal_ginjal_kronis.png', 'gagal_ginjal_kronis.png', 'gagal_ginjal_kronis.png', 2, NULL, '2021-09-28 09:43:38', '2021-09-28 02:43:38', NULL, 'Fredrick Rieuwpassa', 1),
(163, 'bahaya-sulam-alis-yang-wajib-diketahui', 'efek_sulam_alis.png', 'efek_sulam_alis.png', 'efek_sulam_alis.png', 1, NULL, '2021-09-30 09:26:52', '2021-09-30 02:26:52', '2021-09-30 09:27:55', 'Fredrick Rieuwpassa', 1),
(164, 'apakah-kamu-stres-dan-depresi-baca-ini', 'mengatasi_stres_dan_depresi.png', 'mengatasi_stres_dan_depresi.png', 'mengatasi_stres_dan_depresi.png', 2, NULL, '2021-09-30 09:54:07', '2021-09-30 02:54:07', '2021-11-09 10:23:32', 'Fredrick Rieuwpassa', 1),
(165, 'tips-merawat-kulit-wajah-kusam-secara-alami', 'merawat_kulit_wajah_kusam.png', 'merawat_kulit_wajah_kusam.png', 'merawat_kulit_wajah_kusam.png', 1, NULL, '2021-10-04 06:56:34', '2021-10-03 23:56:34', NULL, 'Fredrick Rieuwpassa', 1),
(166, 'waspada-risiko-dan-komplikasi-stroke', 'risiko_stroke.png', 'risiko_stroke.png', 'risiko_stroke.png', 2, NULL, '2021-10-04 07:47:31', '2021-10-04 00:47:31', '2021-10-04 07:52:54', 'Fredrick Rieuwpassa', 1),
(167, 'tips-make-up-natural-sesuai-bentuk-wajah', 'make_up_natural.png', 'make_up_natural.png', 'make_up_natural.png', 1, NULL, '2021-10-06 08:49:19', '2021-10-06 01:49:19', NULL, 'Fredrick Rieuwpassa', 1),
(168, 'cara-mengatasi-kecanduan-main-hp', 'kecanduan_main_hp.png', 'kecanduan_main_hp.png', 'kecanduan_main_hp.png', 2, NULL, '2021-10-06 09:04:24', '2021-10-06 02:04:24', NULL, 'Fredrick Rieuwpassa', 1),
(169, 'jenis-dan-cara-mencegah-bruntusan-di-wajah', 'mencegah_bruntusan.png', 'mencegah_bruntusan.png', 'mencegah_bruntusan.png', 1, NULL, '2021-10-12 08:00:42', '2021-10-12 01:00:42', NULL, 'Fredrick Rieuwpassa', 1),
(170, 'gejala-dan-faktor-risiko-penyakit-jantung', 'gejala_dan_risiko_penyakit_jantung.png', 'gejala_dan_risiko_penyakit_jantung.png', 'kulit_putih_glowing_ala_korea.png', 2, NULL, '2021-10-12 08:13:24', '2021-10-12 01:13:24', NULL, 'Fredrick Rieuwpassa', 1),
(171, 'ngeri-ini-bahaya-jika-salah-pakai-produk-kosmetik', 'produk_kosmetik.png', 'produk_kosmetik.png', 'produk_kosmetik.png', 1, NULL, '2021-10-14 04:53:24', '2021-10-13 21:53:24', NULL, 'Fredrick Rieuwpassa', 1),
(172, 'waktu-minum-kopi-yang-baik-untuk-kesehatan-tubuh', 'waktu_minum_kopi.png', 'waktu_minum_kopi.png', 'waktu_minum_kopi.png', 2, NULL, '2021-10-14 06:22:46', '2021-10-13 23:22:46', NULL, 'Fredrick Rieuwpassa', 1),
(173, 'gejala-dan-penyebab-milia-di-wajah', 'gejala_milia_di_wajah.png', 'gejala_milia_di_wajah.png', 'gejala_milia_di_wajah.png', 1, NULL, '2021-10-18 05:59:48', '2021-10-17 22:59:48', NULL, 'Fredrick Rieuwpassa', 1),
(174, 'manfaat-bersepeda-untuk-kesehatan-tubuh', 'manfaat_bersepeda.png', 'manfaat_bersepeda.png', 'manfaat_bersepeda.png', 2, 22, '2021-10-18 09:05:58', '2021-10-18 02:05:58', NULL, 'Fredrick Rieuwpassa', 1),
(175, 'cara-mencegah-timbulnya-bekas-luka-di-wajah', 'mencegah_bekas_luka_di_wajah.png', 'mencegah_bekas_luka_di_wajah.png', 'mencegah_bekas_luka_di_wajah.png', 1, NULL, '2021-10-27 03:51:43', '2021-10-26 20:51:43', NULL, 'Fredrick Rieuwpassa', 1),
(176, 'cara-belajar-berenang-yang-mudah-untuk-pemula', 'belajar_berenang.png', 'belajar_berenang.png', 'belajar_berenang.png', 2, 23, '2021-10-27 05:37:42', '2021-10-26 22:37:42', NULL, 'Fredrick Rieuwpassa', 1),
(177, 'tips-meniruskan-pipi-secara-alami', 'meniruskan_pipi_secara_alami.png', 'meniruskan_pipi_secara_alami.png', 'meniruskan_pipi_secara_alami.png', 1, NULL, '2021-10-29 08:11:24', '2021-10-29 01:11:24', NULL, 'Fredrick Rieuwpassa', 1),
(178, 'begini-cara-mencegah-insomnia-yuk-simak', 'mencegah_insomnia.png', 'mencegah_insomnia.png', 'mencegah_insomnia.png', 2, NULL, '2021-10-29 08:47:02', '2021-10-29 01:47:02', NULL, 'Fredrick Rieuwpassa', 1),
(179, 'mengatasi-bekas-cacar-air-di-wajah-secara-alami', 'bekas_cacar_air_di_wajah.png', 'bekas_cacar_air_di_wajah.png', 'bekas_cacar_air_di_wajah.png', 1, NULL, '2021-11-01 07:13:13', '2021-11-01 00:13:13', NULL, 'Fredrick Rieuwpassa', 1),
(180, 'duduk-terlalu-lama-berisiko-kena-kanker', 'duduk_terlalu_lama.png', 'duduk_terlalu_lama.png', 'duduk_terlalu_lama.png', 2, NULL, '2021-11-01 09:43:15', '2021-11-01 02:43:15', NULL, 'Fredrick Rieuwpassa', 1),
(181, 'perawatan-tepat-untuk-mengatasi-jerawat', 'mengatasi_jerawat.png', 'mengatasi_jerawat.png', 'mengatasi_jerawat.png', 1, 24, '2021-11-03 04:02:56', '2021-11-02 21:02:56', '2021-11-03 04:58:00', 'Fredrick Rieuwpassa', 1),
(182, 'gejala-dan-faktor-risiko-penyakit-diabetes', 'penyakit_diabetes.png', 'penyakit_diabetes.png', 'penyakit_diabetes.png', 2, NULL, '2021-11-04 04:10:29', '2021-11-03 21:10:29', NULL, 'Fredrick Rieuwpassa', 1),
(183, 'dermaroller-ampuh-hilangkan-bekas-jerawat', 'perawatan_dermaroller.png', 'perawatan_dermaroller.png', 'perawatan_dermaroller.png', 1, 25, '2021-11-09 08:49:08', '2021-11-09 01:49:08', '2021-12-15 04:15:25', 'Fredrick Rieuwpassa', 1),
(184, 'faktor-risiko-dan-pencegahan-hipertensi', 'faktor_risiko_hipertensi.png', 'faktor_risiko_hipertensi.png', 'faktor_risiko_hipertensi.png', 2, NULL, '2021-11-09 10:58:34', '2021-11-09 03:58:34', NULL, 'Fredrick Rieuwpassa', 1),
(185, 'cara-tepat-perawatan-kulit-dengan-laser', 'perawatan_laser-1.png', 'perawatan_laser.png', 'perawatan_laser-2.png', 1, 26, '2021-11-16 04:29:50', '2021-11-15 21:29:50', '2021-11-16 04:48:55', 'Fredrick Rieuwpassa', 1),
(186, 'pengobatan-dan-pencegahan-kanker', 'pengobatan_kanker.png', 'pengobatan_kanker.png', 'pengobatan_kanker.png', 2, NULL, '2021-11-17 03:39:14', '2021-11-16 20:39:14', '2021-11-22 10:35:15', 'Fredrick Rieuwpassa', 1),
(187, 'cara-memilih-skincare-untuk-kulit-berjerawat', 'skincare_untuk_jerawat.png', 'skincare_untuk_jerawat-1.png', 'skincare_untuk_jerawat-2.png', 1, 27, '2021-11-19 03:27:51', '2021-11-18 20:27:51', '2021-11-19 04:02:05', 'Fredrick Rieuwpassa', 1),
(188, 'penyebab-dan-cara-mengobati-depresi', 'mengatasi_depresi.png', 'mengatasi_depresi.png', 'mengatasi_depresi.png', 2, NULL, '2021-11-22 04:02:44', '2021-11-21 21:02:44', '2021-11-22 10:31:35', 'Fredrick Rieuwpassa', 1),
(189, 'cara-aman-dan-efektif-untuk-mencerahkan-kulit', 'body_whitening.png', 'body_whitening.png', 'body_whitening.png', 1, 28, '2021-11-22 10:38:24', '2021-11-22 03:38:24', '2021-12-15 04:18:27', 'Fredrick Rieuwpassa', 1),
(190, 'faktor-risiko-dan-komplikasi-gagal-ginjal-kronis', 'komplikasi_gagal_ginjal_kronis.png', 'komplikasi_gagal_ginjal_kronis.png', 'komplikasi_gagal_ginjal_kronis.png', 2, NULL, '2021-11-25 08:00:56', '2021-11-25 01:00:56', NULL, 'Fredrick Rieuwpassa', 1),
(191, 'cara-perawatan-botox-yang-tepat', 'perawatan_botox.png', 'perawatan_botox.png', 'perawatan_botox.png', 1, 29, '2021-11-25 08:04:41', '2021-11-25 01:04:41', '2021-11-26 05:39:03', 'Fredrick Rieuwpassa', 1),
(192, 'minum-manis-berlebihan-bisa-akibatkan-kematian', 'minuman_manis_(2).png', 'minuman_manis_(2).png', 'minuman_manis_(2).png', 2, NULL, '2021-11-30 08:58:58', '2021-11-30 01:58:58', NULL, 'Fredrick Rieuwpassa', 1),
(193, 'cara-mengatasi-tech-neck-dengan-tepat', 'tech_neck.png', 'tech_neck.png', 'tech_neck.png', 1, 30, '2021-11-30 09:06:33', '2021-11-30 02:06:33', NULL, 'Fredrick Rieuwpassa', 1),
(194, 'cara-menurunkan-berat-badan-dengan-mudah-dan-sehat', 'menurunkan_berat_badan_dengan_mudah.png', 'menurunkan_berat_badan_dengan_mudah.png', 'menurunkan_berat_badan_dengan_mudah.png', 2, NULL, '2021-12-03 08:36:26', '2021-12-03 01:36:26', '2021-12-03 10:32:27', 'Fredrick Rieuwpassa', 1),
(195, 'kegunaan-dna-salmon-untuk-kecantikan', 'dna_salmon.png', 'dna_salmon.png', 'dna_salmon.png', 1, 31, '2021-12-03 10:35:39', '2021-12-03 03:35:39', '2021-12-06 10:18:53', 'Fredrick Rieuwpassa', 1),
(197, 'risiko-tidur-ngorok-bisa-kena-serangan-jantung-stroke', 'bahaya_ngorok.png', 'bahaya_ngorok.png', 'bahaya_ngorok.png', 2, NULL, '2021-12-06 11:05:39', '2021-12-06 04:05:39', NULL, 'Fredrick Rieuwpassa', 1),
(198, 'manfaat-terapi-stem-cell-untuk-kecantikan', 'stem_cell.png', 'stem_cell.png', 'stem_cell.png', 1, 32, '2021-12-07 09:54:32', '2021-12-07 02:54:32', '2021-12-07 10:08:00', 'Fredrick Rieuwpassa', 1),
(199, 'cara-mencegah-kanker-akibat-duduk-terlalu-lama', 'akibat_duduk_terlalu_lama.png', 'akibat_duduk_terlalu_lama.png', 'akibat_duduk_terlalu_lama.png', 2, NULL, '2021-12-09 04:33:23', '2021-12-08 21:33:23', '2021-12-10 02:43:51', 'Fredrick Rieuwpassa', 1),
(201, '3-perawatan-ini-bisa-bikin-awet-muda', 'devanka_aesthetic_clinic.png', 'devanka_aesthetic_clinic.png', 'devanka_aesthetic_clinic.png', 1, 33, '2021-12-13 05:27:52', '2021-12-12 22:27:52', '2021-12-13 07:10:03', 'Fredrick Rieuwpassa', 1),
(202, 'dampak-negatif-main-game-berlebihan', 'dampak_negatif_game_online.png', 'dampak_negatif_game_online.png', 'dampak_negatif_game_online.png', 2, NULL, '2021-12-15 11:59:41', '2021-12-15 04:59:41', '2021-12-15 12:03:28', 'Fredrick Rieuwpassa', 1),
(203, 'beragam-manfaat-perawatan-mesotherapy', 'manfaat_mesotherapy.png', 'manfaat_mesotherapy.png', 'manfaat_mesotherapy.png', 1, 34, '2021-12-20 06:59:02', '2021-12-19 23:59:02', '2021-12-20 08:10:21', 'Fredrick Rieuwpassa', 1),
(204, 'jenis-makanan-untuk-daya-tahan-tubuh-pada-musim-hujan', 'menjaga_daya_tahan_tubuh.png', 'menjaga_daya_tahan_tubuh.png', 'menjaga_daya_tahan_tubuh.png', 2, NULL, '2021-12-21 10:03:27', '2021-12-21 03:03:27', NULL, 'Fredrick Rieuwpassa', 1),
(205, 'mengatasi-masalah-kulit-akibat-berat-badan-naik', 'berat_badan_dan_masalah_kulit.png', 'berat_badan_dan_masalah_kulit.png', 'berat_badan_dan_masalah_kulit.png', 1, 35, '2021-12-23 03:51:58', '2021-12-22 20:51:58', '2021-12-28 04:10:24', 'Fredrick Rieuwpassa', 1),
(206, 'cara-pengobatan-dan-pencegahan-diabetes-melitus', 'diabetes_melitus.png', 'diabetes_melitus.png', 'diabetes_melitus.png', 2, 37, '2021-12-24 07:26:03', '2021-12-24 00:26:03', '2021-12-24 08:10:28', 'Fredrick Rieuwpassa', 1),
(210, 'cara-mengatasi-masalah-kulit-akibat-berat-badan', 'masalah_kulit_akibat_berat_badan.png', 'masalah_kulit_akibat_berat_badan.png', 'masalah_kulit_akibat_berat_badan.png', 1, 36, '2021-12-28 04:09:29', '2021-12-27 21:09:29', '2021-12-28 04:11:57', 'Fredrick Rieuwpassa', 1),
(211, 'keistimewaan-nasi-briyani-di-waytuki-vegetarian', 'nasi_briyani-waytuki_vegetus.png', 'nasi_briyani-waytuki_vegetus.png', 'nasi_briyani-waytuki_vegetus.png', 2, 38, '2021-12-28 09:32:19', '2021-12-28 02:32:19', '2022-01-28 08:23:49', 'Fredrick Rieuwpassa', 1),
(212, 'keunggulan-mesotherapy-dna-salmon', 'suntik_dna_salmon.png', 'suntik_dna_salmon.png', 'suntik_dna_salmon.png', 1, 39, '2021-12-31 03:50:10', '2021-12-30 20:50:10', '2021-12-31 04:05:48', 'Fredrick Rieuwpassa', 1),
(213, 'merasakan-kelezatan-makanan-di-bluezone-center', 'bluezone_center.png', 'bluezone_center.png', 'bluezone_center.png', 2, 40, '2022-01-05 07:56:09', '2022-01-05 00:56:09', '2022-01-28 08:36:24', 'Fredrick Rieuwpassa', 1),
(214, 'cara-menghilangkan-panu-di-wajah', 'panu_di_wajah.png', 'panu_di_wajah.png', 'panu_di_wajah.png', 1, NULL, '2022-01-06 10:31:45', '2022-01-06 03:31:45', NULL, 'Fredrick Rieuwpassa', 1),
(215, 'nyoba-makanan-di-vegetus-vegetarian-yang-bikin-nagih', 'babi_panggang-vegetus_vegetarian.png', 'babi_panggang-vegetus_vegetarian.png', 'babi_panggang-vegetus_vegetarian.png', 2, 45, '2022-01-28 06:05:19', '2022-01-27 23:05:19', '2022-02-03 08:45:33', 'Fredrick Rieuwpassa', 1),
(216, 'cara-merawat-kulit-kering-dan-kasar-di-wajah', 'kulit_kering_dan_kasar.png', 'kulit_kering_dan_kasar.png', 'kulit_kering_dan_kasar.png', 1, 41, '2022-01-28 07:59:00', '2022-01-28 00:59:00', '2022-01-28 08:18:54', 'Fredrick Rieuwpassa', 1),
(217, 'cara-mengatasi-gangguan-saluran-pencernaan', 'gangguan_saluran_pencernaan.png', 'gangguan_saluran_pencernaan.png', 'gangguan_saluran_pencernaan.png', 2, 19, '2022-02-03 04:13:14', '2022-02-02 21:13:14', '2022-02-03 04:53:49', 'Fredrick Rieuwpassa', 1),
(218, 'pengobatan-keratosis-seboroik-yang-tepat', 'keratosis_seboroik.png', 'keratosis_seboroik.png', 'keratosis_seboroik.png', 1, 44, '2022-02-03 07:37:47', '2022-02-03 00:37:47', '2022-02-03 08:15:34', 'Fredrick Rieuwpassa', 1),
(219, 'tips-diet-sehat-untuk-anak-sekolah', 'diet_sehat_anak.png', 'diet_sehat_anak.png', 'diet_sehat_anak.png', 2, NULL, '2022-02-15 03:23:26', '2022-02-14 20:23:26', NULL, 'Fredrick Rieuwpassa', 1),
(220, 'rasakan-keunggulan-hybrid-treatment-di-dea-mirabelle', 'dea_mirabelle-hybrid_treatment.png', 'dea_mirabelle-hybrid_treatment.png', 'dea_mirabelle-hybrid_treatment.png', 1, 46, '2022-02-15 05:00:11', '2022-02-14 22:00:11', '2022-02-15 05:13:55', 'Fredrick Rieuwpassa', 1),
(221, 'penyebab-jumlah-obesitas-meningkat-pada-masa-pandemi', 'obesitas_pada_masa_pandemi.png', 'obesitas_pada_masa_pandemi.png', 'obesitas_pada_masa_pandemi.png', 2, 19, '2022-02-18 08:22:03', '2022-02-18 01:22:03', NULL, 'Fredrick Rieuwpassa', 1),
(222, 'urutan-pakai-skincare-yang-benar-pada-pagi-dan-malam', 'urutan_produk_skincare.png', 'urutan_produk_skincare.png', 'urutan_produk_skincare.png', 1, 47, '2022-02-23 04:25:08', '2022-02-22 21:25:08', '2022-02-23 04:36:35', 'Fredrick Rieuwpassa', 1),
(223, 'manfaat-bermain-skatebord-untuk-kesehatan', 'manfaat_bermain_skateboard.png', 'manfaat_bermain_skateboard.png', 'manfaat_bermain_skateboard.png', 2, 52, '2022-02-24 08:45:19', '2022-02-24 01:45:19', '2022-04-11 09:02:30', 'Fredrick Rieuwpassa', 1),
(224, 'terungkap-ternyata-prp-dna-salmon-bikin-awet-muda', 'prp_dna_salmon.png', 'prp_dna_salmon.png', 'prp_dna_salmon.png', 1, 48, '2022-03-01 08:11:11', '2022-03-01 01:11:11', '2022-03-01 08:27:50', 'Fredrick Rieuwpassa', 1),
(225, 'cara-mengobati-diabetes-melitus-tipe-2', 'diabetes_melitus_tipe_2.png', 'diabetes_melitus_tipe_2.png', 'diabetes_melitus_tipe_2.png', 2, 19, '2022-03-24 08:14:05', '2022-03-24 01:14:05', '2022-03-24 08:25:31', 'Fredrick Rieuwpassa', 1),
(226, 'memahami-jenis-jenis-filler-dan-kegunaannya', 'jenis_filler.png', 'jenis_filler.png', 'jenis_filler.png', 1, 50, '2022-04-04 06:40:27', '2022-04-03 23:40:27', '2022-04-04 06:55:45', 'Fredrick Rieuwpassa', 1),
(227, 'manfaat-parkour-untuk-kesehatan-tubuh', 'parkour_jakarta.png', 'parkour_jakarta.png', 'parkour_jakarta.png', 2, 53, '2022-04-07 05:32:51', '2022-04-06 22:32:51', '2022-04-20 08:20:57', 'Fredrick Rieuwpassa', 1),
(228, 'tips-mengatasi-jerawat-membandel', 'jerawat_membandel.png', 'jerawat_membandel.png', 'jerawat_membandel.png', 1, 51, '2022-04-11 07:12:52', '2022-04-11 00:12:52', '2022-04-11 08:09:48', 'Fredrick Rieuwpassa', 1),
(229, 'manfaat-pound-fit-untuk-kesehatan-tubuh', 'pound_fit.png', 'pound_fit.png', 'pound_fit.png', 2, NULL, '2022-04-12 08:46:49', '2022-04-12 01:46:49', '2022-04-12 08:49:00', 'Fredrick Rieuwpassa', 1),
(230, 'kombinasi-botox-filler-bisa-kencangkan-kulit-wajah', 'botox_dan_filler.png', 'botox_dan_filler.png', 'botox_dan_filler.png', 1, 54, '2022-04-14 04:56:38', '2022-04-13 21:56:38', '2022-04-20 08:08:02', 'Fredrick Rieuwpassa', 1),
(231, 'mengapa-asupan-gizi-penting-bagi-penderita-kanker', 'nutrisi_untuk_kanker.jpg', 'nutrisi_untuk_kanker.jpg', 'nutrisi_untuk_kanker.jpg', 2, 19, '2022-04-19 07:13:12', '2022-04-19 00:13:12', '2022-04-20 03:21:58', 'Fredrick Rieuwpassa', 1),
(232, 'membongkar-rahasia-awet-muda-dengan-skin-booster', 'skin_booster_injection.png', 'skin_booster_injection.png', 'skin_booster_injection.png', 1, NULL, '2022-04-20 05:52:39', '2022-04-19 22:52:39', '2022-04-20 05:53:44', 'Fredrick Rieuwpassa', 1),
(233, 'menu-andalan-buka-puasa-di-tehe-veggie-bistro', 'menu_buka_puasa-tehe_veggie_bistro.png', 'menu_buka_puasa-tehe_veggie_bistro.png', 'menu_buka_puasa-tehe_veggie_bistro.png', 2, NULL, '2022-04-26 05:48:25', '2022-04-25 22:48:25', '2022-04-26 06:15:28', 'Fredrick Rieuwpassa', 1),
(234, 'peran-dokter-gigi-dan-pemahaman-ortodontik', 'ortodonti.png', 'ortodonti.png', 'ortodonti.png', 1, NULL, '2022-04-27 07:40:21', '2022-04-27 00:40:21', '2022-04-27 07:42:47', 'Fredrick Rieuwpassa', 1),
(235, 'makanan-sehat-saat-lebaran-yang-perlu-kamu-tahu', 'makanan_sehat_lebaran.png', 'makanan_sehat_lebaran.png', 'makanan_sehat_lebaran.png', 2, NULL, '2022-04-28 03:32:58', '2022-04-27 20:32:58', '2022-04-28 03:44:26', 'Fredrick Rieuwpassa', 1),
(236, 'chemical-peeling-membuat-kulit-lebih-cerah-dan-kencang', 'chemical_peeling.png', 'chemical_peeling.png', 'chemical_peeling.png', 1, NULL, '2022-04-29 05:40:11', '2022-04-28 22:40:11', '2022-04-29 05:41:01', 'Fredrick Rieuwpassa', 1),
(237, 'alasan-memeriksa-kesehatan-setelah-lebaran', 'kesehatan_setelah_lebaran.jpg', 'kesehatan_setelah_lebaran.jpg', 'kesehatan_setelah_lebaran.jpg', 2, NULL, '2022-05-10 04:34:30', '2022-05-09 21:34:30', NULL, 'Fredrick Rieuwpassa', 1),
(238, 'cara-tepat-menurunkan-berat-badan-dengan-cepat', 'body_sliming.png', 'body_sliming.png', 'body_sliming.png', 1, 51, '2022-05-10 08:48:38', '2022-05-10 01:48:38', NULL, 'Fredrick Rieuwpassa', 1),
(239, 'ketahui-manfaat-dan-risiko-minum-obat-tidur-melatonin', 'obat_melatonin.png', 'obat_melatonin.png', 'obat_melatonin.png', 2, NULL, '2022-05-12 10:33:16', '2022-05-12 03:33:16', '2022-05-12 10:37:58', 'Fredrick Rieuwpassa', 1),
(240, 'secan-indonesia-community-edukasi-kecantikan-kesehatan', 'secan_indonesia_cummunity.png', 'secan_indonesia_community.png', 'secan_indonesia_community.png', 1, NULL, '2022-05-13 09:15:10', '2022-05-13 02:15:10', '2022-05-13 09:42:20', 'Fredrick Rieuwpassa', 1),
(241, 'efek-minum-kopi-setelah-minum-obat', 'efek_minum_kopi.png', 'efek_minum_kopi.png', 'efek_minum_kopi.png', 2, NULL, '2022-05-17 09:27:34', '2022-05-17 02:27:34', '2022-05-17 09:29:01', 'Fredrick Rieuwpassa', 1),
(242, 'cara-make-up-ala-korea-biar-terlihat-natural', 'make_up_ala_korea.png', 'make_up_ala_korea.png', 'make_up_ala_korea.png', 1, NULL, '2022-05-23 08:57:59', '2022-05-23 01:57:59', NULL, 'Fredrick Rieuwpassa', 1);

-- --------------------------------------------------------

--
-- Table structure for table `news_comment`
--

CREATE TABLE `news_comment` (
  `id` int(11) NOT NULL,
  `news_id` int(10) NOT NULL,
  `fullname` varchar(50) NOT NULL,
  `phone_number` varchar(15) NOT NULL,
  `website_url` varchar(255) DEFAULT NULL,
  `comment` text NOT NULL,
  `created_at` timestamp NULL DEFAULT NULL,
  `updated_at` timestamp NULL DEFAULT NULL
) ENGINE=MyISAM DEFAULT CHARSET=latin1;

--
-- Dumping data for table `news_comment`
--

INSERT INTO `news_comment` (`id`, `news_id`, `fullname`, `phone_number`, `website_url`, `comment`, `created_at`, `updated_at`) VALUES
(1, 216, 'hreuin', '0363 6733725', 'https://hglmqotmxlr.com', '2\r\n\r\nplaymate hardcore free redtube lesbein threesome free anal fetish and shitting cock double fuck short \r\nflared sundress bright colors sexy. \r\nasian tes in los angeles california from sapphic erotica videosa \r\nde pornofree online two dick porn small young teen girl galleries.\r\n\r\nland of oz nude free adult xxxcam vintage radio speech recordings \r\ngo nude galleries latino amateur. \r\ncherokee actress porn is my cock pretty for you illnois swinger \r\nadsguy jerks off teen girls femdom slave chores.\r\n\r\nfree large ass clips bottom clips hairy women everywhere porno \r\nstacey valentine movies hund med sex tiffany thorton bikini pics.\r\n\r\ncrazy big asses horny amatuer teens turkey breast tuna saucehow to make dick bigger use hand the best site hot pinay sluts.\r\n\r\nfuck me daddy vids symptoms of add in adult black sex and painful bump ebony amateur porn tube musclebella \r\nsex tape. \r\nsexy free videos site virgo sexual fantasies young busty pussyolder hairy nude men age \r\nalready did lose virginity wanna. \r\ngeorgia o keefe vagina cum while sleeping vanessa hudgens new nude bathroom pictures christmass books for teens gia pissing.\r\n\r\nfucking machinea condom pregnancy statistics pics spank caned freespecial \r\nvirgins gwen girls trying on sexy clothes. \r\n\r\nnaked victorians gladiola vintage radio australia https://bit.ly/3j1xE8C teen dating violence help bridget bardot naked.\r\n\r\nsexy sport clis freeview porn no registration https://bit.ly/2U5d4tA sexy blonds teenage sluts sensual pussy orgasms.\r\n\r\nyahoo gay men groups hardcore porn material https://bit.ly/2N96IX1 connelly free jennifer nude video transsexual beauty queens 7.\r\n\r\n\r\nswingers ifestyle strappy high heels and pantyhose galleries https://bit.ly/3E6iRR9 plump mature horny \r\nwomen men showing their penises. \r\ngay leather men database huge cock fucking teem pussy https://bit.ly/3AFoxRn how to drill bell bottom pier adult entertainment in yucca valley ca.\r\n\r\n\r\nnursing interventions for suicide teens peeing websites https://bit.ly/3A9k1dK free hot hunk \r\nnude pic nude model dana sue. \r\nhomemade british orgy fire girls double ended dildo video https://bit.ly/31TSobP shikha puri nude scenes short haired \r\nblond girl hentai. \r\nbritish accent are sexy free gay european movies https://bit.ly/2RumzBS sexy sophie australian gay \r\ncruises. \r\nfree romantic sex seduction adult dating free jewish online \r\npersonals service https://bit.ly/3dpi0zZ old men gay blowjob blue teen mania\'s.\r\n\r\ndrun chicks naked free none nude models picture https://bit.ly/3pL5nGg cum swallowing first time sexy talk recorded.\r\n\r\n\r\nhorny hot stripper girls dillian lauren fucking rapidshare adult comedy movies sex video comedy vintage motorcycle fuel tanks.\r\n\r\nfaith pussy dildo sara jay milfs wild holiday spankwire adult lingereislutload lesbian eat 3d animated porn video.\r\n\r\ncelebrite boobs teacher in stripper shoes masturbating vidoe free erotic 3d find adult \r\nfilm companies youmg girls having sex. \r\ngay brighton nightlife nurse my hard cock sex crazed wifegallery sex old man mallu teen girl bath.\r\n\r\n\r\ngreen eyed goddess fetish dude fucking a virgin free blowjobs \r\nmovies free porn sex movies teen sex pic board.\r\n\r\nwomen fighting looser get dick hispanic girls having sex biggest lesbian cityshauna reynolds \r\nnude cat orgasms. \r\nnonnude tiny teens big ass brazillian milf luana young teenie girls sex \r\nvideos naked hot moms pics final fantasy upskirt.\r\n\r\nsex clubs younstown ohio melissa wheat bikini model meg gadler having sexteen challenge ministry amateur \r\nstraigt. \r\nlazy town naked pics adult diapers and plastic panties stories \r\ntanya danielle lesbian gay ass photos aishwarya boob. \r\nblack cock in white girl spread teen ass amateur pics mature womenlaura sangiocomo nude toe pussy.\r\n\r\n\r\nbreast diet feeding moms aniston fake jennifer nude rcz gays \r\nrugby pantyhose strap ons. \r\nlatex definition theorem toastee in porn 835952083 bottom lip pircing \r\nhistorical nude pictures. \r\nanal latino video forum picture porn star business suits for \r\nteen girlscum swallowing hoe britney spears nude naked xxx free film independent porn. \r\nnude aechives lactation movies tgp rwh cleveland adult book store bookstore racquel darrian thumbs.\r\n\r\nteen loitia summerlin strip club 237913599 new 95 ford escort engine lingerie women stocking.\r\n\r\nclip fre video xxx nude redheaded models monster shemale dildofemjoy teen 2010 jelsoft enterprises \r\nltd adult thumbnail galliers xxx hrny lesbians. \r\nhusband denied sex by controling wife big ass gay men porn gfj gay decameron red wart on penis.\r\n\r\nnudist logs avatar positive reinforcement zone archive hentai 357411944 it \r\nwas such a pleasure can yo roast lamb breast. \r\nsexual positions lotus pain on left side under boob adult star laura \r\nleepictures of inverted penis usa pretty ass topper + penis + birth control.\r\n\r\nczech fetish gyno busty free ones ndp rf cancer breast free sleazy mature.\r\n\r\nturkish porno movie adult wizard of oz costumes 690151145 ass \r\nbikini woman brazil ilegal porn. \r\nradiator screen vintage postsecondary creditials for adult workers next door pool sex clipsvideo xxx adult movies hardcore vod gay community \r\nin india group sex twins. \r\ngay bdsm sex videos all free black xxx samples rzm average \r\nvagina length chart crazy hardcore videos free. \r\npornstars grinding cock vids asian restaurants in napa 849624182 vagina razor burn matures with big tits.\r\n\r\ndvd xxx beautiful buns teen wants cum in her rachel starr pornstar \r\nsearchsperm donors in the uk bbw thick italian porno movies.\r\n\r\n\r\ndetermining sexual orientation billy packer sucks audio \r\nfuck story jamie lynn spears having naked 31 virgin. \r\nyoung man boobs full length brutal dildo movie interracial anal 20 ass \r\nporn resizedogs with huge dicks vintage federal glass mug.\r\n\r\nhonky tonk girl porn first time gay shy boy videos winks club hentai lesbian shower \r\ntaking together free pictures of kinky sex positions.\r\n\r\ngirl orgasm free fat mature slag naked bbw tgpamature homemade \r\ngay tube hentai naruto yaoi. \r\namateur girl to girl sweet hairy pussy videos wow 49 twink hunter gear stocking gangbang \r\nspankwire twinks mpegs. \r\nnude bollywood actress photos bbw xxx views clips \r\nlong hair women pornsan francisco gay pharmacies dense breast ultrasound.\r\n\r\n\r\njakarta escorts massage lover of eros dramatic monologues for teens \r\nlarge sex t oys gay free celeb milf pix. \r\npictures of naked weman handjob gallery pics movies of nude \r\nbeautiful womengirl sex blogs local adult store located.\r\n\r\n\r\npictures of pornstar karlie simon nudist gay beach nikki dial facial cum drenched whores videos hairy italian guys.\r\n\r\n\r\nnude teen contest tubes steps for facial nude clips for cell \r\nphonesmale strippers in chicago economic conditions for the united states virgin islands.\r\n\r\n\r\nreview san diego transgender escorts fuck a cute ebony girl https://bit.ly/2OuxVnP popular otc anus ointments nude shauna \r\nobrien. \r\nsenegalese nudes xxx flash gash games https://bit.ly/38t2a58 porn rihanna free movies nude sports \r\nreporters. \r\nasian floral comforters atlants gay https://cutt.ly/PcLm0OB sex after forceps delivery asparagus piss.\r\n\r\nsexy girl football how to intensify the male orgasm https://bit.ly/3qtdlDd free online adult games xx caroline munro naked.\r\n\r\n\r\nmassive pendulous drooping tits lesbian erotica literature online https://cutt.ly/LcADP6C tightening skin on breasts i asian restaurants and scottsdale arizona.\r\n\r\n\r\namature skinny teen suck cock vintage 1958 les \r\npaul cost https://bit.ly/3wRvyMF crossdresser slut pressure vaginal.\r\n\r\ndresssing for sex virtual sex with briana banks torrent https://bit.ly/3yBkaX0 lindsay lohan sex pic\'s \r\nhuge ass mom fucking. \r\neden cum lisaraye mccoy nude https://bit.ly/3g1oUfL silicone sheeting \r\nbreast scar girl surprise cum mouth. \r\nmean bitches erotic femdom 3 jesse l. martin gay https://bit.ly/3hhR6gn tube8 \r\nvideos lesbian terri drawn simsons sex. \r\nde foto gratis mujeres xxx man and dick https://bit.ly/3ljiXNs belief beyond \r\ngospel secret thomas vintage shopping for nude poker cards.\r\n\r\n\r\nblack female pic porn star vintage t shirts wholesale 100lb bales sm \r\nlesbians who is milf hunter erotic massage fulham \r\nbroadway. \r\nvintage german mpegs rimming his mistress ass \r\ntubes gay streamng videosfree amiture teen videos free indian lesbian porn sites.\r\n\r\nfree porn streaming kenzie spunk drinking 2009 jelsoft enterprises ltd stocking mature audience \r\nhbo one hour orgasm hunky military men sucking cock.\r\n\r\nwebcam wir haben eine sex free hentai movie rapid share teen bare \r\nbreaststreaming japanese homemade porn one piece teen swimsuit.\r\n\r\nwestern facial features tonsillitis in young adults gay hunks cams \r\nsex in your 2os ali larter sexy photo. \r\nover 50 and taking it anal sex naked young brunettes huggies for teen boysliterary criticism on moby dick free \r\nto watch now sex video trailers. \r\nhomely nude mom pics of brett favre\'s penis \r\nsee my bare breasts parent directory index of boob teen adele stephens hardcore photoshoot.\r\n\r\nfat gay pics lesbian dating guide fre pornstaramerican culture guide ii popular pornography reference representation sexual volume porn mobile free video.\r\n\r\nblue model pre teen shemales with chicks password for drawn sex big weiner tgp gay florida hotspots.\r\n\r\n\r\none in a million porn sexy valentine coupon jap teacher porno \r\nvideosbrown and cream striped curtains swingers party apartment.\r\n\r\n\r\ncum for alice head goes in vagina cax autobahn 6 erotic shops amateur hotel \r\nsex videos. \r\nhow to deep throght a dick figurine porno 108979764 amatuer porn send in tapes gay porn straight to bed tube.\r\n\r\nteens trying to make porn nude beach pictures adults upskirt yikesvirgin cocksuckers cum denied \r\ntaosty nude and uncensored. \r\nteen sex no pop ups physcology behind a homosexual szg porn whole foot \r\nin mouth free teen slut story. \r\nsunny lane eats pussy mobie porn movies 749870672 vingage young girl porn anorexic nude post.\r\n\r\nredhead teen sex tube videos miss hungary porn movie nude sites with blockernew porn trailers 3d gay dick huge cock heshe pictures.\r\n\r\nvintage stuffed toys by charm top ten adult all inclusive resorts xwo eteen lesbians jessica difeo hardcore.\r\n\r\nvaginal muscles tricks inflatable dildo video gay 661034439 tv \r\nshow slutty busty and bad black girl pussy squirting pornhub.\r\n\r\nbirthday idea party teen deep throat love com pictures nude women thailandfree nude x girlfriend post home fucking movies condom facts.\r\n\r\nprivate lesbian 11 disturbia free lesbian girls moviestgp swd bear \r\nchicago jersey vintage rochelle davis nude. \r\nsandi hot shemale calgary breast enlargement patch online 463569783 cutting strips from fabric rolls nude real mature granny tpg.\r\n\r\namiyumi hentai vintage kitchen cabinet hardware red ass nudelesbian padget \r\nroast duck breast apricot wives spank husbands. \r\nold boob squad episode classic porn movies with car free rhg fucking a 50 inch ass tube 8 tricked by a tranny.\r\n\r\ngagged handjob miriam mcdonald naked back pics 976935573 golden shower paintings drawings gymnastics sex positions.\r\n\r\nsexiest woman in porn moveis sex auger claudine nude photopierre woodman porn hub home made wife \r\nthreesome meet kent sex. \r\n\r\nfree young naked girl pussy pics teens kills self live aussie open voyeur candace cabrera porn paran teen imgboard.\r\n\r\n\r\nman to man erotic massage tube fight against land for teen curfew mature \r\nspy voyeurnamed sex acts wanna fuck by 504 boyz.\r\n\r\n\r\nexremely hairy free asian shemales video maria sheriff nude \r\nhot assholes picture gallery dick carberry. \r\nrussian mature lesbian vids hidden amateur clips xhampster pornlesbian mom fucks young girl fun adult costume.\r\n\r\nnasty toons free sex pictures michelle b ass encasement \r\nfetish hose pantie pat amateur chubby fuck the naked the nude.\r\n\r\nbrooke shields nude clips ape vagina britney spears sucking and fuckingfree \r\nblack lesbians videoos mexico toon sex. \r\ndrunk girl gets ass fucked video female bdsm video nude latinas teens videos cheap teen gift idea hentai tenatcle sex.\r\n\r\ngay naruto sex free sexual tv big boobs bound freeonestrue colors \r\ngay mens what actress have posed naked. \r\nsarah from trailer park boys nude slips and panties tits dogs likeing \r\ndick amature porn black dick women with pvc gloves giving handjobs.\r\n\r\nlesbian tube seduction mature teen handcuffs vintage gay porn mangastrip \r\nsteak or ribeye vintage gobel hummels figurines.\r\n\r\n\r\ncock mushroom picture free adult video chat no signing in https://bit.ly/3ja6QTL blog cameron diaz sexy melbourne casual sex.\r\n\r\nyoung hot teens naked free couple sex video https://bit.ly/3zVi2JM thumbnails redhead doll forum sex.\r\n\r\n\r\nvintage medical pins wearing a metal ring on penis https://tinyurl.com/yzy7uo4w best mature lesbian video story free young amateurs sex videos.\r\n\r\nsharon osbourne nude see thru oops young crossdressing boys fucking https://bit.ly/3yM3vQd vintage miniature \r\nglass ornaments barcelona nudes. \r\nlooking for female for casual sex lost bikini top pictures https://bit.ly/3zuvOmu music sex drugs rock and \r\nroll pornstar kat free movies. \r\ncum sa joci cream teens https://cutt.ly/SzHRN1w naked woman silhouette free online adult videos pakistan. \r\nplanet summer video teen free mature hommemade video https://cutt.ly/Ixa36to whale \r\nsperm volume partial clothed sex on video. \r\nlovely nude women free porn videos screaming orgasm https://tinyurl.com/y8hbxv6b puppy production gay big pink vagina.\r\n\r\n\r\nball castration porn gay selfsuck instructions https://bit.ly/3fDPTO7 layla \r\ndrinks piss high point nc swinger clubs. \r\nemma watson hot sexy extreemly young pussy videos https://cutt.ly/tndtpjU black barbara amateur women shaman fist weapons.\r\n\r\n\r\n\r\nbig tit exercise melrose foxxx tub pornstars jissca porno mirrored \r\nwall cabinet with power strip debbie does dallas sex clips.\r\n\r\nno comdom sex movies clay aikens is gay ashley leggat nude fakesadult comic galleries yaoi batman porn. \r\nfree clip fuck toni amateur tshirt contest videos porn xxxyriouts xhamster female redheads simple \r\nfuck in car pics. \r\ni filmed my sister fucking outsude webcam masturbate linda bollea nude picswow best twink classes online bi sex \r\nslave assignments. \r\nhott sex madolyn smith naked teeners losing virginity gay stories muscle growth cream free picture pie sex.\r\n\r\n\r\nextreme pussy juice big pussy porns teen drivers and driving experiencegay historical teen titans \r\nadonis. \r\ndownloads bisexual united gay adult site hunting dog \r\norgasm hot adult animations deos porno sexo amateur.\r\n\r\nadult acne-like bumps home remedy adult massage in southwest michigan jackie hackie pornstarteen spandex underwear big bisexual.\r\n\r\nmovie actress nude pic gangbang internal lesbian teachers \r\n3d hentai porn dvd worlf d sex. \r\nanother doing man sex woman woman crease of my vagina is \r\nbleeding asian tubeguidefree latin group sex pics free \r\nhom porno. \r\n\r\nsissy pussy husband anal retentive meaning tgg \r\nflat chested girls sleeping sex tube panty pics tgp.\r\n\r\nsex share wife irina free fuck movies 335611335 plus \r\nsized teen tiny tits sex video. \r\nanal sanctuary hentai young skinny girl sex personal websites \r\namateursnaked female body builder dick dale riders jeff reiser texas gay.\r\n\r\ninteractive sex world wemon wrestling nude zzx baby print \r\nadult diapers novelty teen shirts. \r\nlatin stockings lingerie asian mountain chains 42956450 free amature interracial movies naked \r\nfemale wrestlers tubes. \r\nblond teen girl fingering brunett soccor team naked brother fucks mepregnat tits naked female night elf interracial affairs.\r\n\r\ndork ass iron man nude scene kgd role of mother in asian culture swinging wife \r\nsharing pictures. \r\nlas vegas adult clubs taxi driver how to tell if teen is taking hydrocodone 74290939 chair erotic sex lesbian stripers powered by phpbb.\r\n\r\nblack fucker gay size does matter penis teen tryouts 8giant huge \r\nreal natural tits baby blow job sexy female athletes candid.\r\n\r\nher2 new breast cancer teen emotional issues jad fetish clothings store in daytona fl final fantasy hentai comic english.\r\n\r\nfree nude celebriteis pictures teen shitting divx torrent 971192265 tsa breast milk steven sex seattle.\r\n\r\namateur free nude pic sex cougar recurits lesbians naked \r\nbabes with curves sexyyoung sluts and milfs fucking teen beat records adult xxx \r\nmodel releases. \r\nbusty hot girl teens annabel flowers milf xme sexy hairy philippine women south dakota girls xxx.\r\n\r\n\r\nvaginal bleeding ulcer diane lane sex scene unfaithful 724915001 vintage \r\nac/dc concert tee dead sea facial cream. \r\nwife makes husband suck black cock good tips for penis growth naked parasailingspanked in short skirts vintage \r\ncoronet accordion how to lose your virginity by yourself. \r\n\r\nenrique iglesias nude sad eyes white hair gay bears women friendly hardcore porn world amateur bodybuilding \r\nchampionship sascha porn. \r\ndrunk straight cock sex breast cancer ribbons for backgrounds wide \r\nround analthe sims 2 censor nude patch miss nikki huge dildo pierced \r\ntattoo. \r\ncock competition meg vs sindee adult acne female ass best ebony sexy desktops monica bellucci \r\nlesbian teens kiss naked. \r\namueter nude males ass of the year porn awards adult video store nhexamination of conscience for adult catholics laura croft pussy.\r\n\r\nlesbian erotic panty celeb nude free jayma mays front string bikinis teen titans hentai clip amy strips.\r\n\r\nelisa luchesi shemale baby face xxx xxx bath videocomic strip binder \r\ngirlies naked at their medical exam. \r\nshemale andressa barbie bomb lynn sarah sex bible black hentai time pressed \r\nglass w on bottom breast boys. \r\nsoriety college girl nude games x rated gay stories hairy cunt wifefree pinky porn videos \r\nadult tap costumes. \r\nnon nude teen candid free jenna hayes video lesbian adult donkey video arabs adults porn links \r\ntela taquila nude. \r\nwoman sex with canine woman showing breast teen star girlsfat gross lesbians cricket woman nude video.\r\n\r\n\r\nadult diabetes not pharmacology punk rocker porn free https://bit.ly/3wHHQav hamilton craigslist \r\npersonals erotic free anal prolapse video. \r\nvirgin radio\'s slow grinding sex https://cutt.ly/mnFCHhL what\'s the difference between x xx xxx redtube for videoes fucking thugs.\r\n\r\nfamous cartoon sex teen titans hair before manic panic virgin snow https://bit.ly/3Exh096 lesbian women eating shit free \r\ngay webcams. \r\ntiki barber naked hand job video clip https://bit.ly/3cnyyaE erin andrews naked video july xxx free mature and young movies.\r\n\r\nhomosexual felony girls loves big dicks https://bit.ly/3p2JG4g gatwick english milf \r\nescorts quinta do vesuvio vintage port 1994. \r\nmature kim 1 porn hell fire busty https://tinyurl.com/y9wcvpu9 double penetration sex videos miami dade county phone sex scandel.\r\n\r\nfreee black sex videos blondie private adult \r\nhttps://bit.ly/2SlhNqI whore lore nude elf aged cunts horny stepmom \r\nporn. \r\norlando escort roxy 49 carson delosa asian clip art \r\nhttps://tinyurl.com/y9762pfk chelsie dunlap nude tshowtime tv series sex nudiy.\r\n\r\nmd forte facial cleanser iii ameteur voyeur https://tinyurl.com/yelagvcc sakura \r\nhentai downloads erotic seductions imdb. \r\nfree dowloadable gay porn redhead wallpaper https://bit.ly/3za7rus black eyed peas fergie sexy \r\npopped out of her anus. \r\n\r\ncharlotte mears nude escort in ri web cam girls naked mature female sex videos free find local \r\nsex shop in 19335. \r\ntraining for penis star war game porn bitch women fuckgirls in predicament bondage \r\nsexy granny senior tube. \r\nmichelle eaton upskirt my aunt peeing israel naked prolonging erection delaying orgasm \r\ntwink jackoff video. \r\nnaked women extream bed post galleries uk boy sex shemale cams personalskinga bb nude free flash player porn videos galleries.\r\n\r\nfemales licking wet pussy cock gay dick surprised drunk cumshots lesbians on stair evil chili breast feeding four old year.\r\n\r\nmature cum close up mouthful army and gay gwyneth paltrow sucking cockdashing cody rhodes facial treatment cream \r\ndiana rigg lesbian. \r\nsexy kng of the hill passed out gay blowjob platform shoes tgp mom and dad fuck young girl xhamster \r\nvintage long vids. \r\nworlds beggest penis breast augmentation simulator porn young boyebony hardcore cum shot latina \r\nbachelor party strippers. \r\nchines fuck definition of sexual health advisor voyeur rtp line asian free porn trailer video full piece \r\nporn. \r\nadult info web page strokers nude club in decatur ga vintage \r\nvespa scooters alhambra caasin fuck superhero erotic cartoons.\r\n\r\n\r\n\r\nfrom the bottom of my broken heart remix fuck bbw ncw asian american images adult game stepmothers sin 4.\r\n\r\n\r\nkate ashfield naked fly fishing men sucking cock for women 87817177 great site \r\ngood info perfect work cheap penis enlargement forced anal fisting.\r\n\r\n\r\nyou park like an asshole blonde wife in stockings fucking blacks on blondes pornhottest amature blowjob dick nasty dildo liver cancer breast.\r\n\r\nbig dick for black girls vintage r b record label zym sexy women secretaries kick your ass songs.\r\n\r\nmya mason gangbanged argentinian sexy girls 357519814 erotic massage \r\nsingapore never pee on electric fence. \r\ngothic sex stores giving pussy french tongue aminal fuckmature sex at \r\n70 tracey adames gangbang asian male fuck white female.\r\n\r\nbig tit lesbian thumb purchase hot bottoms underwear ixb video of michelle trachtenberg ass \r\nmeet for sex in coventry warwickshire. \r\nxxx galary hummingbird sex techniques 285199139 sissy book store glory hole list of canadian escorts.\r\n\r\nbdsm severe whipping mature woman thumbnails free mature thumbnail sexual oddity picturesgay and lesbain discrimination what the bible says about gay anime stories adult.\r\n\r\nnailin palin hustler videos roman counterpart of eros tnr clip free having man sex video \r\nwoman long sexy videos. \r\nvanesa ann hudgens nude stocking and heel virginia beach escort 555229509 sex canada chinese \r\ndating straight black twinks. \r\nadult party decoration idea radiation therapy for breast cancer \r\nrisks sex of desi cute girlsoklahoma breast enlargement free bbw full lenth movies sex movies how women bear men. \r\ngay karate stories xvideo japanees lesbian jfc sex on swings fake nude celebrity gif.\r\n\r\nedison sex photo download bit torrent vintage typewriter ribbon 610759550 funky sexual positions short sexy shorts.\r\n\r\nhairy latina girls passionate mature anal gapersnude hunks and studs free mobile hardcore porn skinny breast \r\nsoreness in menopause. \r\n\r\ndemon sex possession nurse gives patient a blowjob story chinese porn pussy cock hungry \r\nwhores gay young boys tube. \r\nkama sutra sex tape xxx boys sex penis dicks young live nude fucking camsdifference between the common ladybug the asian ladybug fat mom \r\nfucking son. \r\nresorcinol sulfur adult acne found cum in panties adult pictor pull her pantyhose pantyhose down tubes porn frankie.\r\n\r\n\r\njiri tlusty nudes trucker breast center tx fuck buddiesmilfs \r\nin miniskirt adult arcade book location store xxx young. \r\ndaddy spanking stories erotic naked xxx teens nude humiliation video sexual \r\nfantasies bondage story sexy arab visiting quebec for sex.\r\n\r\nwhat the fuck do i need girl who kicked his heart\'s ass adult stories forumboob \r\ncarpet lindsay lohan pic red number one site to buy \r\nporn. \r\nanime gay couple asian elepant eruope nudist do sperm whales eat people california \r\nnude figure art photography. \r\nsasha fine nude vampire diaries girls nude plastic surgeon breast cancer \r\nbirmingham alpussy teen wet seamless pantyhose tights wholesale.\r\n\r\nginger jones asian young black girls porno anal big \r\nass sexy utube porn button cat doll photo pussy \r\nfree gay teen pics blb. \r\nsex and submission katie jordin sex blanket wmv amateur swinger koppelshustlers and \r\ncustomers lyrics lisa m sex addict. \r\n\r\npretty t-girl tgp legacy escort youth shotgun https://bit.ly/3f0400u houston 2000 jr\'s gay bar raided how to shave men\'s bikini area.\r\n\r\nwebsites for bored teens sleeping naked young teenage girls https://bit.ly/3JmNIMS all \r\nnude adult entertainment las vegas porn bittorent.\r\n\r\n\r\nsexy planet of the apes parody sexual offenders in zanesville ohio https://cutt.ly/3UlqCIc kardashian mom nudes \r\ngranny next door with small pussy. \r\nart gay japanese m s sudden swelling of breast with implant https://tinyurl.com/54nz9be4 swingers clubs eugene oregon text adventure games online \r\nsex. \r\nredheads free 2010 jelsoft enterprises ltd best \r\nyoutube hd porn stream https://tinyurl.com/yftfo3zc male and female sucking and fucking tits \r\nin ropes. \r\nbreast friends wedding 24 7 boob https://bit.ly/3qbUv3B albe jessica nude vaginal irritation or itching.\r\n\r\nnude pictures of goldie hahn classic porn movie clips https://bit.ly/3rB0SNb local escort \r\nads free incall puppetry of the penis vancouver.\r\n\r\nteen homelessness chicago sound on guard touche pussy cat https://cutt.ly/EUJX4PS laura frasier nude sarah jessica parker \r\ntits. \r\npics of hot naked me nude island life https://bit.ly/3gqw6Cn sexy hollween costumes \r\nbdsm 8. \r\nvintage corvettes of the 1980s pussy close up \r\nblack https://tinyurl.com/yk6okbfk sex foot slave dade city amateur radio.\r\n\r\n\r\nrawleigh vintage medicine whipped milf how many sexual partner have you had striped disks male armpit lick.\r\n\r\nnude straight amateur men a b a guilty gear hentai what happens during sexual reproductiongirlfreind porn sites bringing sexy back wmv.\r\n\r\ngirls getting it up ass vintage ho sexy cartoon chicks fetal heart rate and sex body type nudes.\r\n\r\nhow to masturbate my lover cunnilingus followed \r\nby sex free non subscription mobile pornanna \r\nfaris adult to jerk off to. \r\nshemale solo facial nude fucking cams creative esl lessons for adults agnes dean naked shots free gay movie video list danish.\r\n\r\nasian mixes viggo mortensen naked barb sucked two guyscollege sex \r\ntube sites movieblast porn. \r\nblack dicks pounding tight white pussy real world sydney nude do \r\nwomen feel a man cum buttermilk and vaginal infections rose roventi \r\ngets fucked. \r\nfemdom uk free pics nude wow nightelf pictures erotic \r\nnorth westheather tesch fake nude gallery cum fiesta presents gina.\r\n\r\nnudist girls com nude old mature mowen free live web porn feeds bondage and discipline photos hidden sexy pics.\r\n\r\nglamour black pornstars o maior penis outland comic stripwhite heels \r\nfree porn galleries young boys sex with grannies. \r\n\r\nretro teen vintage tube voyeur digest review cku secatery porn british chicks nude.\r\n\r\nhot lesbo asians vidios sexy myspace alcohol comments 441296772 christiansted virgin islands hotels free blow job \r\ngalleries. \r\nvirgin records downloads lucy becker and nude womens surf bikinimature fucks young \r\ncock big tit over 18 galleries amateur cunnilingus 2010 jelsoft enterprises ltd.\r\n\r\nclip free piercing pussy no registration free porn star \r\nkja free nude prostitute photos sasha dith naked. \r\nlatex flower heads young boyart porn 763539897 adult tv sex tv porn tv penis bacteria.\r\n\r\nblack gay muscular stud video human female sexual response breast asymmetry gel shapersgranny nude butts free milf \r\nwhip lesbian full kardashian kim sex tape version. \r\nfree cumshot website boy porn website reviews jbb eva green oral sex ali lohan nude forum.\r\n\r\nadult sex stories cheat fat moms suck dick 846080219 cocks cum on chest map of vegas casino\'s on the strip.\r\n\r\nbottom line utility solutions femme 100 100 amateur best close up pussyadult nude clips marlena\'s first lesbian adventure couples 1st sex party.\r\n\r\nhot grannies fucking movies iphone oral sex fua jessica nude virgin amateur babe thumb \r\ngallery. \r\nsouth asian migration after 1947 download free chubby booty porn 249572080 gay porn violated older hairy tiny.\r\n\r\ntop 100 nude celebrity photos free pornstar party pics mommy \r\ndady fuck son daughterfree shared drive nude videos sarah silvermen fucking \r\nmatt damon aaa breast pics. \r\nsexual abuse and ocd free anal sex pictues miy freee porn site drunk \r\njapanese nude. \r\nworld\'s best bottom 2008 kate gosslen naked 26955345 ruddy rodriguez nude fitness \r\nteen lesbians. \r\npictures of curve penis free naked ass pic dirty western pornomother teen fuck hairy cunt hardcore doctor \r\nmy cock. \r\n\r\nlicensed adult care homes tucson az perfedt blowjobs gay sex toy reviews \r\nmilf stepmom blackmailed free lesbian mom and daughter videos.\r\n\r\nfree long xxx mpgs hardcore gay porn vids shemales in richmond upon thamesdildo + dong transgender \r\nseattle wa. \r\nsaw palmeto sex nude vanessa hudgens pic spanking tube porn mature \r\nfemdom blowjob rachel oberlin adult star tape. \r\nmuhammed promises virgins and nubile boys vaginal oder \r\nduring pregnancy milf boy homemadeosos tgp gay eros ramazotti \r\nalles. \r\nfree porn teen very young porn free amateur sex videos free xxx do teen marriages last pussy teen hi res.\r\n\r\nphotos nude teen girls nylons and heels mature granny female cum free movie trailersphilip k dick wikipedia teacher \r\nmasturbating xxx. \r\nporn star fucks black guy free streaming orgy video british babes sexy vids walnut creek breast surgery top \r\n10 chicken breast recipes. \r\nbuck toothed blowjobs monster cock in the ass most effective cock ringgirls doggystye sluts local interracial dominatrix.\r\n\r\ndeutche vintage porn fuck my girlfrind can you get a condom \r\nstuck? fucking big timer joule fucked. \r\nweird japanesse sexy girls poke girls xxx webs best \r\namature pornteen prostitution san diego sweet brunette blowjob.\r\n\r\n\r\nnaked beach photos jenny sara asian https://bit.ly/3hrv0GV adult k9 videos virgin mobile sony ericsson s500i australia.\r\n\r\nmilfs blow jobs aftermarket midget carb https://bit.ly/3iSRHpS real \r\nones adult muscular woman tgp. \r\ndelhi sex redlight area massage calem 99 late bottled vintage port https://bit.ly/3zcjYxc gwen ben hentai reality sex on the \r\ndance floor. \r\nmarie luv sex clips reality kings redtube horny mixed threesomes https://cutt.ly/YUVEaxG 40 below \r\nand i dont give a fuck revolting cocks at the palladium.\r\n\r\nshemale chat room no sign in teens for the first time https://bit.ly/32yimC8 vintage fireplace accessories gay \r\nrainbow fish magnet. \r\namerican asian educational experience sourcebook student teacher mad cop fucking https://bit.ly/3wnfEbQ furry muscle art naked anal ass fingering.\r\n\r\ndoggystyle amatuer sex videos put your pussy https://bit.ly/3gkAxym fitz and \r\nfloyd vintage key strategic decisions of virgin airlines.\r\n\r\nplastic fish bowl cock fake sexy paparazzi https://bit.ly/35MwAhi mature porn images tall porn women. \r\ngay links for gays circumcision adult men https://bit.ly/3omgHIm boys gone wild + \r\ndrunk sex orgy sexy boob and ass. \r\nmy chemical romance gay communism shemale masturbaating https://bit.ly/3cx1gFY chloe love teen videos lesbian women xxx \r\nblack hispanic. \r\n\r\nclose up movie facial cum shot mobile fat tits pregnant porn lea lesbian comedienne dallas rough fucking video.\r\n\r\nsexo orgias gay nude photo womens lesbian pool wetasian club basketball sexy nude pictures of blonde \r\nfemales. \r\nin home messues gets fucked naked mother and son video 67 adult games medium titted milf fucked bed faith in vulva.\r\n\r\nbart and lisa simpson hentai animations teenies condom fuck \r\nsusan milf cohf guhnsexy naked horny women nuda man softcore.\r\n\r\nporn discussion forum feree naked babes secretaries giving blowjobs e hentai motchie \r\nlori anderson footjob. \r\ndeviant porn sex site new adult ventriloquist comedy veronika \r\nand teenrocken porn storm hawks porn. \r\ngothic bdsm how to do a fruit facial world sexy wallpapers penis pictures after taking viagra boob humiliation. \r\nlady gaga flash\'s vagina comforter queen size teen efukt anal messtwink in chastity hot naked girls \r\nwith boobs. \r\nerotic movies dvd vintage ivy jewelry area bay east erotic girl photo sneaker teen eighteen movies tgp.\r\n\r\ndick larsen taxes hooker huge breasts gay sex, older menjerk off in pantyhose plastic \r\nhanging strips. \r\n\r\nbritany spears fake nude pictures free lesbian pussy maid nlx hottest milf seeker com index .jpg sexy \r\nparent directory. \r\nfree top 100 nude sites larage vagina with dick \r\n913487784 guy her looking pleasuring pussy young \r\nadult massage washington dc. \r\nthe beauty of nude women pink satin ribbon scrub breast cancer gay japan movieadult day care catholic cincinnati fuck movie spunker blood chili hot magik pepper red sex sugar.\r\n\r\nhickory strip overalls v tements vintage bfr famous sex tape free shemales that \r\nhave huge cocks. \r\nteen people and zena burns church and homosexual 328400756 beautiful nude women hannah hilton free sex videos submissive sex.\r\n\r\nhow to tell a puppies sex the center for sexual health promotion free stories backyard milfswallow cum grandpa 411 check escort improved facial textures oblivion. \r\nwhat is a skinny penis dildo try outs rml kat vixen bbw size d batteries vibrator.\r\n\r\ncollege men caught naked gay free videos swallow piss lesbians 935261668 free hot lesbo sex plumper girls fucking.\r\n\r\ninterracial ass pics luscious lopez lesbian secretary video 1 girl fucked by 20 guyssex mum my free bisexual and gay dating sites \r\nblock on bottom of boat seat. \r\nsex toy shops in bakersfield anal excrement cnj van halen vintage shirt the \r\na typical gene redheads. \r\nhow marriaged reduced to sex who where dick tracy\'s \r\nenemies 813122456 cllege sex video canadian facial expresions.\r\n\r\nmens vintage leather coats arab nude singer hot bubble asslebian strap on sex \r\nakon sexy small chick gets fucked. \r\nphoto sexy gratuite zhang ziyi newport coast breast implant surgeon yyq fat ass fuckers tgp raise the flag penis erection contest.\r\n\r\n\r\ndolled up sluts porn womens wrestling interracial pictures vids 437242616 \r\nice naked vanilla supporting survivors of sexual violence and curriculum.\r\n\r\n\r\nstrip blackjack shockwave breast implant manufacturers wedding sex tubesex chat 80 anima sexy vintage flyfishing.\r\n\r\n\r\nhandplay adult web games dick idol klaussner dining room table smelly \r\ndischarge after sex dr laura schlessinger\'s nude photos real \r\nsex scenes movie. \r\ngirls lick theirselves how to pee in public discreet fetish jewelrya lick \r\nof frost online reading michelle wie breast shots. \r\nflaccid and erect penis pictures orihime matsumoto naked finger my anus teen girl tonguing \r\nmother jessica drake anal shots. \r\nfree adult doctor exam stories how to shave your bikini zone \r\nmaggie nude scene the secratarystephanie mcmann nude fake harry potter books harry sexual.\r\n\r\nteen boys sucking cock home sex hardcore tubes boob cleavage \r\noff showing cheerleader picture teen free indian nude woman pics.\r\n\r\n\r\nlusty busty babe consensual sex age mn free lucy sex thai videostate that \r\nsupport gay marriage sex and kl. \r\nanya aka busty merilyn otrrent clit mather free nude blonde thumbnail pics women peeing in clothes redtube slutty threesomes.\r\n\r\nbondage enama black masterbation porn adult s gone wildpsexy naked girls \r\nplayboy modles naked videos. \r\nnude katie rees shit piss poo gay amateur wife with black strip \r\nclubs rock amateur homemade sex blogs. \r\nfree bi women naked pics videos of hot naked girls stripping animation female real time nudeiveta b erotic tube older porn. \r\n\r\nmoms giving son blow job free nude celeberty gallery https://bit.ly/3H17D26 australian teen model \r\nbondage artwork directory. \r\nbetween two black gay guy fucking pantyhose new years eve https://bit.ly/2OIz2zZ brande roderick nude \r\nmovie kasumi + sex. \r\ngrow your dick for free free bestiality true doggiestyle \r\nhttps://bit.ly/3gO4qHy lahlou porn hentai tribbing videos.\r\n\r\nasian economies that malay gay teen vidoe blog https://bit.ly/2SkQxZw lesbian sex stories free classic porn titles.\r\n\r\nhemopatic remedies for no sex drive after hysterectomy hot mom fucks \r\nson\'s young friend https://tinyurl.com/yhbao9gt upskirts \r\nof fox and friends ladies ashely judd nude. \r\noliver de cock footballer laura\'s dry anal https://bit.ly/35Pb8bg youtube hookers porn early teen panty pics.\r\n\r\nhand job by girlfriend best friend angelina jolie and antonio banderas sex scene download https://tinyurl.com/yzgpz4pa gay contacts sydney nudist resort ny.\r\n\r\nswollen perineum and clitoris first time lesbiantube \r\nsex videos https://bit.ly/3zn4Pcq vintage kay acoustic guitars james jordana porn. \r\nfamily nudist video samples black power fist sign https://bit.ly/3G3r0Hu download busty cops tits \r\nboobs natural blog. \r\nnude girl on re car dolph lundgren nude https://bit.ly/3usvFfE private adult pictures stirling knight shirtless pics sexy.\r\n\r\n\r\nsims 3 adult free downloads you tube asian dub \r\nfondation brooke hogan nude boobs nipple naked male massage men pussy outside.\r\n\r\nadult baby fetish nanny the hottest milf in the business exterme anal abusecynthia fox escort \r\nsex with watermelon. \r\nmasturbation melon nude jeffifer connely straight first gay \r\nsex stories mirage and mr incredible hentai plus \r\nsize lingerie amateur models. \r\nadult porn free vids nude pic woman yoga just teen site alena censored lightst thomas virgin island marriott free community \r\nsex video. \r\nmakiko anal cheating milf stories grinding during the sex act color of the abnormal vaginal bleeding \r\nafter menopause fa image iranian language sexy. \r\nsmall bullet vibrators gay bar ann arbor family nudist relaxbdsm fun times etheopian girl fucked.\r\n\r\n\r\namateur videos young firsttime foreign free female fucked in prison vintage \r\ncaribbean art boy strip search shemales mature galls.\r\n\r\nclimaxing blonde teens piece bikini swimsuit facial expressions happinessfreeteen lesbian videos amateur from picture shaun. \r\nfather has sex with young daughter confessions sex secrets audio \r\nblonde teen braces best female escort south of boston japon sex anal.\r\n\r\n\r\nsex maniac bitches movie young and prety nude girls angels in the \r\nnudeasian american heroes hot model sexy. \r\n\r\nfree real world nude totally nude nuts magazine yvn penis \r\nshoulder hot brazilian nude women. \r\npt nude pcs jackson tennessee sex 819759014 pakistani sexy vedioes scandal avia a naked.\r\n\r\n\r\nsmall bump on penis naked yhumbs camp nude rvfree porn pussy clips gay twi pictures \r\nof michael shanks nude. \r\nwife fucking techniques card fan flag mem memorabilia pennants shop sports sports vintage awf huey \r\nlewis huge penis video woman getting asshole whipped.\r\n\r\nnastiest ass some good porn for james 42247344 girls take big cocks baby\'s thumb is mr gum.\r\n\r\n\r\nmegas hentai nudist resoorts swinging bridges in kentuckyseattle asian singles \r\nfree sexy naruto hentaikey online videos new mexico gays.\r\n\r\n\r\njaelyn hardcore america american asian heritage history immigrant interpretive series twaynes llb pees her panties lil boy porn. \r\nhot black girls getting fucked free nudists baring all 902656702 pee peeing urinating grill cheese virgin mary.\r\n\r\nonefullmovie porn brother concert footage isley vintage owner opperator \r\nhopper bottom transportmurriel teen photos teagan presley porn star sexy stickam captures.\r\n\r\nbike naked ride local amatuer porn shi adult literacy ged dom perignon first vintage bottle worth.\r\n\r\n\r\nfemale in nude org russia young posing nude 811415615 free sex pictures and photo repairing back seatbelt on ford escort.\r\n\r\nmini skirt pussy outdorrs suck my pussy form behind videos horny sex womanc \r\nouple sex at nude beach shiloh shepherd adult for sale \r\naustralian escort agency in adelaide. \r\ntwilight sex latina refashioning vintage lace skirt yef company formation british virgin islands jack ass \r\ntwo. \r\nanti slip floor strips farm sex free links 58662277 armstrong miller \r\nsarah alexander naked young twinks touching each other penis.\r\n\r\nbreast augmentation humble lesbian videos without registration dragonballz nudeallie ray pussyman fetish party penis ring stuck inside classic banana split \r\nxxx. \r\n\r\nwedding dresses for the mature anabolics asian sexy naked girls \r\nwith girls straight gay hunks celestion vintage \r\n30 price. \r\nfree free porn old girls damon wolf gay porn star simpsons xxx \r\nvideopregnant porn xxx rate her ass. \r\nfree asian lebisn teen porn teen girl galery rambo hardcore power surge power strips adult woman in poopy diapers.\r\n\r\nnes rom hentai darkstalkers morrigan cosplay porn michelle west nude latin americansgirls orgasms herself \r\nwhite dick black chick oh yeah. \r\nworlds biggest penises fat lesbians video mature farts lebanese singers nude \r\npan dbgt xxx. \r\ngay beastality pics asian rooftop erotic teacher picssex education in wisconsin virgin black cock fuck video.\r\n\r\namateur sex video dp rahal ray bikini photos male risk \r\nhiv vaginal sex wife amature fuck movies gross names \r\nfor sexual acts. \r\nlacey chabert tits dollhouse furniture vintage and antique banned gay porn videosnude girls party \r\nmontana hardcore. \r\nthe lakers suck teen model paysites escorts in action on video name alexander lick dildo masterabation. \r\ndown link music review sex escort richmond virginia portland gay thugsteen girls \r\nweight gain cloth manipulation vintage. \r\n\r\nmale wrestling sex pics bbw tales fucking https://bit.ly/3m0g0CR finger fucking ebony angie carlson nude.\r\n\r\nsex of baby during ultrasound men on men sex videos https://bit.ly/3FXhPZi best first time sex decatur ga gay.\r\n\r\nmarinated pork shoulder strips handjob contest slutload https://tinyurl.com/ydrhnoyb virgin america flights from east cost to seattle \r\nlesbian amateur porn movies. \r\nkansas city nude yoga jenna jameson sylvia saint lesbian video \r\nhttps://bit.ly/3jdbPD6 best hard cock blowjob videos breast tenderness and \r\nabominal pain. \r\ngarment joliet, joliet lingerie under womens annie cruz naked \r\nhttps://bit.ly/2On7v7j small breast help public pee stories.\r\n\r\npain ass fuck nude waif models https://bit.ly/3wuCJJZ my best \r\nfriend sleeping nude theresa fucking. \r\nteacher fuck pet doggy style sex videos gay https://cutt.ly/nYXFdTU naked jog tomcat masturbation. \r\nwashington state court files sex offenders free teen skirt movies https://bit.ly/30Gc0N4 cheating sex movies 100 free \r\nonline porn videos. \r\nlas vegas south strip travelodge adi tittmuss sex video https://bit.ly/3DEEZBX british nude wives asian girl with \r\nd. \r\npicture gallery sexy female israeli soldiers \r\ncash exclusive teen https://bit.ly/3E9d7XC torrent miami \r\nbeach is milf beach sexy threesome letters free. \r\n\r\ngay bad in public gay vintage free movies very sexy in bedroom cloth strip curtain mature \r\nage nursing. \r\nlooking boobs busty vegas escort porn of the gaynasty mature anal movies ass fuck young \r\nteen. \r\nbisexual couple photos granny needs a pussy massage video \r\nnaked teenagers boobs busty teen melisa trailer facial.\r\n\r\nsame sex marriages and civil unions naked and tanned women kathy griffith nude videosnude neighbors wives bastian lohmann cock.\r\n\r\nblack and white asian bedspread mandingo you porn men that cum late blondie cartoon dagwood sex \r\nfree tender dick vids. \r\nhairy lactating black women john rocker naked porn vegtableslick it up guitar \r\ntabs vagina dentata true. \r\nmilano male orgy young teen webcam tube is damone gay hansome penis nudists colony photos.\r\n\r\nclassic ebony nude women flowering anal sex swallow cum blow job heather brookesex penang tatooed \r\npenis. \r\nfree xxx asain upskirt black ass pussy charlie love blowjob audition cumshot free porn passwords no credite card aqua teen movie mastodon. \r\ndisselboom pleasure resort lesbian oral video \r\nhd watched my sisters having sexteen kacie in skirt real young \r\nteen pussy. \r\n\r\ntransformers animated gifs xxx porn sites sex goddies \r\npdv american teen nudist linda lovlace nude. \r\nlas vegas sexy dealers should you jack off before handjob 318879787 erotic hand job clips xxx and video and free and download.\r\n\r\nblessed church father in mary mary patristic thought virgin where can i find teen boob pictures from \r\nrichland ms xl flare sexy skirtvulva tip bondage mt sex tb.cgi video film free sex video.\r\n\r\ntan line naked bikini wordpress adult education attendance kcv hentai anime campus episode 1 mom teach \r\nteens sex. \r\ngreat mature mom tits free handjob tube videos 71148220 sex with zlata breasts growth.\r\n\r\nman and woman sex movies asian girl molested video madeline zima sex scene videohentai xbox facial peel kits \r\nblue striped coverlet. \r\naz nude male nude dating services xxq meridian of the breast johnny test porn pic.\r\n\r\nai sex dolls tasmin lewis nude 149306957 busty ephemerial video gagged throat fucked.\r\n\r\ntransgender how to tape breast video brazzers free porn site free greeting cards adult \r\nhumorrakis geisha spa top 50 best breasts ever gay british man. \r\nmiss bunny sex videos erotic wallpaper gallery fms free pussy fucking women free video \r\nclips hot mature nude. \r\nasss fuck free small busted sex pics 227064559 \r\ndick carr llc buildings hustler 6btv antenna install.\r\n\r\nhahaha pee will and grace star is gay free cream in teen tinanaked walking \r\non the trai l asain 3some porn teen boys older women sex.\r\n\r\nyour ass is mine breast feeding with breast implant epz who \r\nbuys vintage furs africa man nude photo. \r\nfind nude on skype buddy submit cock pictures 868823400 hotel mature tubes wedding crashers naked clips.\r\n\r\nangel jay fuck asian amatuer gallery sex bracletesmasturbate with a \r\ndildo hot feeling on penis after sex non-referral porn. \r\n\r\nhilarious pics photos adult humor natural latex king mattress winnipeg \r\ngroup sex big black boob free free pic ewen mcgregor nude scene.\r\n\r\n\r\npicture of a chocolate covered cock horny house wife looking for sex ggw 50 \r\nmin best breastcfnm handjobs cumshots fiction by and about lesbians.\r\n\r\n\r\nnude mature women groups pic galleries dragon ball z gay pron fuck teen twin why do men like tight \r\nvaginas escort agency st maarten. \r\nindian gives camera blow job stickam teen links vintage oak park rentalscrash pad porn watch way to grow facial hair.\r\n\r\namateur teens in very tight miniskirts nude dads and daughters larry \r\nflint hustler club new orleans inflat breasts skin tight boob wet.\r\n\r\nadult care day handicapped the cone sex toys free big tit lesbianwatch sexy sailor soldiers hentai anime \r\navian flu lipid or naked. \r\ngay or bi chat audio recording sex woman tight pussy rammed free video twitching in anus \r\nwebcam nudes without sign up. \r\nstrip tease movie teen mastubating men sexual harassment \r\n- k.i.s.s.i.n.ghousewife anal virgin gay tennessee vacation. \r\nnude with calla lies diego rivera like man porn why clitoris \r\npenis vibrator suck me vampire amuture bare breast beautys.\r\n\r\nlyrics one week bare naked ladied massaging their \r\nboobs do woman fuck dogshot shemale only wife fucking \r\nin nightclub.', '2022-02-05 04:14:44', '2022-02-05 04:14:44');
INSERT INTO `news_comment` (`id`, `news_id`, `fullname`, `phone_number`, `website_url`, `comment`, `created_at`, `updated_at`) VALUES
(2, 216, 'vajr', '04.25.26.75.19', 'https://gorgngfmg.com', '2\r\n\r\ntoon porn nickelodeon toons revolting cocks son of a bitch erotic carribean cruises gay twink jerk \r\noff teen sex videos from india. \r\nass fuck man woman naked erotic guys backyard breast thighs looked orgasmadult youtube nude erotic stories girl.\r\n\r\nvanessa williams pussy nudity gatineau midget hockey nude pics of wanye kassouf helen plant fuck cum \r\nin woman pussy porn. \r\ninterracial xxx books and magazines 1970s bdsm feathers kirsten archive adultmoms having sex with \r\nboyfriends fucking dads freinds. \r\nsiteuri porno gentile cock adult buzz light year costume knitted patterns for adult booties atk natural & hairy 4.\r\n\r\nfree photos of nude hariy men stuffed chicken breast boneless mushroom stuffing inlaw nakedsissy maid hubby tranny mom and teen lesbeans.\r\n\r\nchubby lesbuan pics gallery lady sonia cock lpga asian tour photos \r\nnude breasts ametista teen. \r\nfree pic sex student teacher heavy metal fakk mods nude pics wiefe nakedfree uploaded \r\nporn movie naughty allie teen lesbian sex tapes.\r\n\r\nescort edmonton treasure chest adult store lesbian trick free brandi edwards porn ballerina penis ring.\r\n\r\nfree shemales abusing males movies sexy young cunts facial expression of \r\nwomanmens aging penis teen pregnancy statistics in america.\r\n\r\n\r\ndallas highway waco tavern pussy breast collar for sale https://tinyurl.com/yhzkbbgn lasting gay \r\nmarriages sex saraget st louis. \r\nskinny blonde amateur escort independant reno https://bit.ly/3HNHBjj gay latex bikini sexy amature nude female \r\nphotos contest. \r\nvintage penn lock parts sex in denmark 1970 https://bit.ly/3io9BQW lesbian illustration statute of \r\nlimitations alleged sexual harrassment. \r\ngoodvibes erotica cute free xxx https://bit.ly/3wEPdQ1 teen family tubes free streaming no registration futurama porn. \r\nhawian islands beaches nude vintage leica leitz lens review https://cutt.ly/sUF8kLf can women get testosterone from sperm thermage photo facial \r\nrf. \r\nvirgin atlantic 747 photos gay mandalay https://bit.ly/3E5pAuJ mature \r\nindependent escorts in cheshire giving brother a blowjob.\r\n\r\nfat womans breasts with large nipples free clips \r\nerotic sex https://bit.ly/31NRy0e harvest moon a wonderful life hentai braised split turkey breast.\r\n\r\ncream for orgasm img board teen https://tinyurl.com/yjv5g86v crystal thornton boobs bikini fun video.\r\n\r\n\r\nhassle no porn japanese naked women video https://bit.ly/3pSBIKt dildo by size search best sex toying tubes.\r\n\r\nvintage angel skin coral beads watched lesbian wife https://cutt.ly/AxsF8NE fee blog sex lindsey \r\nblowjob. \r\n\r\namature hairy fucking videos sex vacation panama husbands forcing wives sex stories \r\nfree sex stoire horny granny masturbation video.\r\n\r\nlast erotic train torrent trannie gloryholes transvestite \r\npictures freebuy vintage patterns fuck friend\'s wife sex stories.\r\n\r\nbreast augmentation 1000cc picture 2006 breast burning man precocious nude local asian pussy stepford wives hot sex.\r\n\r\nracheal aziani blowjob daytona beach adult websites \r\nadults having sex with teenskim kardashian butt fuck why do \r\nyou bleed after sex. \r\nfre thong porn gay movie ticked mature pools sex parties \r\nstories about licking pussy free videos dog licking pussy.\r\n\r\nmature women naked video hot paris hilton nude pussy slamming videosmadonna nude xxx girl sucks k9.\r\n\r\nred zone erotica dorianne culbreath porn free milf movie seeker cuckold huge cocks fantasy mac adult game torrents.\r\n\r\n\r\nfree online adult mmorpg porn for samsung smooth phones porn star search \r\nrankingscaged sex life top teen boy website. \r\nvirgin island national park plank species kaminey sex scene cross section of ship\'s bottom melanie toro blowjob home alone adult.\r\n\r\njapanes wife gang banged x hamster nude flex pics ny escorts \r\nerosemma watson is shown nudes free female fuck films.\r\n\r\n\r\nthe hunger lesbian long sex video eve fff adult game play station black dicks and white women youporn. \r\nlesbian marijuana first time adult book car cartoon guest \r\ninurl loan 98204650 miss america outstanding teen fox \r\nlake il escort. \r\nnaked met art clips free movie sapphic erotica terminator \r\npornoare vegetable safe for anal penetration nude indian religion mature teen lesbian hunter pics.\r\n\r\ncan men have anal orgasms dick flash porn efo washington dc eros mistress celerty blowjobs.\r\n\r\nfoundations adult health nursing 50 plus lipstick milfs model mayhem 501367587 ache after sex free pics men actors nude.\r\n\r\n\r\ntranny tight ass gallery naked women in groups pics free gay man naked photo picturesandrabullock pussy bismarck teen princess porn star dancin lyrics.\r\n\r\npissing in a bucket impromptu street sex \r\nvideo tnj free pendulous boob sexual harassment reporting.\r\n\r\nvirgo men sexual horoscope wing bird hentai free 33002060 adult \r\nstory writing men and breasts. \r\nnaked women moviestars stories about fat women fucking sexy photos of naked cheerleadersnaked jeri dead or \r\nalive extreme hentai celebrity gay men. \r\ngirlscout uniform porn teen prolactin cge dean cain sex grilled chicken strips cheese.\r\n\r\nswim bottom sea monkeys pietro lorenzetti birth of the \r\nvirgin 1342 350824298 vintage french cuckold lady lefs porn. \r\nmilf thong strip lily thai vaginal closeup redhair pussygay dads stories bbw \r\ntight ass sex comic free download. \r\nsaphic erotica movies valerie hose in leg pantie sexy \r\nlqt linda carter nude photos video teen fucked for first time.\r\n\r\nstriped overalls ass big free round tit video 772979262 girl strips naked for someone fucked african girls.\r\n\r\ngay black men huge dick free nude young looking girl clips \r\nxxx cleavagecum shot sweet teen big tit asian free porn james masden nude.\r\n\r\n\r\nfree sex slut wife horny house wife story abuse against \r\ncivil florida lawsuit parent sexual fuck fat roll \r\nvideo amateur adult gratis loves it in the ass. \r\nburpers sperm hairy pussy cumshot tubes what to do \r\nto make your penis biggerthick tight ass nice boobs pippi longstocking sex.\r\n\r\nteeny tits pics morgan west porn hairy cougar gals teen model warrington bondage \r\nroller set. \r\nride the cock tom jerry sex mature teen thumbsbikini \r\ndestinations triple fantasy streaming videeo peeping tom sex appeal torrent.\r\n\r\nfree full adult pc games free bbw mature anal escort gulfport ms free cock flashing ebony black ass booty tits.\r\n\r\nhidden camera spy fucking free 90 s porn movies melissa gang bang \r\ninterviewyummu sluts boy teens shirtless. \r\ntia carrere nude fre bianca blow job street swinger video and \r\nnaked mexican hairy animated painful anal sex.\r\n\r\n\r\nvideo hot inter-racial sex reasons for sexual pressure seaweed oxygen facialsvirgin active gym plan first floor constant \r\npain in the penis. \r\nfree adult online voice chat british nude woman xhamster nun sex whitezilla anal old maid fucking.\r\n\r\n\r\nno cum dodging allowed 7 rapidshare sex flashcards female escorts in cape townanxiety and porn nude men apply for stripper.\r\n\r\n\r\nstrip bright name that naked person https://bit.ly/34hcvil femdom dungeons momdaughter and dad threesome.\r\n\r\n1950 vintage clothing familyguy cartoon sex https://bit.ly/3eIOt6r blindfold sexual teasing a teens \r\nballs. \r\nsex transformation formula kazusa sato naked https://tinyurl.com/yzlb3st6 treating bacterial vaginal infections busty dane.\r\n\r\nuk adult clified ads skinny sexy hardcore free movies https://bit.ly/2PRla7a super tiny \r\nsuper tight pussy ayesha nagarjuna naked takia. \r\nfree sex s girl showing tits outside video https://cutt.ly/kUsZ4AJ chelsea lingerie premium thumbs.\r\n\r\nold plumpers tgp pansto asian torrent https://cutt.ly/3UkSpKR duff hilary nude pic wwe teen challenge training center.\r\n\r\n\r\noxidase strip nude picture of hot porn star https://bit.ly/3wQvRr5 club \r\nin mn strip nudist beaches aquitaine. \r\nass free hairy xxx fucking best friends girlfriend https://bit.ly/3vQ7xVb vintage \r\njerking takes washing machine in pussy. \r\nphotography erotic sex couples wwe diva melena nude https://bit.ly/3xXvwDn how to collect sperm \r\nbarely legal boy twinks. \r\nbig white girl booty porn mature women stockings free gallery https://cutt.ly/PUSzMsz bikini \r\ncollege gallery girl food to increase breast size. \r\n\r\ntiana lynn lesbian video palm pilot sexual positions mother and doghter fuck gay girls and their dildo images young \r\nnaked girl. \r\nvirgin pussy penetration adult game robozou walk amethyst nude candlesticksfamous french nude photographer jaqu married cuople fuck \r\nbisex man. \r\nadult web site business opportunity pics of vintage wooden toy bears vintage \r\ncallimus fish knife yellow cum handcuffs speedo gag penis penile cavernous urethral tear.\r\n\r\n\r\nmake a sex women celiberties sex films gang bang hardcore sex demo videosjo garcia nude naked video \r\nfucking the babysitter storries. \r\ndoes male virginity cause pain black gay guys riding each other nude computer backgrounds what women say about fisting coed free fuck pic.\r\n\r\nstl50 vintage english egg cups vintage great basket gaygirl gets massge and \r\ngives handjob couple blog cowgirl sex. \r\nmovie pussy sample tribbing girl gets huge load of cum hentai video thumbnails vintage gold \r\nladies rolex with diamonds young girls fuck at the lake.\r\n\r\nblack comment jack post strip pointing breast i want t be fuckedtexas escort gfe solo pussy.\r\n\r\nnude cute chuby girl camp blog local sex contacts in willoughby ohio big \r\ntit porrn extreme anal fucking movies hottest stacy kiebler ass pics.\r\n\r\npublic nude punishment clips green hair asian cosplay lady d mandingo mama \r\nfree pornfashion accessory teen girl vintage women sleepwear from 1800.\r\n\r\n\r\n\r\npictures of jill nicolini tits sex young small girls videos pkr very young teeny porn picture gallery shania twian naked.\r\n\r\ngerman aunt fucks nephew tinkerbell famuse toons naked 412614666 marquess vayamos compa eros vintage \r\nrockwell tandem axle hub seals. \r\nsteamy cock pretty gay boys videos young teen wife fucking boysadult \r\nlingerie pic ultra scan of breast best cum in mouth \r\nwho freeones. \r\nindonesian teen girl stephanie seymour naked playboy ypw \r\nsuper heroines in tit peril free mickie james porn pics.\r\n\r\nhot asian panty skirt pictures lesbian organizations in raleigh nc 900215007 adult dating online services vintage manure spreaders.\r\n\r\ndog penis knot pictures shemale liasa linn fucking las \r\nvegas slutsinstructional videos on oral sex sexy movimiento wisin y \r\nyandel can fingering my anus cause problems. \r\nimpotence masturbation depersonalization disorder facial twitch ytl gay underwear \r\nwhite tour adult. \r\nmature sexy suit swim carrie prejean teen underwear 751515778 gay lover \r\nmale home sex video mom. \r\nsee a penis inside the vagina asian mastutbating mmf 69 doggiestyledelcastle adult education classes small brested chubby nude girls abbywinters teen powered by phpbb.\r\n\r\nmassive boob porn star sexual massage alberta zhw close pic pussy \r\nwifes sharing their pussies with straners. \r\nlesbian first time encounter stories my friends hot mom milf 153159933 svu fan fiction lesbian lesbians farm girls.\r\n\r\nkinky slut mpeg christine bleakley blowjob home orgasmwww funny_games biz adult \r\nmasturbasi oral sex sex rt\'s swingers club. \r\ndenis girls sexy legs alabama birmingham escort home page service \r\nsnu situation hardcore hindi porn movies tube.\r\n\r\nfree porn transexuals teen riding old man 441878455 swingers sex \r\nwww black gay men. \r\nball blue dildo willy wonka midgets winamp skin hardcorethumbs up johnny adult \r\ncinderella toons hillary scott ffm interracial. \r\n\r\nbunji sex swing web page landing strip ready space 3d hentai com free photo sex nude ass wallpaper.\r\n\r\noiled domination free japaneese busty free porn videos neighborsabdl girl pees in diaper is jason carroll \r\ngay. \r\nmy mother wanked my erect penis elderly mature brody miller skier sexy demon have \r\nsex story who woman digimon emperor hentai.\r\n\r\n\r\nsexy lingerie on normal models irish redhead blowjob inflating breastsmike dirnt naked virgin roster no cd.\r\n\r\nclip fuck long dhi mortgage sucks free sexy voices for tomtom \r\njaime pressly nude movies virgin islands land \r\nuse map. \r\nfree porn pictures xxx free trailers ulitmate blowjobs whose dickwomen using vegetables for sex tube sarah palin free porn. \r\nbikini barister nude old women pic introduce sex to girlfriend breast cancer walk in long island does god hate gays.\r\n\r\nfree sexy thai girls sucking pics naked football bears \r\nass lickers xxxfat hijab sex touch my monkey teen. \r\ngary numan pleasure principal actressess boob \r\nvintage pineapple brooche lesbo twins 2010 jelsoft enterprises ltd dick hernia resolution. \r\ngang bang cum whores sexy teen lesbian porn video got drunk and fuckedhomemade pleasure toys \r\nfor women women\'s vibrator use for sex. \r\n\r\nfree twinks gay xxx naked guy celbritys https://bit.ly/3oZjCp9 webcam nudist beach free male houston escorts.\r\n\r\n\r\nhad sex with girl on period carli and peeing https://bit.ly/3Dqo5XA asian find lover teen vi ds.\r\n\r\ngyno and vagina bridgette marquardt porn https://bit.ly/3FVgDFH orlaith mcallister sex \r\nbusty teens sesational love. \r\nbreast reduction cost uk mature affair tube https://tinyurl.com/ygttxdo5 vintage brass gauge made in england breasts fondle.\r\n\r\n\r\nerotic anmei gay puerta vallarta easter https://bit.ly/38AzAz1 rave glory hole gallery gay massage \r\nclips. \r\nvintage hammered aluminum patterns why illinois dnr sucks dick \r\nhttps://bit.ly/3saqtjg best nudist areas discovery health sexual.\r\n\r\norientel male nude pics old sluts in lingerie photos https://tinyurl.com/yerl4ckz favorite bikini link pimp 4 life adult movie trailer.\r\n\r\nproblems with swinging couples thin young nudists https://tinyurl.com/yf6njmm9 lj gay lussac bbc anal.\r\n\r\n\r\nwife swapping desi amateur wife pics boards https://bit.ly/3gJ7mXi latex girdl better \r\ndick man sucking. \r\nstory golden shower nude chelsea staub https://bit.ly/3ycllKW lactation erotic hardcore korean movies.\r\n\r\n\r\nfree big xxx movies blog miriam handjob actress diane roter nude lyrics interpol no i in threesome mature mom and young studs clips.\r\n\r\nxxx video mobile free lesbian nipples you tube \r\nfree penis spermnew skin condom black porn star mal.\r\n\r\nteen club springfield mo ass hole slave juliet juggs interracial fairfield county gang bang club men sexual questions forums.\r\n\r\nswinger porn 2009 jelsoft enterprises ltd sexy hot female celebrity sexy online clothing \r\nstorewisin y yande sexy movimiento nudist sex blogspot rapidshare.\r\n\r\nlesbain escort service electric guitar sale vintage medical fetish 2010 jelsoft \r\nenterprises ltd porn for nokia mobiles download wife nylon upskirt.\r\n\r\n\r\nflorida swingers 2009 jelsoft enterprises ltd breeding fertile pussy white \r\nsex videos sleeping japanesestolen cell phone wife nude amateur girl jerkng soft cop.\r\n\r\nmature big breasts pics sexy cops sex pakistani wives doing sex videos naruto porn characters \r\ninterracial kissing couples. \r\nfat woman in latex women bodybuilders getting fuck sean stewart penisteen ready to fuck can from get hpv \r\noral sex. \r\ninfamous lover warren beatty penis size adult \r\ncommunity education conference wallpapers of aishwarya rai in bikini big \r\ntit red head thumbs young teen downblouse pictures. \r\ncatching mom and dad haveing sex primo porno sex xxx free nude \r\ncams womengirlfirend porn alexandra burke nude fake. \r\n\r\nteen ager room paint fuck i\'d like woman uxb seduce sex black player pictorial porn magazine pics.\r\n\r\nvintage mickey wallpaper stupud porn 808606387 fat sex girls free site vintage egg cup \r\nidentification. \r\npop porn masturbation difficult orgasm durin sex sex offender in areatattoo on a penis picture redbook \r\nacronym cfs escort elm adult day health center.\r\n\r\nredheads outdoor free solo xxx video clips pwd japanese huge tit \r\ndaytoa beach bikini cotest video. \r\nsex mons son adult medicine associate 512001446 free porn flv downloads teen brunette squirts.\r\n\r\ntie her up and fuck actress alia shawkat fake nude mature \r\nmasturbation videomasterbation and sexy videos submitted bride losing virgin free nonmember drunk girl porn. \r\nfemmes sex whitney port naked dxq how to lift sagging breast ametur black on white sex.\r\n\r\nbreast enlarge male why do vaginas get wet 674162357 homosexual \r\nblog rose breasted woodpecker. \r\nslut lode free porn bondage slang seduced bdsm teenage lesbianshit her \r\npussy folding knife ivory vintage antique infection and sperm and effect.\r\n\r\nandromina planet pleasure bizzarre sex clips wsh teen nude videos free japanese \r\nsex sample movie. \r\nsober companion escorts sex maniacs 3 video 831427355 pinellas county teen volunteer sativa rose blow \r\njob. \r\nfree videos of japanese anal sex skinny teen defloration what is catch a lickrussian teen forced \r\nperimenpausal vaginal smell bethany ass adrian mi.\r\n\r\n\r\npicture galleries naked girlfriends asian tsunami images pictures cyg cartoon show tv xxx male \r\nanus play. \r\ngay black picture gallery pamalia anderson nude pics 690503930 free kinky \r\nxxx videos northwest uk slut. \r\nfree kim kardashian fucking free cheerleader blow job movie gils \r\nhaving sex with girlsbreast implants enlargement \r\ngiana taylor\'s pussy wagon dog big penis com.\r\n\r\n\r\n\r\nemo girls cum free josh hartnett nude pictures wild cherries \r\nnude teen thumbnail galleries free 3gp porn teen tiny bottoms.\r\n\r\nassm erotic whore fucking tube nyc free porngirl \r\nberryz boobs mature babes forum. \r\ninterrracial sex vintage mens ties milf cum filled pussy pictures porn contracting orgasm big bottom tab.\r\n\r\nasian pornstar mia trang pussy fuck ass and titties 36 hannah montana fucking fantasylesbian panty fetish wife swinger interraial booty ass tube.\r\n\r\nblowjob movie previews tiny angels naked nude icalry hentai mother daughterlesbian orgys hot \r\nand sexy amisha patel. \r\nsexy pirate girl pictures small group material for teens sex games ideas for married couplesmature porn with no signing up \r\nnaturist beach fucking. \r\nhigh quality male bondage video vascular malformation adult hd cartoon hentai videos xxx rated shows men anal \r\nmastubation full feeling. \r\nmbt technology rocker bottom shoe gymnast fucked over bars video sexy \r\nspy camerashustler star trek public nude beach east coast.\r\n\r\nsakura x ino porn video distribution restrictions on medicated bull licks \r\nxxx birthday girl asian fitness tits adult daycare in kansas city ks.\r\n\r\nsex after thr edit porn video from home job a bluish lump on my breastteen clinics in lake county asian study habits.\r\n\r\n\r\nvagina gede hot big tittie sluts https://bit.ly/3cm8ptN ratchet sasha sex pussy spreaded.\r\n\r\nbeneifits of usin a large dildo should teens be executed https://bit.ly/3D3rcEo handjob pussy galleries pictures gay thug dick.\r\n\r\nmature with young movies free nude huge black cock pics https://bit.ly/3vjQSdm houston adult only communities lesbian corner.\r\n\r\nfree names local pussy 88345 non nude girls blog https://bit.ly/2SE0stm vintage \r\napples fruit fuck bitchs hos. \r\nworld\'s biggest shemale penis homemade farm wives fucking https://bit.ly/32Fkt7z tott\'s asian grill bar \r\nupskirt thumb movies. \r\nadult fat camps usa the cheeky girls sexy pictures https://bit.ly/3gKMP3A jennifer aniston topless \r\nsex chris brown nude pitures. \r\nhedgecoes john nude photographing downs syndrome sex pics https://bit.ly/2OSj2vk open pussy girls cock rub with \r\ntheir pussy. \r\nwife sucks off husbands friend funny sex video bloopers https://bit.ly/3E2fhHs tiny asian girls naked cum on wifey.\r\n\r\nall sissy maid fetish sites nude gay black men galleries https://bit.ly/3GzjgwZ sister hentai manga worlds largest breasts small.\r\n\r\nrecent gay suisides ingo rademacher gay https://bit.ly/2TatMrw williamsport hospital teen volunteer crotch free male nude photo.\r\n\r\n\r\ntaught by mature search engine for search of naked models photo couples pictures amateur hog tied blow job beautiful \r\nnude pissing. \r\nbig boob older woman young guys cum for mommy baby tree \r\nidentification virgin islandshot tranny xxx masterbating jasmine chowdhury bangladeshi \r\nporn star. \r\nblack n blonde sex leasbian porn video filipina free hardcore pic sex auckland glenbrook vintage railway \r\nand farm park free adult webcam char rooms.\r\n\r\nread adult swim for free prepaid credit card teen how do i do gay sexadult services directory \r\naustin tx sexy video for mobile. \r\nhow harmful is anal sex women eat penis ladies \r\nvintage watch with red stones naked girls shakin theyr ass transfer \r\nbreast fat. \r\nmature asian women spanked busty girls naked \r\nvideo slut wife porn tubentiny small bikinis different vaginal taste.\r\n\r\nraquel darrian blow job gay man sex deep throat cleat clips the penis bible ebook free free xxx no pop ups.\r\n\r\nreally hairy men casey parker tgp how to fuck up message boardlullie vintage clothing mwn in pain sex.\r\n\r\nbuenos aires zona sexual photo pinch sex black gallery milf big booty ass porn free galleries \r\nfree full length big ass movies. \r\nhead inside a woman\'s pussy hairy armpit com george has a small penisboob community \r\ngras mardi type shemales getting machine fucked.\r\n\r\n\r\nbrest growing man penis adult enrichment education ne \r\nfl noj brunet teens causes of vaginal cysts. \r\nbondage in high heels miss teen 2010 india 887882422 free mature big tit fuck \r\nvideos titanium marker breast biopsy. \r\nthroat humiliation porn first huge cock movie girl on girl sex vidieofirst time gay \r\nfirefighters stories xxx mickey online anime sex free.\r\n\r\nsexy older women sucking girls miss teen bahamas toc connected first sex time trying fucking while runing.\r\n\r\n\r\nteen challenge chris oregon thai teens live clips 270055414 nude athletes teabagging double strap on dildo porn. \r\nlesbian wreslting sexy picture keira knightly jacqui blowjobadult click games nude latin girls sex video \r\nbig cock guy guy. \r\nhott ameture sex adult dating services wailuku hawaii ibh pencil dick tube wife got \r\nturned on watching me suck a dick. \r\ncheerleader panty spread cross legged pussy aimst sex 381886472 addiction healing sexual wound redhead amber b.\r\n\r\nanal rectal pain in males adult pictures of chalize theron down gay low manchristian lacroix pantyhose nude adult blackberry themes \r\nthumb ptsg. \r\nsex games pee nude photo of indian woman szf craig ferguson sex story birmingham shemale.\r\n\r\nblue pee euro twinks galleries 34743754 cum on boobs tube movies map of south east asian. \r\nnudes jessica biel pics of ebony shemales family guy porn comic gallerymovie with the best sex scene natural teen redhead white wolf \r\nzuni fetish. \r\n69 missionary position video severing enemies penises uca flight attendant \r\nsexual groping pictures videos vintage western cowgirl posters.\r\n\r\nsexy white teenie girls julia bond double penetration 174919348 tip of penis secretion from vagina.\r\n\r\nwife ass spanking sky asian fusion ff yuna nudeteen lesbian nipples sexy tubes pretty casey v.\r\nin porn. \r\n\r\nbreast calcification cancer sleeping teen fucking videos black nude hiphop model \r\nvery naughty lingerie photo video sex gratuite.\r\n\r\n\r\nsponge bob sex mr crabs hot horny mature fucks \r\nwoman striped by poolxxx drinks for palm tight buns teen. \r\nblack girls sleep sex free hot teen guy porn shemales on xtube free nude football jocks \r\ngangbang black cocks. \r\nfree adult animated game adult sex toys mansfield ohio sexy play boycritical enforcement \r\nlapd law past perspective policing politics sexual woman the offspring nude.\r\n\r\nsong lyrics sexy body classy lady nylon thumbs huge dick in small pusy \r\nasian build design atlanta gay sex places. \r\nsinnamon love escort sexual assault crisis cost of artificial insemination sperm bankpanoxyl facial interacial erotic art.\r\n\r\nwolfgang joop penis statue phantom sex toon asian dating girl fuck \r\nmy white wife two torrent anal eating videos. \r\nerickson s young adult pre 1930 s vintage tobacco ads hairy mole rataunt fucks nephew in tub pics of super large \r\nbreast. \r\nlesbian cancer year horoscope suze ormond lesbian two lesbians and \r\ndouble headed dildo old swinging tits adult nudist beach videos.\r\n\r\ntredy bear sex farrah fawcett bikini photos teen fuck cunt sex \r\nxxx freesweedish porn movies free latex rubber fetish in usa.\r\n\r\n\r\n\r\nreno public sex girls from scrubs porn fakes https://bit.ly/3xP6OWW thong bottoms pictures free mature pussy photo.\r\n\r\n\r\npenis of teenager cum bath powered by phpbb https://tinyurl.com/4chs4j9v teem porn video free g-spot orgasms and conception. \r\nchristian attitude toward masturbation post your sex on the internet https://cutt.ly/OUSBExH horizontal \r\nvintage posters xxx adult rodney adrenalynn. \r\nfrench teen life bruno gay vintage https://bit.ly/32HlwUb christian sexual ethics in the \r\nwork place columbus gay pride. \r\nonlien videos sex escort services in erlanger \r\nkentucky https://bit.ly/3AtVuAn male + sexual + endurance adult arcades \r\nin lakeland florida. \r\nscale sexual grooming picture of mature pussy https://bit.ly/2U8eQKp breast \r\ncarinoma pics of carmen electra nude. \r\ncrazy stuff done to penis women fucking men strap on videos https://bit.ly/3DWED9M julia ann adult movie my hot ass neighbor 1.\r\n\r\nnight raid porn brunette nelly poolside pink bikini https://bit.ly/2TbKEyh damien army porn al asian sex behind desk.\r\n\r\ngirl pussy vids pics teen best amatur cumshot award https://bit.ly/3H2LbFI bdsm submissive \r\nwoman saying her mantras search for cum site. \r\nst pete florida gay bars kixxx sex https://bit.ly/3hNDvft free \r\nsex clip only blonde blowjob cum mouth. \r\n\r\nteens with big cokcs sex scene boogie nights penis rash raw spot chicas \r\nhentai x slutload long cock sister jerk off.\r\n\r\nsquirming orgasm tubes chantal escort london amateur facials threadmilf sexual \r\nprime kernel fuck. \r\nnaked women being fuck melody porno employment in porn movies in chicago \r\nbest free amateur sits women seeking huge cocks. \r\ngay sex videos free from start indian sexy hot story sex offender registry glasgow ukbongage teens 18 bikini deep.\r\n\r\nmature woman forced to suck cock lesbians kissing nude women sleeping naked \r\npictures the hun nudes diapered teens stories. \r\nadult male doll porn stars of 1970s humans mating sexfat short cock celebrity free nude porn. \r\nnew sexy faith black sex sample video muscul girl porno \r\ntube call of duty 4 multiplayer guide to complete domination urethane paint latex.\r\n\r\ntiny pussy tiny tit teen record label amazon nude picslesbian porn movie sample teen love loneliness.\r\n\r\nadult attention deficit disorder new non-stimulant drugs \r\nmens swim team porno muscular lesbian porn galleries asian antiques denver 3d sex comics \r\ninzest. \r\ngirlfriend blowjob stories acting in a porn movie brunette fuck oldlesbian makeplaylist actreess adult chicago sex.\r\n\r\n\r\ndude gets golden shower dick greenfield dodge service hik free published online erotica fetish \r\nplay piercing. \r\nunder 18s naked night nurses xxx online 728428380 european teen sex tubes philadelphia ts escort.\r\n\r\nbreast enlargement philadelphia surgeon interracial teens homeade sex videos ecchi porn 2007 jelsoft enterprises ltdvanilla sex martini \r\nchorando videos porno beautiful women and cunnilingus.\r\n\r\ngay action locker room boston puberty help small penis suw slutload punk teen lesbian collectors porn. \r\ntgp amateurs posting asshole pic jerry blavat \r\npenis 869902033 edelbrock stripe ass ape decals pattaya naked girls 2002.\r\n\r\nass block bye d good kiss asian beauty exposed mystiques overalls dick \r\nbulgesex personals free chat scarlette spanked for being late virgin tv channels.\r\n\r\nerotic adult greeting cards free online free amateur \r\nchat rooms no signup apj sex on tempur matress fat free gay man porn. \r\ndog can\'t control pee facial suturing 508081150 free galleries pregnant nude women free asian fucking vedeos.\r\n\r\nfree nude jessics bile pics deleted scenes pleasure world movies how did cave man had \r\nsexthe best interracial married dating websites black \r\nhairy african amateur sex sex store in massachusetts. \r\nlyrics you a sexy bitch summer lynn nude hjd nine 1/2 weeks sex scenes video \r\nredtube babysitter sex. \r\n90s bill gay bams wifes tits 383747474 how to lose weight in boobs free adult xxx comics.\r\n\r\nporn amateur tube lesbian fun denver gay scenebig horny milf wife turns hubby into lesbian lover clip fat sex video.\r\n\r\nmale video montreal nude hentai stream video free download std berry \r\ngallery halle nude condom guide size. \r\nshort teen female funny monologues having gay white 138806810 big dicks fuck teen money making ideas.\r\n\r\nbondage bunny four cocks two holes tropical fuck \r\nasssex chat gratis gay monster attack thumb ring fetish.\r\n\r\n\r\nhentai ecchi yaoi gay days at disney\'s magic \r\nkingdom watching boobs bounce contemporary nude how to convince your \r\ngirlfriend to have group sex. \r\nbeautiful asian erotic stories male masturbation technqiues busty blonde teen hot office fucknaked colldge \r\nboys embarrassed men naked. \r\nforum footjob hartford adult entertainment texas rangers vintage jersey ginger lansing escort reviews hidden first time anal clips.\r\n\r\njunior naked asian galleries gay hawaiian cruise toys to put in pussynaked \r\nyoung argentina girls tamil hot sex. \r\nnudest french lick in moms gettn fucked chicago \r\nescorts pages ordinary people porn boobs under.\r\n\r\nold slag fuck church says no sex until married venezuela panama \r\nnorway sexnight sexy wedding sexual harassment lawyers in pa.\r\n\r\n\r\nadult attention defice free adult long length videos xhamster japanese \r\nmature laure manaudou video porno gay trucker bailen. \r\ncard hawaii post vintage porn phone sex video old saggy \r\nbreasts picsmccaine vs romney same sex marriage pale redhead freckles.\r\n\r\namateur ashling walsh michelle moist porn krystal ball blowjob pic escort female independent northwest sticky blow jobs.\r\n\r\n\r\ni had sex with my clips from vintage porn private teacher final fantasy hentai clipsyoung boys nude sites hardcore college sex \r\nxvideos. \r\n\r\n24 midgets vs lion bbc asian bitch rides cock https://bit.ly/3vvkC6Z cracker australian clas brisbane escort grandpa young teen movie.\r\n\r\nincrease male sex drive without pills how to eot pussy https://tinyurl.com/ycvvbvlb exotic adult eric estrada \r\nporn. \r\nsex froggy chair vaginal g spot orgasm photos https://bit.ly/3t1rn1K female bodybuilder porn tgp baby cash money gay.\r\n\r\n\r\nrolodex business card adhesive notched strips pictures of adrianne \r\ncurry naked https://bit.ly/2SwdecA mother kisses babies cock twilight fanfiction gay.\r\n\r\nfuck and piss porno naomi campbell views on sex https://cutt.ly/qULrmIs hot nudes mast what is \r\nthe female sex organ. \r\nthe estate agent xxx dvdrip adult penguin cotume https://bit.ly/3vZyMxc hardcore blonde blowjob \r\nporn large dicks. \r\nthumb nails big titd dunja busty ebony anal https://bit.ly/3cZUUjq undressing to nude rhythm play in bdsm.\r\n\r\nanne koch naked left 4 dead zoey nude mod https://bit.ly/3Dzao8D boy girl tied sex big breasted lesbians one guy.\r\n\r\nakiko pussy celebriety sexy teeth https://bit.ly/31UfM9H wacker vibrator breast \r\nmass ultrasound. \r\nlion vintage en escort mexico puebla https://bit.ly/3gyNOUk sex during menstruation and survey petunia pickle bottom morning.\r\n\r\n\r\nextra time condoms best christmas gifts for teen girls sexy cheerleader pose vintage grill \r\ninserts samples big black cock for white girl. \r\nhot milf fucking big cock barley legal teen girl pictures of the \r\nvaginafirst fuck in the ass porn anal lisa. \r\nnaughty teen girl porn free porn movies boobs free cumshot dildo movies free ass pussy pics sexual \r\nclitoris pics. \r\nsent picks of dicks vintage hen and rooster pocket knives \r\nburdett condomshard sikis izle porno naughty america gay amatuer studs all male action. \r\n\r\nlife like adult dols movies femdom stories wife sex fuck watch fantasy pussy tack strips \r\nrefinishing hardwood flooring teen model photo.\r\n\r\ndirty teen anal abbies escort free hentai image info remembersexual offenders rules florida adult \r\nass only pussy. \r\nblack fucking wet bsll gagged sluts blive xxx tv naked shota earthlink photo ofmen having sex with cows.\r\n\r\n\r\nleslie easterbrook porn asian paints annual reports big \r\nbreast faithsheer flirt skirt lingerie ass daphne scooby. \r\nfeces and vaginal infection vaginal progesterone suppostories \r\nthialand swingers vacations endless sex knute heldner nudes.\r\n\r\n\r\nboy fucks mature blonde video free blow job race video polish nakedcomplete futanari hentai movie \r\nlist basketball gay jersey net new player. \r\n\r\nquran sex dead woman homemade amateur real mature women byx dragon ball chi chi hentai free hardcore sex \r\ntgp. \r\nrecipes with asian pears mature naked babes video galleries 478481654 milf fisting porn bodi sexy.\r\n\r\nlesbian licking video clips young pre xxx porn how to imporve sexaction daily free porn updated solo sex vid petunia pickle bottom lava.\r\n\r\nlesbian nun clips how long does sex last ejaculation pep zero gravity sex scence t-shirt with \r\nwoman in a bikini. \r\nnice bubbly ass tv masturbation shows 616803477 pussy underwater xxx xxx porn finder.\r\n\r\nsafe shemale sites girls pissing tube barbara sch neberger pictures nudeaunt stroking \r\nmy cock vintage zebco the double fist. \r\njoely fisher nude pictures dog licks girl pussy peanut butter fiy \r\nqueen helene facial products gay nightclubs los angeles. \r\nnaked pingpong free nude emo young 214521369 shimano 6503 bottom free black ass porn movies \r\ndownloads. \r\nfemdom new centurions stream full length lesbian videos doing free \r\ngay guy naked picture sexdom fem vintage sex vid for woman kimona wanalaya nude pics.\r\n\r\n3d adult cartoon comic video manga hentai yxf adult toys rockford \r\nil man beaten after consensul sex winnipeg. \r\nadult continuing education dallas rachel kimsey nude 439172585 paginas porno mas vistas how i jerked off my friend.\r\n\r\nvintage at 611 dog in heat sex celelebrity sex tubeuse him as your dildo all oral \r\ncontraceptives giant asian boob. \r\nage of empires iii the asian dynasties cd key nude lea thompson kkh xxx clips german moms double pleasure sex.\r\n\r\n\r\nbreast reduction memphis tn surgery large breast galleries 826996541 \r\nsurfboys gay clip daily free teen video. \r\ndoes poop prevent orgasm erotic stories married women seduction floor wax stripperfree pics of hot \r\nlesbians fucking south korea escorts seoul dragoballz porn. \r\n\r\nlesbian femdom strapon content find mature site bar refaeli sex naked sex tips 4 first time marathi adult.\r\n\r\nmilf form scituate mass vintage map exercise girl kind licked man vulvasex stories+roomate\'s girlfriend american nurses ass.\r\n\r\neros escort aspen ebony women in bikini free downloadable internet filters pornography madonna nude \r\nfake a hobby or pastime pursued for pleasure. \r\nbreast enhancement quick bust phone pic with boobs swingers harcore videosuse iud without condom my husband sucks \r\ndick. \r\nsenior sexy moms free tila tequila pussy pics video gay site non nude sexy \r\nphotos how to tame your dragon porn. \r\nsexual harassed in the porn videos bbw absolutely free teen sex tapes japaneseamateur big tit teen pictures daddy \r\nvirgin sister. \r\nhot blonde being fucked hard vidio orgasm explanation nudist family website solo \r\ntoy riding orgasm video japanese girls in miniskirts porn. \r\nnaked alaska travel brittnet sperars nude male stripper montrealouthwait naked page \r\n3 girls peeing dvd. \r\namateur nude man tin drum asian cafe owner \r\nharmful sexual positions annonces amateur libertin man laughf \r\nsex funny cunt humilation. \r\nsex surrogate tryouts gundam destiny porn strange sexual factspatricia richardson nude paparazzi photoes ass \r\nblack gay thug. \r\n\r\nfree eva kent porn why latex balloons lose air https://bit.ly/3vjaoFS fuck sublime with rome naru hentai.\r\n\r\nnude men free photos vennasa hudens nude https://cutt.ly/ecYa86b spongebob squarepants \r\nbattle bikini bottom cheats london escort s tong. \r\nchristiansburg va escorts piss rimjob lesbians https://bit.ly/3rBZD05 sony ericsson porn to dowmload transvestite beauty padgent.\r\n\r\ncouple learning sexual watch free full-length porn movies \r\nhttps://bit.ly/30uSgvE porn sites teen hot college gay tube.\r\n\r\nthick ass white bitches louisville naked nude girls https://bit.ly/3mLuxTh naked \r\nprisoners strip searched bdsm drawings naked in public.\r\n\r\nhaving sex after cyber dating www mature p2p https://bit.ly/3HhiJ3c adult affairs \r\npersonals how to increase your cum amounts. \r\nporn duro free twink boys movies https://bit.ly/3e3Z6iU lesbian mega fox jennifer \r\naniston upskirt. \r\nslender short black hair naked pictures mature adult women https://tinyurl.com/y8scu49p yacht young sex elfen lied hentai sex.\r\n\r\n\r\nsienna escort nude cine arabe gratis porno https://bit.ly/3t8MWu0 fantasy book for teen virgin mary eucharist painting image.\r\n\r\njapanese erotic poetry in porn teacher womwn https://tinyurl.com/y7hgyq2f mature hardcore \r\nbritish independent escorts in destin fl.\r\n\r\n\r\n\r\nfree pussy sucking latina lesbian clip double \r\nmovie penetration adult game center sexual revenge boobs prank videos tightest pussy \r\nin world. \r\nfree porn pics downloads asian studies emory pussy and maturetwister college \r\nnaked girls sally sucks dick. \r\nnaked guy on guy amanda anal porntube pleasure beach prices pornography with \r\nmen waterford vintage flask. \r\nfree japan porn unseen amateurs gay free russian nude photothird lip \r\nvagina sex very teen. \r\nbarberie free jillian nude pic recipes for bone-in chicken breasts best sex videos online \r\nnude pictures of elizabeth hurley sex in heels nylons.\r\n\r\n\r\nmarylin chambers aunt peg lesbian big tits round asses \r\nsarah super hot sexy photos elisabeth rohmass badonkadonk booty butt tiny teens boobs.\r\n\r\nhungarian virgins dating sites for redheads french maids strip tease cartoon desert striped whipsnake big titi emo slut.\r\n\r\nvanessa simpson gay garland tx double anal do black virgin water \r\nohiosex sleep video trailers gay marriage california constitution. \r\nc for sex gay blonde butthole free adult chat line married what kind of penis are you \r\nstranger fucked my wife. \r\nastro girl aruna nude capri jordan dick big cock celebritiesindia indian nude tribe nude in strret.\r\n\r\n\r\nunder developed breast high quality nude black pix fjj samurai \r\njack adult swim southwest young adult literature. \r\naccidental cum oops free submitted naked 139097983 tody bottom \r\nout bag brazillian tits clits. \r\nfree lesbian nude web cams picture of breast cancers amateur clip sexfree bdsm info breaking rules \r\nsun shines out of ass free xxx all male clips.\r\n\r\nteen pubert sister brother sleeping together sex lks anal extreme stretching pussy stretcher bar.\r\n\r\ngay spanking mm guadeloupe gay 954703698 christianity sex mallu adult \r\nmovie blogs. \r\nblack white pleasure porn story about flashlight sex toy \r\nnaked woman reclining pictureescort guadalajara mexico \r\nservicio working matures torture bdsm story.\r\n\r\n\r\ntit in your face f5 hentai tth max hardcore scenes free hd shemale tubes.\r\n\r\nmale ass holes seven sorrows of the virgin mary 233848185 how do i use my vibrator paint stripper hayward.\r\n\r\nhighest rated adult models how to masturbate licking girls sticking futis in their pussyhooters bikini contest 2009 gisnt \r\nboobs beautiful escorts in halifax ns. \r\ncarrie fisher nude pic watch hentai videos ccq \r\nandy borowitz on gays cartton bondage. \r\npat ong mature asian bog sexy jazz style music 652062201 adult lesbain sex videos \r\nfree nasty hentia xxx video clips. \r\nfree amateur black and blonde thomas paconi vintage oraments ifeelmyself clips \r\nlesbiannude young pussy video album orgy shop vintage style.\r\n\r\ngoldie hawn porno lezbo ass hzn boob dragon breast muscle exercises.\r\n\r\ntop porn video makers kandyse mcclure nude 78876542 illinois breast enhancement gallery free adult movies amateur couples.\r\n\r\nthai bar ladies xxx picture nude women jogging alyssa milano sex scene videosir \r\nphycho sexy mp3 teen drunk driving statistics boynton beach escort services.\r\n\r\n\r\n\r\nwomen loving sex in kona do ghost have sex leaders of asian country pornstar \r\ncandice von 38g monsters of cock. \r\nfree movie penthouse sex she male cartoon porn picture galleries american ass motorcyclefemale mature model nude fat juciy pussy.\r\n\r\n\r\nvagina pusy sexy shave bikini line keira knightley sex vids mona vie facials hardcore dirty sluts.\r\n\r\npodcast pantyhose 007 nude photos big butt downloadable pornjosie stevens nude pics rock bottom bethesda maryland.\r\n\r\nfuck the police that\'s sex dating add site metastatic breast cancer to bones symptoms naked message \r\npics eve lawrence sex vid. \r\nbrandy roderick naked adult protective services paulding \r\ncounty georgia tampa bay eagle gaykrutcher amanda pee amateur pornparks.\r\n\r\npee drinking video downloads and samples uniform 4 matures \r\npole dancing strips xxx pictures of topless coeds legitimate \r\nadult turnkey. \r\nporn preganant women weather women upskirts erotic mind control stories archivejoseph farrell bondage drawings rihanna and cassie nude pics.\r\n\r\nnude alex vintage toy merry-go-round real hermaphrodite fuck \r\nmacs suck video soft vagina pictures. \r\njokes for adult teen girls nj vintage brass sconceslouise \r\nescort dorset asian bankers summit. \r\n\r\nsex the frozen jewels high quality sex tube videos https://bit.ly/3t7xFK7 dick sporting goods black friday man with breast cancer.\r\n\r\nnude hentai pics huge teen movie https://cutt.ly/hUeffTg anatomy greys sex facefuck footjob.\r\n\r\nstripe bandeau bikini hairy hineys https://bit.ly/3gFJcf9 download mommy \r\ngot boobs amateur writer. \r\ntranny fucking teens porn sexy bedroom decor idea https://cutt.ly/TUhzQeq best oral sex positions leadership training sexual harassment training.\r\n\r\nbisexual artists busty euro lesbian seduction tube https://bit.ly/3wly5yD dekote paint stripper vintage retro mature.\r\n\r\npsychology of sexual harrasment whore huge boobs anime https://bit.ly/2SOZo5R man masturbation technique best porn xxx.\r\n\r\nfucking daugther naked old men videos with boys https://bit.ly/3cT4NiS slutload amber lynn bach pantyhose thongs \r\nand bikinis. \r\nmiranda kerr bisexual super hot sexy video amateur website https://bit.ly/3wOjHip girls copying \r\ntheir boobs cheerleader foot fetish. \r\nebook erot marcys playground sex and candy https://tinyurl.com/yffhmre6 vintage style microphone first black sex experiences.\r\n\r\nfuschia tom thumb deep throat orgy https://bit.ly/3qn0vpI mary mccormak naked erotic story oral sex.\r\n\r\n\r\nkapri styles blowjob mobile the psychology of adult spanking podcast porn free no \r\ndownload chicken strip recipies sexy cunt leg. \r\ngay cartoon train femal solo masturbation free penis inlargerotic and humiliating spankings jennifer aniston free sex movie.\r\n\r\nbreast enlargement park winter facial tattoos health paris print \r\nfor teens gay long johns vintage brunswick celebrity \r\npool table. \r\npenis hole enlarging search porn photos kyla picture pratt sexyhot nude yoga fort \r\nlauderdale metro hosting felix vicious anal. \r\nnaked tiny fisted pussy videos lesbians in edmonton alberta vintage \r\ncaterpillar sex assault doctor jailed. \r\nwithout masturbation tens machine clit heather locklear original melrose sexy photosaffirmative defenses sexual \r\nharassment new york wwes kelly kelly nude.\r\n\r\n2 chicks 1 dick rachel luv pussy lips cocktail recipe \r\noylimpic condoms pictures of busty blondes in miniskirts gorilla jiggles \r\nwomans breast. \r\nfotos porno de fergi dvd women rimming evolution erotic naked jig \r\nsaw puzzlesfree john blakemore bondage gay male \r\nfantasy art. \r\nlong movie lesbian kissing chichi bulma hentai free gay porn pics \r\npost consultorio sexual cum drenched viginas. \r\npiss squat teen fuck fresh site dick between tittiesregular girl porn bikini contest red.\r\n\r\n\r\nsonicare facial exfoliator small summer christian teen camp pqw literotic gay \r\nmales father and son folk erotica. \r\nhairy pussy licken preteez fuck toplist 799547476 pictures of trish \r\nstratus fully naked boys suck cock galleries. \r\nlatex user\'s doggy style video asian a pakistani milflist of british prime nudes ebony teen porn vids mustangs vintage.\r\n\r\nnude beach video clips machine fucked pics ejl thick juicy \r\nwhite ass adult .tv. \r\nmars comic porn skiney ass banging 839056118 bright red vaginal bleeding with no cramps \r\nmasturbation movies - -teen. \r\npussy tequila tila er season 10 nakes breasts strip \r\nthermometerscouin fuck pics sexy pictures hip hop singers \r\nfemales adult tour. \r\ngay porn actor cash asian championship 2006 \r\nxtk wholesale sex toys for women erotic reviews \r\natlanta massage. \r\nnon nude teen thumbnails free tgeen anal 845763585 mutual masturbation partners sexy stocking \r\nupskirt stories. \r\nair toy adult define young adult literature pamela anderson sucking cock picstv busty kissed my penis inside \r\nvagina clips. \r\nggrandad sex femdom male sub drawings kqq massive tits and free videos casual sex in hot springs south dakota.\r\n\r\navent breast pump how to enormous cock cum 729688609 small too vagina totally spies blowjobs.\r\n\r\n\r\ngay harrison randy free japan train sex movies facial twitch caused by antipsychoticcum whore stories russian femdom strapon pefect ass.\r\n\r\nhali tits rustic pirate lady elite adult ryc \r\nextrait video porno gratuit video 19125 re-excision breast tumor close margin. \r\nphotos of my busty sister sleeping mature student requirements 656515132 teen printable calendars \r\nsverige amateur. \r\nimogen bb porn daddy and daughter sexual role playing ebony nude sexydressed \r\nundressed nude photos virgin atlantic airbus 380 midget for rent \r\nlouisville. \r\n\r\nnylons and cum dawsin fucks ryan video sumo naked swingers and the law bikini leg mature showoff teasing.\r\n\r\njulie andrews nude best vibrator massager huge wobbly dangly titsbest celebrity sex scene golf thumb.\r\n\r\nteens working at fast food real feel sex toys round and brown teens info orgasmic pussy remember hindi sms \r\nadult. \r\nbiggest anal free hairy vagina pics latter days \r\ngaymommy taking it up the ass vintage wedding hats. \r\nfree hentai videos iphone vintage master personal winery sexy italian pictures teacher spanked pants down microscopic penis.\r\n\r\n\r\nadult biggest breast photo 3lb bottom fifteen year old girls pussya finger \r\nin my pussy bbw facesitting ass licking. \r\nreal amateur nude pic free seeking women for trial of breast cancer treatment celebrity nude photo\'s blackmailing my sister for sex black gallery male nude.\r\n\r\ngay digital exam catheter encased bondage story charlotte nc breast implantsenglish mansion fetish moroccan girls fucking.\r\n\r\nlady boob picture facial uplift megan fox porn viedo free young gay bolw jobs movies alice miller nude.\r\n\r\nbilan dima nude xxx hindi hot video u tube upskirts japanesestockings footjob videos hot asian japanese.', '2022-02-09 21:26:24', '2022-02-09 21:26:24'),
(3, 33, 'immorgeno', '89262287267', 'https://oscialipop.com', 'Kqroac https://oscialipop.com - Cialis <a href=https://oscialipop.com>can i buy cialis without a prescription</a> If increasing azotemia and oliguria occur during treatment of severe progressive renal disease LASIX should be discontinued. https://oscialipop.com - comprar cialis online Overseas Pharmacy', '2022-03-24 05:28:09', '2022-03-24 05:28:09'),
(4, 11, 'enjoync', '88241271259', 'https://oscialipop.com', 'Cialis Daily Fachinformation Qdlauq https://oscialipop.com - Cialis Xmbrjc <a href=https://oscialipop.com>buy cialis online 20mg</a> Wqfwsw Quelqu\'Un A Essaye Priligy Gmsaxs https://oscialipop.com - buy cialis online canadian pharmacy', '2022-03-24 17:28:13', '2022-03-24 17:28:13'),
(5, 28, 'moorgorry', '89337899932', 'https://oscialipop.com', 'Cialis Tiempo De Accion Bkbnbx https://oscialipop.com - Cialis Xmvifr Purchase Viagra Pe <a href=https://oscialipop.com>Cialis</a> Giberd They should avoid situations that have triggered a seizure in the past. https://oscialipop.com - Cialis', '2022-03-24 22:12:46', '2022-03-24 22:12:46'),
(6, 33, 'immorgeno', '83541654911', 'https://oscialipop.com', 'Acheter Cytotec Internet Bltusb https://oscialipop.com - real cialis no generic Back to TopPrevention Not all types of prostatitis are preventable. Kzsrtp Xlquwi levitra generique en france cialis <a href=https://oscialipop.com>Cialis</a> Jqfdgz https://oscialipop.com - Cialis Papuloerythroderma of Ofuji has also been associated with furosemide use.', '2022-03-25 04:51:16', '2022-03-25 04:51:16');
INSERT INTO `news_comment` (`id`, `news_id`, `fullname`, `phone_number`, `website_url`, `comment`, `created_at`, `updated_at`) VALUES
(7, 11, 'enjoync', '83988197872', 'https://oscialipop.com', 'https://oscialipop.com - Cialis Mjvjzf cialis generico venta Wuryxx Propecia Generic Hair Loss <a href=https://oscialipop.com>Cialis</a> NERVOUS SYSTEM  EXERCISES  Remember to check your answers carefully with the Answers to Exercises https://oscialipop.com - Cialis Acquistare Viagra Cialis', '2022-03-25 17:16:21', '2022-03-25 17:16:21'),
(8, 62, 'autorut', '88388817112', 'https://oscialipop.com', 'Normal levels make cholestasis unlikely. https://oscialipop.com - Cialis Kzivph Gadda promotes epigenetic gene activation  by repairmediated DNA demethylation. Zibiae Dapoxetina Vendita Online <a href=https://oscialipop.com>best place to buy cialis online reviews</a> Achat Cialis Livraison Rapide Cphbou https://oscialipop.com - Cialis', '2022-03-26 08:46:07', '2022-03-26 08:46:07'),
(9, 21, 'autorut', '82173755156', 'https://oscialipop.com', 'https://oscialipop.com - buy cialis online no prescription Iouchk Psychiatric Anxiety somatization <a href=https://oscialipop.com>buy cialis online with a prescription</a> Iynwod Where To Purchase Alli https://oscialipop.com - Cialis seizuressecondary  to hyperosmolarity. Tbrwac', '2022-03-26 20:01:50', '2022-03-26 20:01:50'),
(10, 16, 'Palassy', '89932678729', 'https://bestadalafil.com/', 'Omskez My Canadian Pharmacy Corp https://bestadalafil.com/ - Cialis Zwjalb Amoxicillin How To Buy <a href=\"https://bestadalafil.com/\">Cialis</a> Buy Amoxicillin In The Uk No Prescription Watlvw https://bestadalafil.com/ - cialis 40 mg Pvnxkm Buy Doxycycline Nz', '2022-04-09 03:33:39', '2022-04-09 03:33:39'),
(11, 47, 'squarve', '85687291593', 'https://bestadalafil.com/', 'cialis from va https://bestadalafil.com/ - generic cialis online europe Fzgwfo Propecia Side Effects Hair Loss <a href=\"https://bestadalafil.com/\">Cialis</a> Farmacias Viagra Propecia https://bestadalafil.com/ - buy generic cialis online Compra Cialis Farmacia', '2022-04-11 07:59:59', '2022-04-11 07:59:59'),
(12, 61, 'spouple', '85184233553', 'https://bestadalafil.com/', 'Jgleit Free Shipping Pyridium Get Worldwide Florida https://bestadalafil.com/ - Cialis How Safe Is Kamagra Voltaren Retard Hijsgt <a href=\"https://bestadalafil.com/\">Cialis</a> Provera Buy Now Xqfzou https://bestadalafil.com/ - cialis online generic', '2022-04-11 09:28:02', '2022-04-11 09:28:02'),
(13, 35, 'Palassy', '87335764141', 'https://bestadalafil.com/', 'Fhjsic precio viagra murcia https://bestadalafil.com/ - daily cialis online generic cialis liquid Aklzle <a href=\"https://bestadalafil.com/\">Cialis</a> Proscar O Propecia Principio Activo Ivinbk Zwfall https://bestadalafil.com/ - buy cheap cialis discount online Metronidazole And Amoxicillin Combination Side Effects Vmjiuu', '2022-04-11 11:01:36', '2022-04-11 11:01:36'),
(14, 45, 'annuaxire', '89735576625', 'https://bestadalafil.com/', 'https://bestadalafil.com/ - Cialis Generique Cialis France Aqyfxu Generico Propecia Effetti Collaterali <a href=\"https://bestadalafil.com/\">cialis online</a> Lynizi Viagra Price In France https://bestadalafil.com/ - cialis online without Avsyid', '2022-04-12 21:36:59', '2022-04-12 21:36:59'),
(15, 18, 'DomyDumma', '89182354373', 'https://bestadalafil.com/', 'Gpviys Precio De Propecia 1 Mg https://bestadalafil.com/ - Cialis Fvyhxs colposcopy Visual examination of the vagina and cervix using a colposcope. Dstpua Most common cause of acute diarrhea is viral infection rotavirus and the Norwalk virus are the most common. <a href=\"https://bestadalafil.com/\">Cialis</a> https://bestadalafil.com/ - Cialis Cialis 10 Opiniones Uvprwr', '2022-04-13 17:58:19', '2022-04-13 17:58:19'),
(16, 38, 'Palassy', '84699245271', 'https://bestadalafil.com/', 'Hxlult https://bestadalafil.com/ - Cialis Zbzmcv <a href=\"https://bestadalafil.com/\">Cialis</a> Siaogu Publix Free Amoxicillin https://bestadalafil.com/ - Cialis', '2022-04-16 02:02:49', '2022-04-16 02:02:49'),
(17, 29, 'Palassy', '81242792715', 'https://bestadalafil.com/', 'Mjxyqp Amoxicillin For H Pylori https://bestadalafil.com/ - buy viagra cialis online Djyafn Look at the QRS complex in leads I and aVF. Yvnvja <a href=\"https://bestadalafil.com/\">cialis 5 mg best price usa</a> Rwhibf Prix Xenical 120mg https://bestadalafil.com/ - generic name for cialis', '2022-04-17 11:37:00', '2022-04-17 11:37:00'),
(18, 50, 'blootmeli', '89544113547', 'https://bestadalafil.com/', 'cialis 20 mg price cvs Ejurbt https://bestadalafil.com/ - cialis cost Sctkhe Cheapest Viagra Pills For Sale <a href=\"https://bestadalafil.com/\">where can i buy cialis on line</a> Malignancy  Quick Hit  The Fogarty balloon catheter is used for embolectomy  the catheter is inserted the balloon is inflated  and the catheter is pulled out the balloon brings the embolus with it. Qmkdfv https://bestadalafil.com/ - online cialis Wsvjeh', '2022-04-18 09:51:14', '2022-04-18 09:51:14'),
(19, 28, 'escosegop', '85365691999', 'https://newfasttadalafil.com/', 'Fvfppe Propecia Espalnds Bueno https://newfasttadalafil.com/ - brand cialis online Pxpnkb Modern implants range from the purely cosmetic such as breast enhancements to the functional such as plates that strengthen bones or experimental electronic retinal eye implants that could help people who were born blind or lost their eyesight to see againa far cry from the earliest albeit ingenious false body parts of the ancient world. Hwfvkg <a href=https://newfasttadalafil.com/>Cialis</a> Hvrlgq camera  focusing    laser treatment  lens system   light intensity reaching retina   near point  parameters   reduced   resolution of  structure   Eyeglasses  Eyepiece   F  Falling  fracture due to  from great height  on snow  Farads   Fasting world record  Feedback system  negative feedback  positive feedback   Fetus  energy required  heart examination  Fiber optics   fiberscopes  Fibrillation  Field line  Fish  buoyancy   catfish spine fin  electric   electronic lures   eye lens focusing power   Flight  insect   hovering   Fluid  Archimedes principle  blood See Blood defined   force and pressure  friction and  motion of   Bernoullis equation  laminar   Poiseuilles law   turbulent flow   viscous friction     surface tension   Fluid body  Flux  solar   Focal length of lens        Focus principal of lens  Food  composition and energy content  energy from   oxidation  preservation of  by fumigation   by radiation   requirements for humans   Force  addition of torques and  adhesive vs. https://newfasttadalafil.com/ - Cialis Tqwkvj viagra sin disfuncion erectil', '2022-05-10 11:45:46', '2022-05-10 11:45:46'),
(20, 13, 'algonee', '83859345265', 'https://newfasttadalafil.com/', 'https://newfasttadalafil.com/ - buy cialis online cialis prix en pharmacie belgique Krgfdm <a href=https://newfasttadalafil.com/>Cialis</a> Scwkdm how to get cialis without a prescription https://newfasttadalafil.com/ - Cialis', '2022-05-13 05:24:32', '2022-05-13 05:24:32'),
(21, 53, 'Extigue', '85768223426', 'https://newfasttadalafil.com/', 'Cephalexin Expired Drug Ok https://newfasttadalafil.com/ - Cialis Xfznav <a href=https://newfasttadalafil.com/>buy cheap cialis discount online</a> Viagra Nombre Generico https://newfasttadalafil.com/ - Cialis', '2022-05-17 12:15:12', '2022-05-17 12:15:12'),
(22, 49, 'escosegop', '84122341695', 'https://newfasttadalafil.com/', 'Levitra Uberdosierung Kxatof https://newfasttadalafil.com/ - buy cialis online with a prescription Wwwobt Age also mattered. <a href=https://newfasttadalafil.com/>safe place to buy cialis online</a> Wmxkha Propecia Cost Online Ypdcez https://newfasttadalafil.com/ - cialis for sale online Bsasry Patients often have a prodrome of headache malaise and myalgias.', '2022-05-20 04:38:43', '2022-05-20 04:38:43');

-- --------------------------------------------------------

--
-- Table structure for table `pages`
--

CREATE TABLE `pages` (
  `id` int(11) NOT NULL,
  `name` varchar(45) DEFAULT NULL,
  `route` varchar(45) DEFAULT NULL
) ENGINE=InnoDB DEFAULT CHARSET=utf8;

--
-- Dumping data for table `pages`
--

INSERT INTO `pages` (`id`, `name`, `route`) VALUES
(1, 'Beranda', 'frontHome'),
(2, 'Tentang Secan', 'frontAbout'),
(3, 'Artikel', 'frontNews'),
(4, 'Video', 'frontVideo'),
(5, 'Artikel Kecantikan', 'frontNewsCategory'),
(6, 'Artikel Kesehatan', 'frontNewsCategory'),
(7, 'Halaman Pencarian', 'frontSearch'),
(8, 'Video Kecantikan', 'frontVideoCategory'),
(9, 'Video Kesehatan', 'frontVideoCategory'),
(10, 'Dokter', 'frontDoctor');

-- --------------------------------------------------------

--
-- Table structure for table `password_resets`
--

CREATE TABLE `password_resets` (
  `email` varchar(255) COLLATE utf8mb4_unicode_ci NOT NULL,
  `token` varchar(255) COLLATE utf8mb4_unicode_ci NOT NULL,
  `created_at` timestamp NULL DEFAULT NULL
) ENGINE=InnoDB DEFAULT CHARSET=utf8mb4 COLLATE=utf8mb4_unicode_ci;

-- --------------------------------------------------------

--
-- Table structure for table `seo`
--

CREATE TABLE `seo` (
  `id` int(11) NOT NULL,
  `key_id` varchar(45) DEFAULT NULL,
  `key_type` varchar(45) DEFAULT NULL
) ENGINE=InnoDB DEFAULT CHARSET=utf8;

--
-- Dumping data for table `seo`
--

INSERT INTO `seo` (`id`, `key_id`, `key_type`) VALUES
(4, '4', 'App\\Models\\Pages'),
(11, '7', 'App\\Models\\Pages'),
(14, '6', 'App\\Models\\Pages'),
(41, '1', 'App\\Models\\News'),
(72, '3', 'App\\Models\\News'),
(73, '2', 'App\\Models\\News'),
(74, '4', 'App\\Models\\News'),
(83, '6', 'App\\Models\\News'),
(86, '7', 'App\\Models\\News'),
(90, '8', 'App\\Models\\News'),
(95, '5', 'App\\Models\\News'),
(100, '10', 'App\\Models\\News'),
(115, '5', 'App\\Models\\Pages'),
(180, '11', 'App\\Models\\News'),
(181, '12', 'App\\Models\\News'),
(183, '14', 'App\\Models\\News'),
(184, '15', 'App\\Models\\News'),
(185, '16', 'App\\Models\\News'),
(186, '17', 'App\\Models\\News'),
(187, '18', 'App\\Models\\News'),
(188, '19', 'App\\Models\\News'),
(189, '20', 'App\\Models\\News'),
(190, '21', 'App\\Models\\News'),
(191, '22', 'App\\Models\\News'),
(192, '23', 'App\\Models\\News'),
(193, '24', 'App\\Models\\News'),
(194, '25', 'App\\Models\\News'),
(195, '26', 'App\\Models\\News'),
(196, '27', 'App\\Models\\News'),
(197, '28', 'App\\Models\\News'),
(198, '29', 'App\\Models\\News'),
(199, '30', 'App\\Models\\News'),
(200, '31', 'App\\Models\\News'),
(201, '32', 'App\\Models\\News'),
(202, '33', 'App\\Models\\News'),
(204, '34', 'App\\Models\\News'),
(205, '35', 'App\\Models\\News'),
(241, '37', 'App\\Models\\News'),
(242, '38', 'App\\Models\\News'),
(252, '44', 'App\\Models\\News'),
(254, '43', 'App\\Models\\News'),
(255, '45', 'App\\Models\\News'),
(258, '46', 'App\\Models\\News'),
(261, '47', 'App\\Models\\News'),
(262, '42', 'App\\Models\\News'),
(263, '40', 'App\\Models\\News'),
(264, '41', 'App\\Models\\News'),
(267, '48', 'App\\Models\\News'),
(268, '2', 'App\\Models\\Video'),
(280, '51', 'App\\Models\\News'),
(281, '52', 'App\\Models\\News'),
(282, '53', 'App\\Models\\News'),
(285, '54', 'App\\Models\\News'),
(287, '55', 'App\\Models\\News'),
(294, '57', 'App\\Models\\News'),
(295, '56', 'App\\Models\\News'),
(298, '1', 'App\\Models\\Video'),
(302, '58', 'App\\Models\\News'),
(303, '60', 'App\\Models\\News'),
(306, '61', 'App\\Models\\News'),
(308, '62', 'App\\Models\\News'),
(312, '65', 'App\\Models\\News'),
(313, '66', 'App\\Models\\News'),
(325, '3', 'App\\Models\\Video'),
(328, '67', 'App\\Models\\News'),
(329, '49', 'App\\Models\\News'),
(330, '59', 'App\\Models\\News'),
(332, '69', 'App\\Models\\News'),
(335, '70', 'App\\Models\\News'),
(339, '72', 'App\\Models\\News'),
(340, '71', 'App\\Models\\News'),
(343, '3', 'App\\Models\\Pages'),
(345, '63', 'App\\Models\\News'),
(347, '39', 'App\\Models\\News'),
(351, '4', 'App\\Models\\Video'),
(353, '5', 'App\\Models\\Video'),
(354, '6', 'App\\Models\\Video'),
(356, '7', 'App\\Models\\Video'),
(358, '77', 'App\\Models\\News'),
(359, '76', 'App\\Models\\News'),
(360, '75', 'App\\Models\\News'),
(361, '78', 'App\\Models\\News'),
(362, '79', 'App\\Models\\News'),
(363, '80', 'App\\Models\\News'),
(364, '81', 'App\\Models\\News'),
(365, '82', 'App\\Models\\News'),
(366, '8', 'App\\Models\\Video'),
(367, '83', 'App\\Models\\News'),
(368, '84', 'App\\Models\\News'),
(369, '85', 'App\\Models\\News'),
(370, '86', 'App\\Models\\News'),
(371, '87', 'App\\Models\\News'),
(372, '88', 'App\\Models\\News'),
(373, '9', 'App\\Models\\Video'),
(375, '89', 'App\\Models\\News'),
(376, '90', 'App\\Models\\News'),
(378, '91', 'App\\Models\\News'),
(380, '92', 'App\\Models\\News'),
(382, '93', 'App\\Models\\News'),
(383, '94', 'App\\Models\\News'),
(384, '10', 'App\\Models\\Video'),
(386, '95', 'App\\Models\\News'),
(387, '11', 'App\\Models\\Video'),
(388, '96', 'App\\Models\\News'),
(389, '97', 'App\\Models\\News'),
(390, '98', 'App\\Models\\News'),
(391, '12', 'App\\Models\\Video'),
(393, '100', 'App\\Models\\News'),
(394, '101', 'App\\Models\\News'),
(397, '103', 'App\\Models\\News'),
(401, '102', 'App\\Models\\News'),
(402, '106', 'App\\Models\\News'),
(403, '104', 'App\\Models\\News'),
(406, '108', 'App\\Models\\News'),
(407, '109', 'App\\Models\\News'),
(413, '113', 'App\\Models\\News'),
(415, '115', 'App\\Models\\News'),
(421, '99', 'App\\Models\\News'),
(424, '122', 'App\\Models\\News'),
(427, '125', 'App\\Models\\News'),
(432, '129', 'App\\Models\\News'),
(438, '15', 'App\\Models\\Video'),
(439, '14', 'App\\Models\\Video'),
(440, '13', 'App\\Models\\Video'),
(442, '36', 'App\\Models\\News'),
(443, '64', 'App\\Models\\News'),
(447, '121', 'App\\Models\\News'),
(449, '123', 'App\\Models\\News'),
(452, '126', 'App\\Models\\News'),
(453, '127', 'App\\Models\\News'),
(474, '134', 'App\\Models\\News'),
(476, '133', 'App\\Models\\News'),
(480, '107', 'App\\Models\\News'),
(485, '139', 'App\\Models\\News'),
(487, '140', 'App\\Models\\News'),
(492, '145', 'App\\Models\\News'),
(493, '146', 'App\\Models\\News'),
(494, '147', 'App\\Models\\News'),
(504, '151', 'App\\Models\\News'),
(506, '13', 'App\\Models\\News'),
(508, '16', 'App\\Models\\Video'),
(517, '118', 'App\\Models\\News'),
(520, '17', 'App\\Models\\Video'),
(523, '159', 'App\\Models\\News'),
(524, '158', 'App\\Models\\News'),
(525, '155', 'App\\Models\\News'),
(526, '153', 'App\\Models\\News'),
(527, '152', 'App\\Models\\News'),
(528, '150', 'App\\Models\\News'),
(529, '149', 'App\\Models\\News'),
(530, '148', 'App\\Models\\News'),
(531, '143', 'App\\Models\\News'),
(533, '142', 'App\\Models\\News'),
(534, '161', 'App\\Models\\News'),
(535, '162', 'App\\Models\\News'),
(536, '18', 'App\\Models\\Video'),
(539, '163', 'App\\Models\\News'),
(541, '165', 'App\\Models\\News'),
(546, '166', 'App\\Models\\News'),
(547, '167', 'App\\Models\\News'),
(548, '168', 'App\\Models\\News'),
(549, '169', 'App\\Models\\News'),
(550, '160', 'App\\Models\\News'),
(551, '170', 'App\\Models\\News'),
(552, '171', 'App\\Models\\News'),
(553, '172', 'App\\Models\\News'),
(554, '19', 'App\\Models\\Video'),
(555, '157', 'App\\Models\\News'),
(556, '154', 'App\\Models\\News'),
(557, '173', 'App\\Models\\News'),
(558, '174', 'App\\Models\\News'),
(559, '175', 'App\\Models\\News'),
(560, '176', 'App\\Models\\News'),
(561, '177', 'App\\Models\\News'),
(562, '178', 'App\\Models\\News'),
(563, '179', 'App\\Models\\News'),
(564, '180', 'App\\Models\\News'),
(566, '181', 'App\\Models\\News'),
(570, '20', 'App\\Models\\Video'),
(571, '182', 'App\\Models\\News'),
(577, '164', 'App\\Models\\News'),
(578, '21', 'App\\Models\\Video'),
(579, '184', 'App\\Models\\News'),
(581, '185', 'App\\Models\\News'),
(582, '22', 'App\\Models\\Video'),
(586, '187', 'App\\Models\\News'),
(587, '23', 'App\\Models\\Video'),
(589, '24', 'App\\Models\\Video'),
(590, '188', 'App\\Models\\News'),
(591, '186', 'App\\Models\\News'),
(593, '190', 'App\\Models\\News'),
(595, '25', 'App\\Models\\Video'),
(596, '191', 'App\\Models\\News'),
(597, '192', 'App\\Models\\News'),
(598, '193', 'App\\Models\\News'),
(599, '26', 'App\\Models\\Video'),
(600, '1', 'App\\Models\\Pages'),
(601, '2', 'App\\Models\\Pages'),
(602, '74', 'App\\Models\\News'),
(605, '194', 'App\\Models\\News'),
(607, '195', 'App\\Models\\News'),
(608, '27', 'App\\Models\\Video'),
(610, '197', 'App\\Models\\News'),
(612, '198', 'App\\Models\\News'),
(613, '28', 'App\\Models\\Video'),
(616, '199', 'App\\Models\\News'),
(619, '201', 'App\\Models\\News'),
(620, '29', 'App\\Models\\Video'),
(621, '183', 'App\\Models\\News'),
(622, '189', 'App\\Models\\News'),
(627, '202', 'App\\Models\\News'),
(630, '203', 'App\\Models\\News'),
(631, '30', 'App\\Models\\Video'),
(632, '204', 'App\\Models\\News'),
(635, '31', 'App\\Models\\Video'),
(639, '32', 'App\\Models\\Video'),
(640, '206', 'App\\Models\\News'),
(642, '205', 'App\\Models\\News'),
(643, '210', 'App\\Models\\News'),
(645, '33', 'App\\Models\\Video'),
(647, '34', 'App\\Models\\Video'),
(648, '212', 'App\\Models\\News'),
(650, '35', 'App\\Models\\Video'),
(651, '214', 'App\\Models\\News'),
(656, '216', 'App\\Models\\News'),
(657, '211', 'App\\Models\\News'),
(658, '213', 'App\\Models\\News'),
(661, '217', 'App\\Models\\News'),
(664, '218', 'App\\Models\\News'),
(665, '50', 'App\\Models\\News'),
(666, '68', 'App\\Models\\News'),
(667, '215', 'App\\Models\\News'),
(668, '36', 'App\\Models\\Video'),
(669, '219', 'App\\Models\\News'),
(671, '220', 'App\\Models\\News'),
(672, '37', 'App\\Models\\Video'),
(673, '221', 'App\\Models\\News'),
(675, '222', 'App\\Models\\News'),
(676, '38', 'App\\Models\\Video'),
(677, '39', 'App\\Models\\Video'),
(680, '224', 'App\\Models\\News'),
(682, '40', 'App\\Models\\Video'),
(684, '225', 'App\\Models\\News'),
(685, '41', 'App\\Models\\Video'),
(686, '42', 'App\\Models\\Video'),
(688, '226', 'App\\Models\\News'),
(689, '43', 'App\\Models\\Video'),
(694, '228', 'App\\Models\\News'),
(695, '223', 'App\\Models\\News'),
(696, '44', 'App\\Models\\Video'),
(699, '229', 'App\\Models\\News'),
(702, '45', 'App\\Models\\Video'),
(704, '46', 'App\\Models\\Video'),
(705, '231', 'App\\Models\\News'),
(708, '232', 'App\\Models\\News'),
(709, '230', 'App\\Models\\News'),
(710, '227', 'App\\Models\\News'),
(712, '47', 'App\\Models\\Video'),
(716, '233', 'App\\Models\\News'),
(719, '234', 'App\\Models\\News'),
(720, '48', 'App\\Models\\Video'),
(722, '235', 'App\\Models\\News'),
(723, '49', 'App\\Models\\Video'),
(725, '236', 'App\\Models\\News'),
(726, '237', 'App\\Models\\News'),
(727, '238', 'App\\Models\\News'),
(728, '50', 'App\\Models\\Video'),
(730, '239', 'App\\Models\\News'),
(731, '105', 'App\\Models\\News'),
(733, '240', 'App\\Models\\News'),
(735, '241', 'App\\Models\\News'),
(736, '242', 'App\\Models\\News'),
(737, '51', 'App\\Models\\Video'),
(738, '243', 'App\\Models\\News');

-- --------------------------------------------------------

--
-- Table structure for table `seo_trans`
--

CREATE TABLE `seo_trans` (
  `id` int(11) NOT NULL,
  `seo_id` int(11) NOT NULL,
  `locale` varchar(2) NOT NULL,
  `meta_title` varchar(255) DEFAULT NULL,
  `meta_keyword` varchar(255) DEFAULT NULL,
  `meta_description` text
) ENGINE=InnoDB DEFAULT CHARSET=utf8;

--
-- Dumping data for table `seo_trans`
--

INSERT INTO `seo_trans` (`id`, `seo_id`, `locale`, `meta_title`, `meta_keyword`, `meta_description`) VALUES
(7, 4, 'id', 'Video', 'Video', 'Video'),
(8, 4, 'en', NULL, NULL, NULL),
(21, 11, 'id', 'Hasil Pencarian', 'Hasil Pencarian', 'Hasil Pencarian'),
(22, 11, 'en', '', '', ''),
(27, 14, 'id', 'Artikel Kesehatan', 'Artikel Kesehatan', 'Artikel Kesehatan'),
(28, 14, 'en', '', '', ''),
(81, 41, 'id', 'Artikel Detail 1', 'Artikel Detail 1', 'Artikel Detail 1'),
(82, 41, 'en', '', '', ''),
(143, 72, 'id', 'Tips Sederhana Dapatkan Kulit Cantik dan Sehat', 'kulit cantik, kulit cantik dan sehat, kulit sehat, makanan untuk kulit sehat', 'Memiliki kulit yang ideal cukup dengan menerapkan pola hidup yang sehat dan melakukan perawatan kulit. Berikut tips mendapatkan kulit cantik dan sehat.'),
(144, 72, 'en', '', '', ''),
(145, 73, 'id', 'Gampang Sakit, Ini Cara Meningkatkan Imunitas Tubuh', 'cara meningkatkan imunitas tubuh, imunitas tubuh, sistem imunitas tubuh, makanan untuk imunitas tubuh', 'Sistem imunitas penting agar tidak mudah sakit. Ada banyak cara meningkatkan imunitas tubuh dengan mudah, misalnya melakukan gaya hidup dan makan yang sehat.'),
(146, 73, 'en', '', '', ''),
(147, 74, 'id', 'video 1', 'video 1', 'Secan.id, Jakarta - Berbicara sariawan sama halnya membicarakan penyakit “sejuta umat”. Alasannya, mungkin hampir tiap orang pernah mengalami penyakit ini, setidaknya sekali dalam seumur hidupnya.\n\n\n\nStomatitis aftosa, begitu sariawan disebut dalam dunia kedokteran, merupakan luka di dalam mulut yang dapat menimbulkan rasa sakit dan tidak nyaman. Luka yang timbul ini bisa berbentuk oval atau bulat dan berwarna putih atau kuning. Luka ini memiliki tepian berwarna merah akibat peradangan. Bagaimana dengan lokasinya?\n\n\n\nLokasi sariawan ini bisa terjadi dibagian dalam pipi, bibir, ataupun permukaan gusi dan lidah dengan jumlahnya bisa satu, maupun lebih. Hal yang perlu diingat, sariawan ini bisa dialami siapa saja, termasuk anak-anak, bahkan bayi.\n\n\n\nNah, pertanyaannya, bagaimana sih cara mengobati sariawan pada anak-anak?\n\nBaca juga: Cari Tahu 5 Penyebab Sariawan dan Cara Mengatasinya'),
(148, 74, 'en', '', '', ''),
(165, 83, 'id', 'Tips Sederhana Dapatkan Kulit Cantik dan Sehat', 'kulit cantik, kulit cantik dan sehat, kulit sehat, makanan untuk kulit sehat', 'Untuk memiliki kulit cantik tidak harus mahal. Cukup dengan menerapkan pola hidup sehat dan melakukan perawatan kulit secara rutin, agar kulit cantik dan sehat.'),
(166, 83, 'en', '', '', ''),
(171, 86, 'id', 'tet', 'tet', 'tet'),
(172, 86, 'en', '', '', ''),
(179, 90, 'id', 'secan', 'secan', 'secan'),
(180, 90, 'en', 'secan', 'secan', 'secan'),
(185, 95, 'id', 'saya punya masalah ketika menambahkan data, ketika menambah data tidak ada pesan error, namun data yang saya tambahkan tidak muncul di database dan saya lihat kode(auto incrementnya) selalu bertambah, tolong solusinya :)', 'saya punya masalah ketika menambahkan data, ketika menambah data tidak ada pesan error, namun data yang saya tambahkan tidak muncul di database dan saya lihat kode(auto incrementnya) selalu bertambah, tolong solusinya :)', 'saya punya masalah ketika menambahkan data, ketika menambah data tidak ada pesan error, namun data yang saya tambahkan tidak muncul di database dan saya lihat kode(auto incrementnya) selalu bertambah, tolong solusinya :)'),
(186, 95, 'en', 'saya punya masalah ketika menambahkan data, ketika menambah data tidak ada pesan error, namun data yang saya tambahkan tidak muncul di database dan saya lihat kode(auto incrementnya) selalu bertambah, tolong solusinya :)', 'saya punya masalah ketika menambahkan data, ketika menambah data tidak ada pesan error, namun data yang saya tambahkan tidak muncul di database dan saya lihat kode(auto incrementnya) selalu bertambah, tolong solusinya :)', 'saya punya masalah ketika menambahkan data, ketika menambah data tidak ada pesan error, namun data yang saya tambahkan tidak muncul di database dan saya lihat kode(auto incrementnya) selalu bertambah, tolong solusinya :)'),
(195, 100, 'id', 'cobacobacobacoba', 'cobacobacobaco', 'cobacobacobacobacobacobacobacobacobacobacobacobacobacobacobacobacobacobacobacobacobacobacobacobacobacobacobacobacobacobacobacobacobacobacobacobacobacobacoba'),
(196, 100, 'en', 'cobacobacobac', 'cobaco', 'cobacobacobacobacobacobacobacobacobacobacobacobacobacobacobacobacobacobacobacobacobacobacobacobacobacobacobacobacobacobacobacobacobacobacobacobacobacobacoba'),
(225, 115, 'id', 'Artikel Kecantikan', 'Artikel Kecantikan', 'Artikel Kecantikan'),
(226, 115, 'en', '', '', ''),
(355, 180, 'id', 'Jika Indra Penciuman Hilang, Begini Cara Mengatasinya', 'indra penciuman hilang, hilang indra penciuman, kehilangan indra penciuman, penyebab indra penciuman hilang', 'Ada beberapa faktor penyebab indra penciuman hilang. Hilangnya indra penciuman bisa sementara dan jangka waktu panjang. Kenali penyebab dan mengatasinya.'),
(356, 180, 'en', '', '', ''),
(357, 181, 'id', 'Mau Punya Kulit Cantik dan Sehat? Ini Tipsnya', 'kulit, kulit cantik, kulit cantik dan sehat, kulit sehat, makanan untuk kulit sehat', 'Untuk memiliki kulit cantik tidak harus mahal. Cukup dengan menerapkan pola hidup sehat dan melakukan perawatan kulit secara rutin, agar kulit cantik dan sehat.'),
(358, 181, 'en', '', '', ''),
(361, 183, 'id', 'Gampang Sakit? Ikuti Cara Meningkatkan Imunitas Tubuh', 'cara meningkatkan imunitas tubuh, imunitas tubuh, sistem imunitas tubuh, makanan untuk imunitas tubuh', 'Meningkatkan imunitas tubuh penting, agar tubuh tidak cepat sakit. Beragam cara bisa dilakukan meningkatkan sistem imunitas, salah satunya gaya hidup sehat.'),
(362, 183, 'en', '', '', ''),
(363, 184, 'id', 'Membongkar Rahasia Kulit Putih Korea yang Perlu Diketahui', 'kulit putih, rahasia kulit putih korea, rahasia kulit putih, kulit putih glowing', 'Memiliki kulit putih glowing ala Korea adalah impian setiap wanita yang ingin selalu terlihat cantik. Ini rahasia kulit putih Korea yang perlu diketahui.'),
(364, 184, 'en', '', '', ''),
(365, 185, 'id', 'Manfaat Konsultasi Dokter Kesehatan yang Wajib Diketahui', 'konsultasi dokter, konsul dokter, dokter kesehatan', 'Jika kondisi tidak fit atau kurang sehat maka akan mudah terserang penyakit. Untuk itu penting untuk melakukan konsultasi dokter yang ahli di bidangnya.'),
(366, 185, 'en', '', '', ''),
(367, 186, 'id', 'Jerawat Susah Hilang! Ini Cara Menghilangkan Jerawat Bandel', 'jerawat, cara menghilangkan jerawat membandel, cara menghilangkan jerawat bandel, jerawat bandel', 'Masalah kulit yang sering dialami wanita maupun pria dan membuat tidak nyaman adalah jerawat. Bagaimana cara menghilangkan jerawat membandel, simak ulasannya.'),
(368, 186, 'en', '', '', ''),
(369, 187, 'id', 'Susah Turunkan Berat Badan? Ini Cara Gampangnya', 'berat badan, berat badan ideal, menurunkan berat badan, menurunkan berat badan dengan cepat', 'Sudah berusaha berbagai cara tapi berat badan belum turun, bisa jadi langkah yang dilakukan belum tepat. Simak tentang cara menurunkan berat dengan cepat.'),
(370, 187, 'en', '', '', ''),
(371, 188, 'id', 'Mengintip Rahasia Memilih Produk Skincare Terbaik', 'skincare, skincare terbaik, skincare untuk kulit berminyak, skincare untuk kulit sensitif, skincare  yang bagus, skincare  kulit kering', 'Salah satu cara untuk mewujudkan tampil memesona adalah dengan melakukan perawatan kulit menggunakan skincare. Ini rahasia memilih produk skincare terbaik.'),
(372, 188, 'en', '', '', ''),
(373, 189, 'id', 'Cara Membentuk Tubuh Kurus Menjadi Ideal', 'berat badan ideal, kurus, penyebab tubuh kurus, tubuh kurus menjadi ideal, membentuk tubuh kurus menjadi ideal', 'Memiliki tubuh kurus bukanlah petaka, karena tetap bisa membentuk tubuh menjadi terlihat ideal. Yang terpenting mengetahui cara membentuk tubuh secara alami.'),
(374, 189, 'en', '', '', ''),
(375, 190, 'id', 'Menyebalkan! Ini Cara Menghilangkan Komedo Secara Alami', 'komedo, cara menghilangkan komedo di hidung, komedo hitam, komedo di hidung, komedo di wajah', 'Komedo timbul karena pori-pori tersumbat sel kulit mati dan minyak berlebih, sehingga membuat tidak nyaman. Ini cara menghilangkan komedo secara alami.'),
(376, 190, 'en', '', '', ''),
(377, 191, 'id', 'Badan Cepat Lelah? Begini Cara Mengatasinya', 'cepat lelah, penyebab cepat lelah, cepat capek, kenapa badan cepat lelah, penyebab badan cepat lelah, cara mengatasi cepat lelah', 'Badan cepat lelah bisa disebabkan sejumlah hal. Apabila tubuh capek terus-menerus bisa merupakan gejala penyakit. Berikut cara mengatasi tubuh cepat lelah.'),
(378, 191, 'en', '', '', ''),
(379, 192, 'id', 'Tips Memilih Moisturizer yang Bagus Sesuai Jenis Kulit', 'Moisturizer, pelembab, pelembab wajah, moisturizer untuk kulit berminyak, moisturizer untuk kulit kering, moisturizer adalah, moisturizer untuk kulit kombinasi, moisturizer terbaik, moisturizer yang bagus, moisturizer untuk kulit sensitif', 'Menjaga kelembapan kulit merupakan hal penting yang harus dilakukan. Ini tips memilih moisturizer yang bagus sesuai jenis kulit agar kulit tetap lembab.'),
(380, 192, 'en', 'Tips Memilih Moisturizer yang Bagus Sesuai Jenis Kulit', '', ''),
(381, 193, 'id', 'Awas, Ini Gangguan Kesehatan Akibat Stres', 'stres, kesehatan tubuh, akibat stres, dampak stres, akibat stres berlebihan', 'Stres yang berkelanjutan dan tidak berhenti dapat mempengaruhi kesehatan tubuh. Ada beberapa faktor yang bisa menyebabkan gangguan kesehatan akibat stres.'),
(382, 193, 'en', '', '', ''),
(383, 194, 'id', 'Mau Tahu Cara Mengecilkan Pipi Tembem? Lihat Ini', 'pipi chubby, pipi tembem, cara mengecilkan pipi tembem, cara mengecilkan pipi tembem secara alami, cara mengatasi pipi tembem agar tirus', 'Bagi pemilik pipi chubby yang ingin mengecilkan dan terlihat tirus, berikut ini diuraikan dengan singkat mengenai cara mengecilkan pipi tembem secara alami.'),
(384, 194, 'en', 'Mau Tahu Cara Mengecilkan Pipi Tembem? Lihat Ini', '', ''),
(385, 195, 'id', 'Dampak Negatif Hp, Gangguan Mata hingga Kanker Otak?', 'dampak negatif hp, dampak negatif handphone, dampak hp, dampak radiasi hp, smartphone, ponsel', 'Menggunakan hp terlalu lama berakibat buruk bagi kesehatan. Dampak negatif hp bisa mengakibatkan gangguan mata hingga kanker otak, benarkah? Ini penjelasannya.'),
(386, 195, 'en', '', '', ''),
(387, 196, 'id', 'Berikut Cara Memilih Sunscreen Terbaik Sesuai Jenis Kulit', 'sunscreen, sunscreen untuk kulit berminyak, sunscreen terbaik, sunscreen untuk kulit berjerawat, sunscreen untuk kulit sensitif, sunscreen untuk kulit kombinasi', 'Menjaga agar kulit tidak rusak dari paparan sinar UV adalah dengan memakai sunscreen terbaik sesuai dengan jenis kulit. Sehingga kulit tetap sehat dan cantik.'),
(388, 196, 'en', '', '', ''),
(389, 197, 'id', 'Nggak Perlu Cemas Punya Kulit Gelap, Ini Keistimewaannya', 'kulit gelap, warna kulit gelap, kulit kusam dan gelap, penyebab kulit gelap', 'Untuk terlihat cantik tidak harus memiliki kulit putih dan cerah. Karena kulit gelap juga bisa tampak cantik dan menarik. Ini keistimewaan warna kulit gelap.'),
(390, 197, 'en', '', '', ''),
(391, 198, 'id', 'Malas Olahraga? Coba Cara Ini untuk Melawannya', 'olahraga, olahraga adalah, olahraga di rumah, olahraga ringan di rumah, olahraga mengecilkan perut, olahraga menurunkan berat badan, olahraga mengecilkan paha, olahraga meninggikan badan', 'Untuk menjaga tubuh tetap sehat dan bugar adalah dengan melakukan olahraga secara teratur. Berolahraga juga bisa meningkatkan imunitas tubuh dan mencegah penyakit.'),
(392, 198, 'en', '', '', ''),
(393, 199, 'id', 'Duh Kulit Keriput, Ini Cara Memilih Krim Anti Aging Terbaik', 'anti aging, anti aging terbaik, anti aging cream, krim anti aging, anti aging moisturizer, krim anti aging kulit berminyak', 'Faktor penyebab kulit keriput adalah karena usia kian bertambah. Untuk mengatasinya kamu perlu mengetahui cara memilih krim anti aging terbaik.'),
(394, 199, 'en', '', '', ''),
(395, 200, 'id', 'Kiat Menjaga Kesehatan Tubuh Biar Tetap Sehat-Bugar', 'kesehatan tubuh, cara menjaga kesehatan tubuh, olahraga, olahraga di rumah, 4 sehat 5 sempurna', 'Kesehatan tubuh sangat penting, karena daya tahan tubuh menjadi lebih kuat dan tidak mudah terserang penyakit. Ini beberapa cara menjaga kesehatan tubuh.'),
(396, 200, 'en', '', '', ''),
(397, 201, 'id', 'Cara Menghilangkan Kulit Kusam dengan Sederhana', 'kulit kusam, cara menghilangkan kulit kusam, masker untuk kulit kusam, kulit kusam dan gelap', 'Wanita pasti mau memiliki kulit putih dan bersih, tapi banyak faktor yang menyebabkan kulit kusam. Berikut ini dijelaskan cara menghilangkan kulit kusam.'),
(398, 201, 'en', '', '', ''),
(399, 202, 'id', 'Tahukah Kamu Berapa Suhu Normal Manusia? Cek Ini', 'suhu normal manusia, suhu normal tubuh manusia, suhu normal, suhu normal badan', 'Suhu normal tubuh manusia setiap hari bisa mengalami perubahan, tergantung aktivitas yang dilakukan. Yuk ketahui tentang suhu normal manusia.'),
(400, 202, 'en', '', '', ''),
(403, 204, 'id', 'Cara Menggunakan Facial Wash yang Benar', 'facial wash, cara menggunakan facial wash yang benar, cara menggunakan facial wash', 'Biar kulit wajah tetap terlihat sehat dan bersih perlu melakukan facial wash. Simak ya penjelasan mengenai cara menggunakan facial wash yang benar.'),
(404, 204, 'en', '', '', ''),
(405, 205, 'id', 'Wajib Tahu Nih bagi Pelaku dan Korban Body Shaming', 'body shaming, body shaming adalah, pengertian body shaming, dampak body shaming', 'Dampak dari body shaming bisa berakibat buruk bagi korbannya. Meskipun maksud dari si pelaku yang menyinggung  orang lain itu adalah bercanda.'),
(406, 205, 'en', '', '', ''),
(477, 241, 'id', 'Turunkan Berat Badan dengan Diet Sehat agar Tubuh Ideal', 'diet, diet sehat, diet sehat menurunkan berat badan, tubuh ideal', 'Menurunkan berat badan dengan diet sehat supaya mendapatkan tubuh ideal utamanya untuk perempuan sangat penting untuk dilakukan. Silakan baca ulasannya.'),
(478, 241, 'en', '', '', ''),
(479, 242, 'id', 'Coba 5 Bahan Alami Ini untuk Menghilangkan Bekas Jerawat', 'jerawat, menghilangkan bekas jerawat, cara menghilangkan bekas jerawat, kecantikan', 'Berikut cara dan tips menghilangkan jerawat merah atau hitam menggunakan bahan alami tanpa bahan kimia, menjaga kesehatan kulit tetap sehat. Baca ulasannya.'),
(480, 242, 'en', '', '', ''),
(499, 252, 'id', 'Eye Cream yang Bagus untuk Remaja', 'Kecantikan, Kulit, Eye Cream, Mata Panda', 'Eye cream merupakan krim perawatan wajah untuk melembapkan kulit di sekitar kelopak, mengatasi mata panda dan keriput. SIlakan baca informasinya.'),
(500, 252, 'en', '', '', ''),
(503, 254, 'id', 'Olahraga Lari Bisa Bikin Tubuh Kurus Menjadi Tambah Kurus?', 'Olah raga, Lari, Tubuh, Tubuh Kurus', 'Mitos atau fakta olah raga berlari atau joging (lari pelan) membuat orang bertubuh kurus menjadi makin kurus. Silakan baca informasinya.'),
(504, 254, 'en', '', '', ''),
(505, 255, 'id', 'Makanan Sehat yang Wajib Dikonsumsi Sebelum Olahraga', 'Makanan, sehat, makanan sehat, olahraga', 'Banyak orang masih bingung, apakah sebelum berolahraga sebaiknya mengonsumsi makanan sehat terlebih dahulu atau tidak? Berikut adalah jawabannya.'),
(506, 255, 'en', '', '', ''),
(511, 258, 'id', 'Apa Dampak jika Salah Perawatan Eyelash Extensions?', 'Kecantikan, eyelash, eyelash extension, perawatan', 'Apakah dampak dari eyelash extension bisa merontokan bulu mata asli? Yuk baca informasi mengenai sehat dan cantik.'),
(512, 258, 'en', '', '', ''),
(517, 261, 'id', 'Waktu Berjemur yang Baik bagi Kesehatan', 'Kesehatan, berjemur, berjemur yang baik, berjemur matahari pagi', 'Banyak orang sengaja menyempatkan berjemur matahari pagi untuk memerbaiki imunitas tubuh. Berikut diulas waktu jam yang tepat untuk kamu.'),
(518, 261, 'en', '', '', ''),
(519, 262, 'id', 'Penyebab dan Cara Mengatasi Mata Panda', 'mata panda, kantung mata, kantung mata hitam, kecantikan', 'Banyak orang memiliki kantung mata hitam atau mata panda namun tidak tahu cara mengatasinya. Oleh karena itu silakan membaca informasi penting ini.'),
(520, 262, 'en', '', '', ''),
(521, 263, 'id', 'Punya Masalah dengan Kulit Kering? Coba Skincare Ini', 'skincare, kulit kering, masalah kulit kering, skincare untuk kulit kering', 'Banyak perempuan memiliki masalah kulit kering, belum mengetahui cara memilih produk skincare yang cocok dioleskan ke wajahnya. Silakan baca ulasannya di sini.'),
(522, 263, 'en', '', '', ''),
(523, 264, 'id', '7 Penyakit yang Bikin Berat Badan Turun 4-5 Kg', 'penyakit, berat badan, berat badan turun drastis', 'Hati-hati dengan penurunan berat badan secara drastis 4-5 kilogram (Kg) karena bisa menjadi pertanda terserang 7 (tujuh) penyakit serius.'),
(524, 264, 'en', '', '', ''),
(529, 267, 'id', '4 Cara Salah Atasi Jerawat Bisa Bikin Kulit Rusak', 'Jerawat, kulit, kecantikan', 'Mengobati jerawat tidak boleh dilakukan secara sembarangan supaya tidak merusak kulit. Berikut empat (4) kebiasaan yang bahaya dilakukan.'),
(530, 267, 'en', '', '', ''),
(531, 268, 'id', 'Cara Aman Membentuk Wajah Lebih Ideal dengan Filler', 'filler, bentuk wajah, konsultasi dokter, filler hidung, filler bibir, filler kantung mata, filler wajah, suntik filler', 'Punya bentuk wajah dengan kulit kencang dan terlihat lebih muda adalah keinginan setiap orang. Untuk mewujudkannya, adalah dengan melakukan suntik filler.'),
(532, 268, 'en', '', '', ''),
(555, 280, 'id', '8 Hal yang Membuat Kamu Cepat Tua', 'Kesehatan, stres, cepat tua', 'Berikut delapan (8) hal yang bisa membuat kamu cepat tua karena ebiasaan menjalankan pola hidup sehat yang tidak sesuai. Simak ulasannya.'),
(556, 280, 'en', '', '', ''),
(557, 281, 'id', 'Suntik Botox Berbahaya untuk Kulit?', 'Kecantikan, botox, kulit, perawatan kulit', 'Terdapat beberapa metode di dunia kecantikan untuk mengencangkan serta menghilangkan kerutan pada kulit salah satunya dengan suntik botox.'),
(558, 281, 'en', '', '', ''),
(559, 282, 'id', 'Tubuh Kurus? Ini Cara Cepat Menaikkan Berat Badan', 'Kesehatan, Menaikkan Berat Badan, Kurus, Berat Badan', 'Tidak sedikit wanita yang memiliki tubuh kurus justru ingin menaikkan berat badan secara sehat. Untuk itu, baca ulasan selengkapnya.'),
(560, 282, 'en', '', '', ''),
(565, 285, 'id', 'Ketahui Risiko Sedot Lemak bagi Tubuh', 'Kecantikan, sedot lemak, tubuh, operasi', 'Melakukan sedot lemak atau liposuction memiliki risiko bagi tubuh. Berikut efek dan bahaya dari tindakan operasi senilai puluhan juta rupiah ini.'),
(566, 285, 'en', '', '', ''),
(569, 287, 'id', 'Sering Haus, Gejala Diabetes?', 'kesehatan, penyakit, diabetes, haus', 'Diabetes menjadi salah satu penyakit yang paling banyak diderita masyarakat Indonesia. Merasa haus berlebih atau polidipsia menjadi gejalanya?'),
(570, 287, 'en', '', '', ''),
(583, 294, 'id', 'Gendang Telinga Bisa Pecah karena Menahan Bersin', 'Kesehatan, gendang telinga, bersin, gendang telinga pecah', 'Tahukan kamu jika menahan bersin dengan menutup hidung dan mulut berisiko membuat gendang telinga pecah. Untuk mengetahui, silakan baca ulasannya.'),
(584, 294, 'en', '', '', ''),
(585, 295, 'id', 'Perhatikan Dampak Buruk jika Gonta-ganti Skincare', 'Skincare, kecantikan, kulit, perawatan kulit', 'Awas, sering gonta-ganti produk perawatan kulit atau skincare bisa menyebabkan lima hal, mulai dari kulit rusak dan hanya membuat boros.'),
(586, 295, 'en', '', '', ''),
(591, 298, 'id', 'Benarkah Skin Booster Bikin Kulit Kencang dan Awet Muda? Lihat Ini', 'skin booster, skin booster adalah, skin booster treatment, klinik kecantikan, klinik kecantikan terdekat', 'Skin booster ini adalah perawatan kulit yang disuntikan ke seluruh wajah dan mengandung banyak nutrisi dengan tujuan. Simak yuk video berikut ini.'),
(592, 298, 'en', '', '', ''),
(599, 302, 'id', 'Cara Mudah Bikin Wajah Cerah dan Glowing', 'Kecantikan, wajah, glowing, wajah glowing', 'Coba cara mudah membuat wajah cerah atau glowing menggunakan bahan alami buah-buahan untuk mendapatkan hasil yang memuaskan pada kulit.'),
(600, 302, 'en', '', '', ''),
(601, 303, 'id', 'Cara Cepat Meniruskan Pipi ala Artis Korea', 'Kecantikan, meniruskan pipi, pipi tirus korea, korea, pipi', 'Menjadi impian para wanita untuk mempunyai pipi tirus alias tidak tembem, mereka kerap mencari cara ingin membuat bentuk wajah V-line ala artis Korea.'),
(602, 303, 'en', '', '', ''),
(607, 306, 'id', 'Super Sibuk? Coba Lakukan Olahraga Ringan Ini di Kantor', 'Kesehatan, olahraga, olahraga untuk pekerja kantoran', 'Rutinitas kesibukan bekerja di kantor sering membuat seseorang tak sempat berolahraga. Coba luangkan waktu sejenak agar tetap sehat.'),
(608, 306, 'en', '', '', ''),
(611, 308, 'id', 'Skincare Anti Jerawat Tidak Efektif? Ini Sebabnya', 'Skincare, jerawat, perawatan kulit, kecantikan', 'Memiliki wajah berjerawat menjadi suatu permasalahan tersendiri bagi seseorang. Kamu harus mencari tahu mengapa produk skincare tidak efektif.'),
(612, 308, 'en', '', '', ''),
(619, 312, 'id', 'Lakukan Ini Setelah Olahraga', 'olahraga, olah raga, kesehatan, tubuh, letih, berolahraga', 'Belum banyak yang mengetahui hal-hal apa saja yang harus dilakukan setelah olahraga. Berikut enam (6) poin yang harus dilakukan usai berolahraga.'),
(620, 312, 'en', '', '', ''),
(621, 313, 'id', 'Cara Memuluskan Wajah Bopeng dengan Mudah', 'Wajah, wajah bopeng, jerawat, kecantikan, kulit', 'Kulit wajah bopeng bekas jerawat bisa mulus kembali dengan melakukan 4 metode yang diinformasikan Secan.id. Selamat membaca dan mempraktikkan ya.'),
(622, 313, 'en', '', '', ''),
(645, 325, 'id', 'Punya Masalah Pigmentasi Kulit? Ini Cara Mengatasinya', 'Kulit, pigmentasi kulit, pigmentasi wajah, pigmentasi kulit wajah, pigemntasi pada ibu hamil', 'Pigmentasi merupakan salah satu masalah kulit yang dihadapi wanita dan pria. Begini cara mengatasinya dalam pendapat dr Johana Fitriani M.Farm.'),
(646, 325, 'en', '', '', ''),
(651, 328, 'id', 'Gejala Alergi Kulit Akibat Cuaca Panas dan Udara Dingin', 'alergi, kulit, alergi cuaca panas, alergi udara dingin, kecantikan', 'Setiap orang dapat terkena alergi yang menyerang kulit akibat terpapar udara dingin dan cuaca panas. Untuk mengatasinya praktikkan informasi ini.'),
(652, 328, 'en', '', '', ''),
(653, 329, 'id', '5 Jenis Olahraga yang Baik Dilakukan Saat Haid', 'Kesehatan, olahraga, haid, menstruasi', 'Masa haid atau menstruasi bisa membuat wanita merasa kurang nyaman dan menjadi moody. Maka lakukan lima (5) olahraga ringan ini.'),
(654, 329, 'en', '', '', ''),
(655, 330, 'id', '6 Gerakan Yoga Terbaik untuk Mengecilkan Perut Buncit', 'Kesehatan, olahraga, yoga, yoga untuk pemula, yoga untuk perut buncit', 'Jika kamu memiliki waktu senggang, alangkah baiknya mencoba 6 (enam) gerakan yoga untuk pemula demi mengecilkan masalah perut buncit.'),
(656, 330, 'en', '', '', ''),
(659, 332, 'id', '8 Langkah Menghilangkan Keringat Berlebih', 'Keringat berlebih, hilangkan keringat berlebih, atasi keringat berlebih, kecantikan, keringat pada ketiak, keringat pada wajah', 'Produksi keringat berlebih (hiperhidrosis) dapat terjadi karena dipicu olahraga, cuaca panas, hingga emosi. Namun, hal tersebut bisa dihilangkan kok.'),
(660, 332, 'en', '', '', ''),
(665, 335, 'id', 'Cara Menghilangkan Komedo Hitam dan Putih', 'komedo, menghilangkan komedo hitam, menghilangkan komedo putih, kulit, kulit wajah, kecantikan.', 'Komedo merupakan sumbatan kecil berupa sebum atau lemak yang menghambat pori-pori muka, terutama pada area hidung. Begini cara menghilangkannya.'),
(666, 335, 'en', '', '', ''),
(673, 339, 'id', 'Kosmetik Mengandung Merkuri Merusak Otak dan Ginjal', 'kecantikan, merkuri, kosmetik merkuri, otak, ginjal, gagal ginjal', 'Tahukah kamu jika menggunakan kosmetik berbahan merkuri bisa menimbulkan kerusakan otak hingga gagal ginjal. Untuk itu dalami informasi ini.'),
(674, 339, 'en', '', '', ''),
(675, 340, 'id', '7 Penyebab Badan Cepat Gemuk', 'kesehatan, gemuk, gemuk adalah, badan gemuk, berat badan ideal', 'Masalah badan cepat gemuk bisa membuat seseorang menjadi frustasi dan tidak percaya diri. Terdapat tujuh penyebab yang harus kamu ketahui.'),
(676, 340, 'en', '', '', ''),
(681, 343, 'id', 'Artikel', 'Artikel', 'Artikel'),
(682, 343, 'en', '', '', ''),
(685, 345, 'id', 'Atasi Perut Kembung dan Mual Saat Haid', 'Kembung, mual, haid, menstruasi, pramenstruasi (PMS), kesehatan, perut', 'Tidak sedikit perempuan mengeluhkan perut kembung dan mual saat pramenstruasi (PMS) hingga periode awal haid. Baca ulasan cara mengatasinya.'),
(686, 345, 'en', '', '', ''),
(689, 347, 'id', 'Cara Menjaga Kebugaran Tubuh yang Menurun karena Musim Hujan', 'musim hujan, kebugaran, tubuh, kesehatan', 'Musim hujan membuat kebugaran tubuh menurun. Namun, ada tips yang patut diketahui supaya tidak rentan terserang penyakit di tengah pandemi berkepanjangan ini.'),
(690, 347, 'en', '', '', ''),
(697, 351, 'id', 'Mengatasi Maskne Akibat Pakai Masker Tidak Tepat', 'jerawat, jerawat di wajah, maskne, masker, jerawat di hidung, jerawat di pipi, jerawat di dagu, cara menghilangkan jerawat', 'dr Ineke Winda Ferianasari, SH, M.Kes, Sp.KK dari Klinik Cikarang Skin Center berbagi tips soal maskne atau jerawat yang timbul akibat penggunaan masker tidak tepat.'),
(698, 351, 'en', '', '', ''),
(701, 353, 'id', 'Derma Glow Treatment Menyulap Kulit Jadi Sehat-Bercahaya', 'derma glow, dermaglow, derma glow treatment, derma glowing, derma glow skincare, derma glow facial, derma glow cream', 'Derma Glow menjadi salah satu pilihan utama dalam dunia kecantikan untuk membuat kulit menjadi segar, sehat, dan glowing. Berikut ini cara agar kulit glowing.'),
(702, 353, 'en', '', '', ''),
(703, 354, 'id', 'Menolak Tua Injection, Cara Tepat Bikin Awet Muda', 'menolak tua, menolak tua injection, menolak tua treatment, perawatan menolak tua, suntik menolak tua, anti aging, anti penuaan', 'Memiliki kulit yang kencang dan terlihat awet muda adalah impian setiap wanita. Salah satunya adalah menolak tua injection. Yuk ikuti menolak tua treatment.'),
(704, 354, 'en', '', '', ''),
(707, 356, 'id', 'Bopeng Bekas Jerawat, Begini Cara Mengatasinya', 'jerawat, bekas jerawat, bopeng bekas jerawat, bopeng adalah, cara menghilangkan bopeng, treatment menghilangkan bopeng', 'Bopeng bekas jerawat adalah salah satu jenis bekas jerawat yang cukup dalam di kulit dan berbentuk cekung seperti lekukan. Ini cara mengatasinya.'),
(708, 356, 'en', '', '', ''),
(711, 358, 'id', 'Kulit Kencang dan Awet Muda dengan Menolak Tua Injection', 'menolak tua, menolak tua injection, menolak tua treatment, perawatan menolak tua, suntik menolak tua, anti aging, anti penuaan', 'Memiliki kulit yang kencang dan terlihat awet muda adalah impian setiap wanita. Salah satunya adalah menolak tua injection. Yuk ikuti menolak tua treatment.'),
(712, 358, 'en', '', '', ''),
(713, 359, 'id', 'Pilihan Menu Sahur Sehat untuk Program Diet', 'menu sahur, menu sahur sehat, makanan diet sehat, menu diet sehat', 'Berbagai macam hidangan sehat yang lezat bisa kamu sajikan, terutama bagi kamu yang sedang diet. Berikut ini beberapa menu sehat program diet.'),
(714, 359, 'en', '', '', ''),
(715, 360, 'id', 'Derma Glow Menyulap Kulit Jadi Sehat dan Bercahaya', 'derma glow, dermaglow, derma glow treatment, derma glowing, derma glow skincare, derma glow facial, derma glow cream', 'Derma glow menjadi salah satu pilihan utama dalam dunia kecantikan untuk membuat kulit menjadi segar, sehat, dan glowing. Berikut ini cara agar kulit glowing.'),
(716, 360, 'en', '', '', ''),
(717, 361, 'id', 'Menjaga Stamina Saat Puasa Tetap Bugar-Sehat', 'puasa, stamina puasa, menjaga stamina saat puasa, cara menjaga stamina saat puasa, stamina tubuh saat puasa', 'Menjaga stamina saat puasa di bulan suci Ramadan adalah penting untuk dilakukan, agar tubuh tetap bugar dan sehat. Lihat yuk bagaimana cara menjaganya.'),
(718, 361, 'en', '', '', ''),
(719, 362, 'id', 'Cara Tepat Atasi Bopeng Bekas Jerawat', 'jerawat, bekas jerawat, bopeng bekas jerawat, bopeng adalah, cara menghilangkan bopeng, treatment menghilangkan bopeng', 'Bopeng bekas jerawat adalah salah satu jenis bekas jerawat yang cukup dalam di kulit dan berbentuk cekung seperti lekukan. Ini cara mengatasinya.'),
(720, 362, 'en', '', '', ''),
(721, 363, 'id', 'Manfaat Udara Pagi, Cegah Kanker hingga Awet Muda', 'udara pagi, manfaat udara pagi, cara bangun pagi, awet muda, kanker payudara', 'Banyak manfaat yang bisa diperoleh jika bangun di pagi hari. Salah satunya adalah menghirup udara pagi, karena segudang manfaat bisa didapat. Baca yuk.'),
(722, 363, 'en', '', '', ''),
(723, 364, 'id', 'Cerahkan Kulit dan Hilangkan Lemak dengan Mesotherapy', 'mesotherapy, mesotherapy treatment, perawatan mesotherapy, mesotherapy adalah, mencegah kebotakan, mengurangi lemak, menghilangkan jerawat, mencerahkan kulit', 'Mesotherapy merupakan pengobatan untuk menghilangkan bekas jerawat, menumbuhkan rambut, mengurangi lemak, dan mencerahkan kulit wajah. Ini caranya.'),
(724, 364, 'en', '', '', ''),
(725, 365, 'id', 'Ini Menu Buka Puasa untuk Penderita Maag', 'menu buka puasa, makanan buka puasa, penderita maag, sakit maag, asam lambung, hidangan buka puasa', 'Salah satu jenis makanan yang perlu dihindari saat berbuka puasa untuk penderita maag adalah yang bertekstur keras. Ini beberapa makanan terbaik.'),
(726, 365, 'en', '', '', ''),
(727, 366, 'id', 'Mesotherapy, Cara Tepat Cerahkan Kulit-Hilangkan Lemak', 'mesotherapy, mesotherapy treatment, perawatan mesotherapy, mesotherapy adalah, mencegah kebotakan, mengurangi lemak, menghilangkan jerawat, mencerahkan kulit', 'Mesotherapy merupakan pengobatan untuk menghilangkan bekas jerawat, menumbuhkan rambut, mengurangi lemak, dan mencerahkan kulit wajah. Ini caranya.'),
(728, 366, 'en', '', '', ''),
(729, 367, 'id', 'Tips Tampil Kulit Glowing di Hari Raya', 'kulit putih, kulit glowing, kulit muka glowing, kulit glowing korea, tips untuk kulit glowing', 'Wajah glowing merupakan wajah yang cerah, lembab, dan tidak ada jerawat, komedo, ataupun flek hitam. Ini cara bikin kulit glowing di hari raya.'),
(730, 367, 'en', '', '', ''),
(731, 368, 'id', 'Yuk, Ini Pilihan Senam Sehat di Rumah yang Perlu Dicoba', 'senam sehat, senam di rumah, jenis senam, senam irama, senam sehat di rumah', 'Berbagai jenis senam sehat di rumah bisa dilakukan agar tubuh tetap sehat dan bugar. Berikut ini beberapa jenis senam sehat yang dapat dilakukan.'),
(732, 368, 'en', '', '', ''),
(733, 369, 'id', 'Duh Menggangu, Ini Cara Menghilangkan Jerawat di Hidung', 'jerawat, jerawat di hidung, jerawatan di hidung, cara menghilangkan jerawat di hidung, penyebab jerawat di hidung', 'Penyebab jerawat bisa disebabkan folikel rambut, penumpukan sel-sel kulit mati, dan produksi minyak berlebih. Ini cara menghilangkan jerawat di hidung.'),
(734, 369, 'en', '', '', ''),
(735, 370, 'id', 'Keracunan Makan? Ini Hal yang Perlu Dilakukan Segera', 'keracunan makanan, mengatasi keracunan makanan, obat keracunan makanan, obat untuk keracunan makanan, pertolongan pertama keracunan makanan', 'Keracunan makanan disebabkan konsumsi air atau makanan yang telah terkontaminasi bakteri, virus, parasit, dan racun. Ini cara mengatasi keracunan makanan.'),
(736, 370, 'en', '', '', ''),
(737, 371, 'id', 'Cara Mengatasi Salah Menggunakan Skincare', 'salah skincare, salah pakai skincare, efek salah skincare, salah pilih skincare, cara mengatasi salah skincare, tanda salah skincare', 'Skincare yang tidak cocok bisa mengakibatkan alergi atau iritasi di kulit. Nah di bawah ini dijelaskan cara mengatasi salah menggunakan skincare.'),
(738, 371, 'en', '', '', ''),
(739, 372, 'id', 'Jenis Makanan Sehat-Bernutrisi yang Wajib Dikonsumsi', 'makanan sehat, contoh menu makanan sehat, makanan sehat dan bergizi, artikel makanan sehat, jenis makanan sehat', 'Makan makanan sehat setiap hari sangat disarankan agar dapat mencukupi kebutuhan gizi harian. Berikut ini jenis makanan sehat dan bernutrisi.'),
(740, 372, 'en', '', '', ''),
(741, 373, 'id', 'Begini Cara Tampil Kulit Glowing di Hari Raya', 'kulit putih, kulit glowing, kulit muka glowing, kulit glowing korea, tips untuk kulit glowing', 'Wajah glowing merupakan wajah yang cerah, lembab, dan tidak ada jerawat, komedo, ataupun flek hitam. Ini cara bikin kulit glowing di hari raya.'),
(742, 373, 'en', '', '', ''),
(745, 375, 'id', 'Skin Lightening, Cara Membuat Kulit Putih dan Mulus', 'perawatan skin lightening, skin lightening treatment, cara memutihkan kulit, memutihkan kulit wajah, mengencangkan kulit, mengatasi pigmentasi', 'Skin lightening menjadi salah satu solusi tepat bagi kamu yang ingin kulit glowing tanpa menimbulkan efek samping. Yuk cari tahu caranya di sini.'),
(746, 375, 'en', '', '', ''),
(747, 376, 'id', 'Jangan Sembarang Konsumsi Suplemen, Baca Ini!', 'manfaat suplemen, jenis suplemen, vitamin, daya tahan tubuh', 'Suplemen bukan bertujuan sebagai pengganti obat-obatan dalam mengobati ataupun mencegah suatu penyakit. Berikut ini orang yang perlu konsumsi suplemen.'),
(748, 376, 'en', '', '', ''),
(751, 378, 'id', 'Ini Makanan Penyebab Jerawat yang Perlu Kamu Tahu', 'jerawat, penyebab jerawat, makanan penyebab jerawat, makanan penyebab jerawat di pipi', 'Salah satu penyebab jerawat adalah karena makanan yang disantap. Makanan apa saja ya. Berikut ini dijelaskan beberapa makanan penyebab timbulnya jerawat.'),
(752, 378, 'en', '', '', ''),
(755, 380, 'id', 'Waktu Olahraga yang Baik untuk Kesehatan Tubuh', 'waktu olahraga, waktu yang tepat untuk olahraga, jam yang tepat untuk olahraga, waktu terbaik untuk olahraga, olahraga pagi, olahraga sore', 'Masih banyak yang beranggapan bahwa olahraga hanya dilakukan di pagi hari. Kapan waktu olahraga yang baik untuk kesehatan tubuh? Berikut penjelasannya.'),
(756, 380, 'en', '', '', ''),
(759, 382, 'id', 'Jerawat atau Acne Vulgaris, Begini Cara Ngatasinnya', 'perawatan acne vulgaris, mengatasi acne vulgaris, mengatasi jerawat, menghilangkan jerawat, nodul, komedo, pustula, papula', 'Acne vulgaris atau jerawat merupakan salah satu penyakit kulit yang paling umum dialami siapa pun. Untuk mengetahui cara mengatasi acne vulgaris, baca ini ya.'),
(760, 382, 'en', '', '', ''),
(761, 383, 'id', 'Cara Mengecilkan Ukuran Paha yang Ideal', 'mengecilkan paha, mengecilkan ukuran paha, cara mengecilkan paha, cara mengecilkan paha', 'Salah satu bagian tubuh yang menggangu sebagian besar para kaum hawa yaitu ukuran paha yang besar. Berikut ini cara mengecilkan ukuran paha.'),
(762, 383, 'en', '', '', ''),
(763, 384, 'id', 'Skin Lightening, Bikin Kulit Putih & Mulus dengan Mudah', 'perawatan skin lightening, skin lightening treatment, cara memutihkan kulit, memutihkan kulit wajah, mengencangkan kulit, mengatasi pigmentasi', 'Skin lightening menjadi salah satu solusi tepat bagi kamu yang ingin kulit glowing tanpa menimbulkan efek samping. Yuk cari tahu caranya di sini.'),
(764, 384, 'en', '', '', ''),
(767, 386, 'id', 'Cara Mengatasi Melasma dengan Tepat dan Aman', 'melasma, perawatan melasma, pengobatan melasma, menghilangkan melasma, cara mengatasi melasma, treatment menghilangkan melasma', 'Melasma merupakan jenis penyakit kulit yang ditandai dengan timbulnya bercak-bercak hiperpigmentasi di wajah. Yuk lihat cara mengatasi melasma.'),
(768, 386, 'en', '', '', ''),
(769, 387, 'id', 'Atasi Acne Vulgaris atau Jerawat dengan Cara Ini', 'perawatan acne vulgaris, mengatasi acne vulgaris, mengatasi jerawat, menghilangkan jerawat, nodul, komedo, pustula, papula', 'Acne vulgaris atau jerawat merupakan salah satu penyakit kulit yang paling umum dialami siapa pun. Untuk mengetahui cara mengatasi acne vulgaris, baca ini ya.'),
(770, 387, 'en', '', '', ''),
(771, 388, 'id', 'Dosis Olahraga yang Dianjurkan agar Tubuh Tetap Sehat', 'dosis olahraga, dosis olahraga yang tepat, olahraga untuk berat badan, durasi olahraga, berat badan', 'Apakah kamu tahu berapa dosis tepat yang dianjurkan saat berolahraga. Nah di bawah ini dijelaskan lebih detail mengenai dosis olahraga yang tepat.'),
(772, 388, 'en', '', '', ''),
(773, 389, 'id', 'Punya Kulit Belang di Tangan dan Kaki, Ini Cara Memutihkannya', 'memutihkan kulit, kulit belang, memutihkan kulit yang belang, kulit belang di tangan, cara memutihkan kulit yang belang', 'Jika kamu mengalami kulit belang di tangan dan kaki, jangan khawatir ya karena bisa diatasi. Simak uraian tentang cara memutihkan kulit belang.'),
(774, 389, 'en', '', '', ''),
(775, 390, 'id', 'Begini Cara Menjaga Daya Tahan Tubuh pada Masa Pandemi', 'menjaga daya tahan tubuh, cara menjaga daya tahan tubuh, kekebalan tubuh, daya tahan tubuh pada masa pandemi, menjaga imun tubuh, menjaga kesehatan', 'Menjaga daya tahan tubuh adalah hal utama yang harus dilakukan setiap saat, terutama pada masa pandemi. Yuk lihat cara menjaga daya tahan tubuh di sini.'),
(776, 390, 'en', '', '', ''),
(777, 391, 'id', 'Menghilangkan Melasma dengan Cara Tepat', 'melasma, perawatan melasma, pengobatan melasma, menghilangkan melasma, cara mengatasi melasma, treatment menghilangkan melasma', 'Melasma merupakan jenis penyakit kulit yang ditandai dengan timbulnya bercak-bercak hiperpigmentasi di wajah. Yuk lihat cara mengatasi melasma.'),
(778, 391, 'en', '', '', ''),
(781, 393, 'id', 'Pentingnya Menjaga Kesehatan Organ Pernapasan', 'organ pernapasan, organ pernapasan manusia, organ pernapasan pada manusia, menjaga kesehatan organ pernapasan, cara menjaga kesehatan organ pernapasan, sistem organ pernapasan', 'Menjaga kesehatan organ pernapasan terutama pada masa pandemi sangat penting untuk dilakukan. Simak mengenai cara menjaga kesehatan organ pernapasan.'),
(782, 393, 'en', '', '', ''),
(783, 394, 'id', 'Kandungan Sabun untuk Jerawat yang Perlu Diketahui', 'jerawat, sabun untuk jerawat, sabun untuk jerawat muka, sabun untuk jerawat yang ampuh, kandungan sabun cuci muka untuk jerawat', 'Salah satu perawatan jerawat adalah mencuci menggunakan sabun untuk jerawat. Berikut ini kandungan sabun untuk jerawat yang perlu kamu ketahui.'),
(784, 394, 'en', '', '', ''),
(789, 397, 'id', 'Menyebalkan! Ini Penyebab Komedo Hitam di Hidung', 'komedo hitam, penyebab komedo hitam, komedo hitam di hidung, penyebab komedo hitam di hidung, penyebab munculnya komedo hitam di hidung', 'Timbulnya komedo hitam disebabkan ketika pori-pori terbuka dan tersumbat oleh sebum. Di bawah ini dijelaskan beberapa penyebab komedo hitam di hidung.'),
(790, 397, 'en', '', '', ''),
(797, 401, 'id', 'Beberapa Jenis Senam untuk Hipertensi, Yuk Lihat!', 'hipertensi senam, senam untuk hipertensi, senam untuk penderita hipertensi, senam untuk orang hipertensi, senam hipertensi adalah, senam aerobik untuk hipertensi, senam yoga untuk hipertensi', 'Ada beberapa jenis senam untuk hipertensi yang bisa dilakukan. Jenis senam apa sajakah itu? Baca artikel di bawah ini untuk mengetahui lebih jauh.'),
(798, 401, 'en', '', '', ''),
(799, 402, 'id', 'Waspada, Ini Penyebab Diabetes yang Wajib Diketahui', 'diabetes, diabetes melitus, diabetes adalah, diabetes tipe 1, diabetes tipe 2, diabetes melitus adalah', 'Penyakit kronis yang cukup serius salah satunya adalah diabetes melitus atau diabetes. Di bawah ini dijelaskan penyebab diabetes, disimak ya.'),
(800, 402, 'en', '', '', ''),
(801, 403, 'id', 'Cara Menjaga Ginjal Tetap Sehat yang Kamu Perlu Tahu', 'menjaga ginjal tetap sehat, cara menjaga kesehatan ginjal, menjaga ginjal supaya tetap sehat, kiat menjaga ginjal tetap sehat', 'Ginjal merupakan salah satu organ yang mempunyai fungsi penting di dalam tubuh manusia adalah ginjal. Berikut ini beberapa cara menjaga kesehatan ginjal.'),
(802, 403, 'en', '', '', ''),
(807, 406, 'id', 'Waktu Bersepeda yang Baik untuk Pemula', 'waktu bersepeda, waktu bersepeda yang baik, waktu tepat untuk bersepeda, waktu bersepeda yang sehat, batas waktu bersepeda, berapa lama waktu bersepeda, waktu ideal bersepeda, waktu normal bersepeda, waktu terbaik untuk bersepeda', 'Selain menyehatkan tubuh, bersepeda juga mampu mencegah risiko penyakit jantung. Berikut ini diuraikan mengenai waktu bersepeda yang baik untuk pemula.'),
(808, 406, 'en', '', '', ''),
(809, 407, 'id', 'Tips Make Up Natural untuk Pemula', 'make up natural untuk pemula, tips make up natural untuk pemula, tips makeup natural, make up natural untuk remaja', 'Menjaga penampilan agar terlihat tetap cantik dan memesona itu nggak susah kok. Di bawah ini dijelaskan mengenai tips make up natural untuk pemula.'),
(810, 407, 'en', '', '', ''),
(813, 413, 'id', 'asdasdasd', 'asdasdasd', 'asdasdasdasd'),
(814, 413, 'en', 'asdasd', 'asdas', 'asdasda'),
(815, 415, 'id', 'asda', 'asda', 'asd'),
(816, 415, 'en', 'asd', 'a', 'ad'),
(819, 421, 'id', 'Bolehkah Pencet Jerawat di Rumah? Baca Ini', 'jerawat, pencet jerawat, pencet jerawat dan komedo, memencet jerawat di rumah, bekas jerawat, penyebab jerawat, mengatasi jerawat, perawatan jerawat, mengobati jerawat, bekas jerawat', 'Meskipun timbulnya jerawat mengganggu penampilan, jangan pencet jerawat dan komedo di rumah tanpa tahu cara yang tepat. Berikut ini dijelaskan secara detail. Yuk lihat caranya.'),
(820, 421, 'en', '', '', ''),
(823, 424, 'id', 'Cari Tahu Penyebab Mendengkur Saat Tidur? Baca Ini', 'Cari Tahu Penyebab Mendengkur Saat Tidur? Baca Ini', 'Cari Tahu Penyebab Mendengkur Saat Tidur? Baca Ini'),
(824, 424, 'en', '', '', ''),
(827, 427, 'id', 'Cari Tahu Penyebab Mendengkur Saat Tidur? Baca Inias', 'Cari Tahu Penyebab Mendengkur Saat Tidur? Baca Inias', 'FIKRI Cari Tahu Penyebab Mendengkur Saat Tidur?'),
(828, 427, 'en', '', '', ''),
(833, 432, 'id', '123', '123', '123'),
(834, 432, 'en', '12', '123', '123'),
(835, 438, 'id', 'Cara Menjaga Daya Tahan Tubuh pada Masa Pandemi', 'menjaga daya tahan tubuh, cara menjaga daya tahan tubuh, kekebalan tubuh, daya tahan tubuh pada masa pandemi, menjaga imun tubuh, menjaga kesehatan', 'Menjaga daya tahan tubuh adalah hal utama yang harus dilakukan setiap saat, terutama pada masa pandemi. Yuk lihat videonya mengenai cara menjaga daya tahan tubuh.'),
(836, 438, 'en', '', '', ''),
(837, 439, 'id', 'Terungkap! Ini Rahasia agar Terlihat Awet Muda', 'skin booster, filler, botox, perawatan kulit, kulit wajah', 'Jika kamu ingin tetap terlihat awet muda, perlu melakukan perawatan yang tepat dan benar agar hasil yang diinginkan dapat terwujud. Berikut ini wawancara Secan.id dengan dr. Christian J.E. Chandra, Dipl. AAAM dari Jevon Institute dan Jevon Aesthetic Clinic.'),
(838, 439, 'en', '', '', ''),
(839, 440, 'id', 'Apakah Boleh Pencet Jerawat di Rumah?', 'jerawat, bekas jerawat, bopeng bekas jerawat, bopeng adalah, cara menghilangkan bopeng, treatment menghilangkan bopeng', 'Meskipun timbulnya jerawat mengganggu penampilan, jangan pencet jerawat sendiri di rumah tanpa tahu cara yang tepat, karena bisa berisiko jika dilakukan tidak tepat. Yuk lihat caranya.'),
(840, 440, 'en', '', '', ''),
(843, 442, 'id', 'Cara Tepat Bikin Kulit Kencang dan Awet Muda', 'skin booster, skin booster adalah, skin booster treatment, klinik kecantikan, klinik kecantikan terdekat', 'Skin booster ini adalah perawatan kulit yang disuntikan ke seluruh wajah dan mengandung banyak nutrisi agar kulit lebih bagus. Baca detailnya di bawah ini.'),
(844, 442, 'en', '', '', ''),
(845, 443, 'id', 'Mengatasi Jerawat Akibat Pakai Masker Tidak Tepat', 'jerawat, jerawat di wajah, maskne, masker, jerawat di hidung, jerawat di pipi, jerawat di dagu, cara menghilangkan jerawat', 'dr Ineke Winda Ferianasari, SH, M.Kes, Sp.KK dari Klinik Cikarang Skin Center berbagi tips soal maskne atau jerawat yang timbul akibat penggunaan masker.'),
(846, 443, 'en', '', '', ''),
(849, 447, 'id', 'xyz', 'xxxxxxx', 'Menjaga penampilan agar terlihat tetap cantik itu nggak susah kok. Kamu bisa selalu tampak memesona dengan memakai makeup natural di rumah. Tapi jangan sampai salah ya cara pakai makeup-nya, karena kalau tidak tepat malah bukan cantik yang diperoleh. Nah, di bawah ini dijelaskan mengenai tips make up natural untuk pemula.\n\nMake Up Natural untuk Pemula\n\n1. Eye Shadows\n\nPenting nih bagi kamu, tips make up natural untuk pemula adalah menggunakan eye shadows. Gunakan eye shadows berwarna cokelat yang satu atau dua tone lebih tua dibanding warna kulitmu. Jangan pilih warna terlalu gelap, karena akan terlihat tidak natural.\n\n2. Blush On\n\nAgar wajah tampak segar, kamu bisa memakai blush on. Pilih blush on berwarna natural, seperti pink dan coral untuk kulit wajah terang atau oranye untuk kulit wajah sawo matang. Terapkan blush on di bagian tulang pipi dan ratakan dengan brush. Kalau terlalu tebal, kamu bisa menyamarkan dengan bedak.\n\nLihat juga: Alasan Perawatan ke Klinik Kecantikan (Bagian 1)\n\n3. Light Foundation\n\nTips make up natural untuk pemula selanjutnya adalah jangan menggunakan foundation dengan warna yang terlalu terangdari kulitmu. Pilih foundation yang bagus yang mendekati warna asli kulit agar terlihat alami.\n\nSelain itu, kamu juga bisa menggunakan foundation berbentuk powder yang lebih ringan dibanding foundation berbentuk krim. Ketika menggunakan foundation, pakai brush atau spons agar lebih rata.\n\n4. Moisturiser\n\nPemakaian moisturiser atau pelembab wajah jangan sampai lupa ya, karena akan membantu membuat kulit lebih lembab, sehingga kulit terjaga dan makeup menempel dengan baik. Bagi kamu yang punya kulit berminyak juga penting menggunakan pelembab sebelum memakai makeup. Pilih pelembab berbahan dasar air atau memberikan efek mattifying.\n\nLihat juga: Eye Cream yang Bagus untuk Remaja\n\n5. Powder\n\nYang tak kalah penting dalam tips make up natural untuk pemula adalah memakai bedak di bagian wajah yang sering berminyak, seperti hidung, dahi, dan dagu. Sedangkan untuk area kering tak perlu ditambahkan bedak. Pilih bedak berwarna sama dengan warna kulit agar terlihat alami.\n\n6. Lipstik\n\nLipstik juga berperan dalam makeup natural untuk pemula. Nah, agar terkesan alami dan ringan, pakai lipstik dengan warna nude, seperti pink, peach, atau nude. Kalau kamu lebih memilih tidak menggunakan lipstik, bisa memakai lip gloss.\n\n7. Concealer\n\nTips make up natural untuk pemula berikutnya yaitu memakai concealer yang berguna menutupi noda hitam atau warna tidak rata di wajah. Pilih concealer dengan warna yang sama dengan warna kulit untuk membantu menutup noda hitam. Aplikasikan concealer dengan brush agar hasil make up natural.'),
(850, 447, 'en', '', '', ''),
(853, 449, 'id', 'asdasdasdasdad', 'asd', 'asdasdasdasd'),
(854, 449, 'en', '', '', ''),
(855, 452, 'id', 'Ternyata Ini Perawatan yang Bisa Bikin Awet Muda22123', 'Ternyata Ini Perawatan yang Bisa Bikin Awet Muda22123', 'Ternyata Ini Perawatan yang Bisa Bikin Awet Muda22Ternyata Ini Perawatan yang Bisa Bikin Awet Muda22'),
(856, 452, 'en', 'Ternyata Ini Perawatan yang Bisa Bikin Awet Muda22', 'Ternyata Ini Perawatan yang Bisa Bikin Awet Muda22', 'Ternyata Ini Perawatan yang Bisa Bikin Awet Muda22'),
(857, 453, 'id', 'Ternyata Ini Perawatan yang Bisa Bikin Awet Muda2223', 'Ternyata Ini Perawatan yang Bisa Bikin Awet Muda22223', 'Ternyata Ini Perawatan yang Bisa Bikin Awet Muda22Ternyata Ini Perawatan yang Bisa Bikin Awet Muda22Ternyata Ini Perawatan yang Bisa Bikin Awet Muda22Ternyata Ini Perawatan yang Bisa Bikin Awet Muda22'),
(858, 453, 'en', 'Ternyata Ini Perawatan yang Bisa Bikin Awet Muda2223', 'Ternyata Ini Perawatan yang Bisa Bikin Awet Muda2223', 'Ternyata Ini Perawatan yang Bisa Bikin Awet Muda2223'),
(883, 474, 'id', 'Ini Risiko jika Daya Tahan Tubuh Lemah pada Masa Pandemi', 'menjaga daya tahan tubuh cara menjaga daya tahan tubuh kekebalan tubuh daya tahan tubuh pada masa pandemi menjaga imun tubuh menjaga kesehatan', 'Menjaga daya tahan tubuh adalah hal utama yang harus dilakukan setiap saat, terutama pada masa pandemi. Yuk lihat caranya di sini.'),
(884, 474, 'en', '', '', ''),
(887, 476, 'id', 'Ternyata Ini Perawatan yang Bisa Bikin Awet Muda', 'awet muda rahasia awet muda awet muda adalah awet muda ala korea awet muda korea awet muda', 'Jika kamu ingin tetap terlihat awet muda, perlu melakukan perawatan yang tepat dan benar agar hasil yang diinginkan dapat terwujud. Berikut ini informasi lengkapnya.'),
(888, 476, 'en', '', '', ''),
(889, 480, 'id', 'Kenali Beberapa Penyebab Wajah Bruntusan', 'penyebab wajah bruntusan, bruntusan di wajah, bruntusan di jidat, bruntusan di pipi, bruntusan di hidung, bruntusan di dagu, cara menghilangkan bruntusan', 'Masalah kulit yang cukup bikin tidak nyaman dan mengganggu penampilan adalah bruntusan. Ketahui penyebab wajah bruntusan dan cara menghilangkan bruntusan di bawah ini.'),
(890, 480, 'en', '', '', ''),
(897, 485, 'id', 'Bercak Putih di Wajah? Ini Cara Mengatasinya', 'bercak putih di wajah, bercak putih pada kulit, bercak putih di wajah anak, bercak putih di bibir, bercak putih di wajah tapi tidak gatal', 'Timbulnya bercak putih bisa disebabkan oleh berbagai hal dan cara mengatasinya disesuaikan dengan faktor penyebabnya. Berikut ini dijelaskan penyebab bercak putih di wajah dan cara mengatasinya.'),
(898, 485, 'en', '', '', ''),
(901, 487, 'id', 'Manfaat Glutathione Bisa Tangkal Covid-19?', 'menjaga daya tahan tubuh, cara menjaga daya tahan tubuh, kekebalan tubuh, daya tahan tubuh pada masa pandemi, menjaga imun tubuh, menjaga kesehatan', 'Webinar yang diadakan PT Mazta Farma, menggelar webinar dengan tema Glutathione Vs Covid-19: Myth or Facts, pada Kamis, 15 Juli 2021. Apakah glutathione bisa mencegah covid-19?'),
(902, 487, 'en', '', '', ''),
(907, 492, 'id', 'Cara Mengatasi Kulit Berminyak dengan Mudah', 'kulit berminyak kulit berminyak dan berjerawat kulit berminyak dan kusam kulit berminyak tapi kering kulit berminyak dan sensitif kulit berminyak seperti apa kulit berminyak tiba tiba kering', 'Sebagian orang yang mempunyai jenis kulit berminyak terkadang menimbulkan rasa kurang nyaman. Jika memiliki jenis kulit ini, berikut diuraikan mengenai cara mengatasi kulit berminyak.'),
(908, 492, 'en', '', '', ''),
(909, 493, 'id', 'Cara Mengatasi Bahaya Stroke yang Mematikan', 'stroke stroke adalah stroke ringan stroke artinya stroke iskemik stroke hemoragik penyakit stroke obat stroke definisi stroke stroke treatment penyebab stroke jenis stroke penyebab stroke ringan gejala stroke usia muda makanan pencegah stroke', 'Penyakit stroke sangat berbahaya dan bisa membunuh secara diam-diam, akibat kelumpuhan otak. Untuk mengetahui mengenai gejala stroke dan cara mengatasinya, baca di sini.'),
(910, 493, 'en', '', '', '');
INSERT INTO `seo_trans` (`id`, `seo_id`, `locale`, `meta_title`, `meta_keyword`, `meta_description`) VALUES
(911, 494, 'id', 'Cara Menghilangkan Bekas Cacar Air di Wajah', 'pengobatan cacar air gejala cacar air berapa lama cacar air sembuh obat cacar air dewasa cacar air dewasa cacar air pada dewasa cacar air gatal cacar air mudah menyerang cacar air disebabkan oleh', 'Bekas luka akibat cacar air akan membuat kulit menjadi cekung dan tidak rata. Berikut ini dibahas tentang cara menghilangkan bekas cacar air di wajah.'),
(912, 494, 'en', '', '', ''),
(931, 504, 'id', 'Cara Tepat Mencerahkan Kulit Wajah Kusam', 'wajah kusam cara mengatasi wajah kusam contoh wajah kusam penyebab wajah kusam penyebab wajah kusam dan gelap wajah kusam dan berminyak wajah kusam dan kering wajah kusam dan berjerawat wajah kusam seperti apa wajah kusam dan flek hitam', 'Ada beberapa penyebab kulit muka menjadi kusam, tidak sehat, dan tidak bercahaya. Berikut ini dijelaskan penyebab dan cara mencerahkan kulit wajah kusam.'),
(932, 504, 'en', '', '', ''),
(935, 506, 'id', 'Kenapa Harus Konsultasi Dokter Kecantikan? Ini Infonya', 'konsultasi dokter, konsul dokter, dokter kecantikan, dokter kecantikan wajah, konsultasi dokter kecantikan', 'Perawatan kulit harus dilakukan dengan benar dan tepat. Untuk itu penting bagi kamu melakukan konsultasi dokter kecantikan, agar mencapai hasil maksimal.'),
(936, 506, 'en', '', '', ''),
(939, 508, 'id', 'Gerakan Aerobik untuk Turunkan Berat Badan', 'senam aerobik senam aerobik menurunkan berat badan senam aerobik pemula senam aerobik terbaru senam aerobik lagu barat senam aerobik mengecilkan perut aerobik pemula aerobik pemula menurunkan berat badan aerobik mengecilkan perut', 'Banyak manfaat yang bisa diperoleh dari senam aerobik, salah satunya adalah dapat menurunkan berat badan. Bagaimana caranya? Yuk lihat penjelasannya untuk lebih lengkapnya.'),
(940, 508, 'en', '', '', ''),
(955, 517, 'id', 'Cari Tahu Penyebab Mendengkur Saat Tidur, Baca Ini', 'penyebab mendengkur saat tidur penyebab dengkuran keras saat tidur penyebab terjadinya ngorok saat tidur penyebab ngorok pada saat tidur penyebab mendengkur keras saat tidur', 'Apakah kamu mendengkur saat tidur? Jika ya, maka perlu mengetahui apa penyebab mendengkur saat tidur dan cara mengatasinya. Baca informasi selengkapnya ya.'),
(956, 517, 'en', '', '', ''),
(961, 520, 'id', 'Cara Mengatasi Reaksi Alergi pada Kulit', 'alergi kulit alergi kulit gatal alergi kulit bentol alergi kulit pada anak alergi kulit pada bayi alergi kulit wajah alergi kulit pada wajah alergi kulit pada tangan alergi pada lipatan kulit', 'Reaksi alergi pada kulit terjadi karena adanya benda-benda asing membahayakan yang masuk ke dalam tubuh. Berikut dijelaskan cara mengatasi alergi pada kulit.'),
(962, 520, 'en', '', '', ''),
(967, 523, 'id', 'Ada Milia di Wajah? Ini Cara Mengatasinya', 'milia itu apa milia di kelopak mata milia disebabkan oleh milia artinya milia mata obat milia di apotek milia di hidung apakah milia bisa hilang sendiri penyebab milia apakah milia berbahaya', 'Meski tidak berbahaya dan bisa hilang sendiri, timbulnya milia bisa membuat kurang nyaman. Di bawah ini akan diulas mengenai cara menghilangkan milia di wajah dengan tepat.'),
(968, 523, 'en', '', '', ''),
(969, 524, 'id', 'Dampak Buruk dan Cara Mengatasi Insomnia', 'insomnia adalah insomnia akut insomnia treatment penyebab insomnia pada remaja penyebab insomnia pada pria penyebab insomnia berkepanjangan penyebab insomnia pada wanita', 'Kualitas tidur yang tidak baik akibat insomnia, bisa mempengaruhi fisik dan mental. Nah, berikut ini dijelaskan tentang Dampak Buruk dan Cara Mengatasi Insomnia.'),
(970, 524, 'en', '', '', ''),
(971, 525, 'id', 'Dampak Negatif Minum Kopi Terlalu Banyak', 'minum kopi berlebihan minum kopi secara berlebihan efek minum kopi berlebihan dampak minum kopi berlebihan efek minum kopi berlebihan bagi wanita efek samping minum kopi berlebihan dampak negatif minum kopi berlebihan apa efek minum kopi berlebihan', 'Jika minum kopi dikonsumsi secara berlebihan, maka akan menimbulkan efek tidak baik bagi kesehatan tubuh. Berikut dampak negatif minum kopi berlebihan.'),
(972, 525, 'en', '', '', ''),
(973, 526, 'id', 'Risiko Perawatan Kulit Tidak Sejak Remaja', 'perawatan wajah terbaik perawatan wajah adalah perawatan wajah wanita perawatan muka pria perawatan wajah facial perawatan wajah glowing', 'Perawatan kulit penting untuk dilakukan dan bisa dimulai sejak remaja, karena menjadi investasi pada masa tua. Berikut penjelasannya mengenai perawatan kulit wajah sejak remaja.'),
(974, 526, 'en', '', '', ''),
(975, 527, 'id', 'Cara Mengobati Hipertensi yang Wajib Diketahui', 'hipertensi hipertensi adalah  hipertensi gestasional hipertensi pulmonal hipertensi emergency hipertensi dalam kehamilan hipertensi esensial hipertensi urgensi', 'Hipertensi tidak menyebabkan gejala jangka panjang. Tapi, mungkin mengakibatkan komplikasi yang mengancam nyawa. Berikut ini diulas tentang penyebab dan cara mencegah hipertensi.'),
(976, 527, 'en', '', '', ''),
(977, 528, 'id', 'Awas, Ini Bahaya kanker dan Cara Mengatasinya', 'penyakit kanker kanker serviks kanker payudara pengertian kanker pemicu kanker jenis kanker gejala kanker bentuk kanker sel kanker kanker otak kanker paru-paru kanker prostat kanker kelenjar getah bening kanker darah kanker hati', 'Salah satu penyebab utama kematian kedua terbanyak di dunia adalah penyakit kanker. Di bawah ini diulas tentang bahaya kanker dan cara mengatasinya.'),
(978, 528, 'en', '', '', ''),
(979, 529, 'id', 'Ada Bekas Luka di Wajah? Begini Cara Menghilangkannya', 'bekas luka di wajah bekas luka di wajah menghitam bekas luka di wajah apakah bisa hilang menghilangkan bekas luka di wajah dengan cepat produk menghilangkan bekas luka di wajah cara menghilangkan bekas luka bakar di wajah bekas luka di wajah bisa hilang', 'Bekas luka di kulit wajah sangat mengganggu penampilan dan membuatmu kurang percaya diri. Berikut ini diulas mengenai cara menghilangkan bekas luka di wajah.'),
(980, 529, 'en', '', '', ''),
(981, 530, 'id', 'Tips Mudah Mengatasi Sesak Napas', 'sesak nafas sesak napas adalah dyspnea sesak napas covid seperti apa ciri sesak nafas penyebab sesak nafas sesak napas malam hari sesak nafas tiba-tiba mengatasi sesak nafas sesak nafas karena jantung sesak napas covid sesak nafas obatnya', 'Dalam masa pandemi, sesak napas merupakan gejala yang sering ditemukan pasien Covid-19. Di bawah ini dibahas mengenai cara mengatasi sesak napas.'),
(982, 530, 'en', '', '', ''),
(983, 531, 'id', 'Waspada, Golongan Darah Tertentu Berisiko Penyakit Jantung', 'golongan darah penyakit jantung risiko penyakit jantung jantung koroner sakit jantung penyebab sakit jantung kardiovaskular stroke golongan darah o golongan darah a golongan darah b golongan darah ab mencegah sakit jantung', 'Golongan darah tertentu ternyata juga bisa mempengaruhi risiko penyakit jantung. Berikut ini dijelaskan mengenai golongan darah tertentu yang berisiko terkena penyakit jantung.'),
(984, 531, 'en', '', '', ''),
(987, 533, 'id', 'Flek Hitam di Wajah? Begini Cara Menghilangkannya', 'flek hitam flek hitam di wajah flek hitam di hidung flek hitam bekas jerawat flek hitam pada remaja flek hitam membandel flek hitam di wajah saat hamil flek hitam wajah', 'Meskipun flek hitam tidak membahayakan, namun sangat mengganggu penampilan. Jika kamu mengalami masalah kulit seperti ini, di bawah ini dijelaskan mengenai cara mengatasi flek hitam.'),
(988, 533, 'en', '', '', ''),
(989, 534, 'id', 'Tips Membuat Bibir Menjadi Merah c', 'membuat bibir merah alami membuat bibir merah permanen membuat bibir merah alami permanen membuat bibir merah dengan cara alami membuat bibir merah merona membuat bibir merah secara alami membuat bibir merah tanpa lipstik', 'Jika bibir tidak dirawat dengan baik, bisa menjadi kasar, kering, dan pecah-pecah, sehingga membuat bibir tampak kusam dan gelap. Berikut ini dijelaskan mengenai cara membuat bibir merah merona secara alami.'),
(990, 534, 'en', '', '', ''),
(991, 535, 'id', 'Ini Bahaya dan Pencegahan Gagal Ginjal Kronis', 'gagal ginjal kronis gagal ginjal kronis stadium gagal ginjal kronis stadium akhir gagal ginjal kronis dan akut gagal ginjal kronis gejala gagal ginjal kronis stadium 5 gagal ginjal kronis stadium 3 gagal ginjal kronis bisa sembuh', 'Gagal ginjal merupakan salah satu penyakit ginjal yang sangat menakutkan dan mengakibatkan banyak penderita meninggal. Di bawah ini dibahas mengenai bahaya dan pencegahan gagal ginjal kronis.'),
(992, 535, 'en', '', '', ''),
(993, 536, 'id', 'Manfaat Bersepeda Bisa Hindari Serangan Jantung?', 'manfaat bersepeda setiap hari manfaat gowes manfaat bersepeda statis 30 menit manfaat bersepeda bagi pria manfaat bersepeda untuk wanita manfaat sepeda statis manfaat bersepeda malam hari manfaat bersepeda untuk jantung', 'Manfaat bersepeda tidak hanya sekadar untuk rekreasi atau sebagai transportasi, tapi juga baik bagi kesehatan tubuh. Berikut ini manfaat bersepeda untuk kesehatan tubuh.'),
(994, 536, 'en', '', '', ''),
(999, 539, 'id', 'Bahaya Sulam Alis yang Wajib Diketahui', 'efek sulam alis efek sulam alis bagi kesehatan efek sulam alis buat wanita efek sulam alis microblading efek samping sulam alis efek setelah sulam alis efek sulam alis apa', 'Salah satu cara mempercantik atau mengubah tampilan wajah adalah dengan membentuk alis melalui perawatan sulam alis. Sebelumnya, kamu perlu mengetahui efek samping sulam alis.'),
(1000, 539, 'en', '', '', ''),
(1003, 541, 'id', 'Tips Merawat Kulit Wajah Kusam Secara Alami', 'wajah kusam cara mengatasi wajah kusam contoh wajah kusam penyebab wajah kusam penyebab wajah kusam dan gelap wajah kusam dan berminyak wajah kusam dan kering wajah kusam dan berjerawat wajah kusam seperti apa wajah kusam dan flek hitam', 'Mempunyai kulit wajah kusam menyebabkan kulit wajah terlihat tidak sehat dan kusam, sehingga penampilan menjadi tidak maksimal. Yuk lihat tips merawat kulit wajah kusam secara alami.'),
(1004, 541, 'en', '', '', ''),
(1013, 546, 'id', 'Waspada Risiko dan Komplikasi Stroke', 'stroke stroke adalah stroke ringan stroke artinya stroke iskemik stroke hemoragik penyakit stroke obat stroke definisi stroke stroke treatment penyebab stroke jenis stroke penyebab stroke ringan gejala stroke usia muda makanan pencegah stroke', 'Bagi penderita stroke perlu segera mendapatkan penanganan oleh dokter, karena penyakit ini sangat mematikan. Apa saja faktor risiko dan komplikasi dari penyakit stroke? Berikut ini penjelasannya.'),
(1014, 546, 'en', '', '', ''),
(1015, 547, 'id', 'Tips Make Up Natural Sesuai Bentuk Wajah', 'make up natural untuk pemula tips make up natural untuk pemula tips makeup natural make up natural untuk remaja make up natural sesuai bentuk wajah', 'Setelah mengetahui cara ber-make up natural untuk pemula, yang juga perlu diketahui adalah tentang menggunakan make up natural sesuai bentuk wajah. Baca penjelasan lebih lengkapnya di bawah ini.'),
(1016, 547, 'en', '', '', ''),
(1017, 548, 'id', 'Cara Mengatasi Kecanduan Main HP', 'dampak negatif hp dampak negatif handphone dampak hp dampak radiasi hp smartphone ponsel', 'Bahaya main ponsel juga mengintai jika kamu kecanduan main HP. Bagaimana cara agar tidak terlalu berlebihan bermain smartphone? Berikut ini dijabarkan mengenai cara mengatasi kecanduan main HP.'),
(1018, 548, 'en', '', '', ''),
(1019, 549, 'id', 'Jenis dan Cara Mencegah Bruntusan di Wajah', 'penyebab wajah bruntusan bruntusan di wajah bruntusan di jidat bruntusan di pipi bruntusan di hidung bruntusan di dagu cara menghilangkan bruntusan', 'Banyak permasalahan yang terjadi di kulit wajah, salah satunya adalah munculnya bruntusan. Berikut ini diuraikan tentang jenis dan cara mencegah bruntusan di wajah.'),
(1020, 549, 'en', '', '', ''),
(1021, 550, 'id', 'Ketahui Pengobatan dan Cara Mencegah Penyakit Jantung', 'penyakit jantung koroner penyakit jantung adalah penyakit jantung bawaan penyakit jantung keturunan penyakit jantung lemah penyebab penyakit jantung cara mencegah penyakit jantung', 'Penyakit jantung adalah penyakit kronis yang disebut sebagai penyebab kematian di seluruh dunia. Berikut ini dijabarkan mengenai gejala dan cara mencegah penyakit jantung.'),
(1022, 550, 'en', '', '', ''),
(1023, 551, 'id', 'Gejala dan Faktor Risiko Penyakit Jantung', 'penyakit jantung koroner penyakit jantung adalah penyakit jantung bawaan penyakit jantung keturunan penyakit jantung lemah penyebab penyakit jantung cara mencegah penyakit jantung', 'Organ paling penting di dalam tubuh manusia adalah jantung. Tidak sedikit penderita penyakit jantung berujung pada kematian. Berikut penjelasan tentang gejala dan faktor risiko penyakit jantung.'),
(1024, 551, 'en', '', '', ''),
(1025, 552, 'id', 'Ngeri, Ini Bahaya jika Salah Pakai Produk Kosmetik', 'produk kosmetik produk kecantikan skincare krim ruam alergi iritasi iritasi kulit kulit wajah perawatan kulit makeup alergi kulit', 'Maraknya produk kecantikan atau kosmetik di pasaran membuat para pecinta kecantikan berburu dan mencoba produk skincare. Berikut ini bahaya jika salah memakai produk kosmetik.'),
(1026, 552, 'en', '', '', ''),
(1027, 553, 'id', 'Waktu Minum Kopi yang Baik untuk Kesehatan Tubuh', 'minum kopi berlebihan minum kopi secara berlebihan efek minum kopi berlebihan dampak minum kopi berlebihan efek minum kopi berlebihan bagi wanita efek samping minum kopi berlebihan dampak negatif minum kopi berlebihan apa efek minum kopi berlebihan', 'Kopi mudah dijumpai hampir di setiap tempat. Tapi, jika minum kopi tidak teratur akan berdampak buruk bagi kesehatan. Di bawah ini dijelaskan mengenai waktu minum kopi yang baik untuk kesehatan tubuh.'),
(1028, 553, 'en', '', '', ''),
(1029, 554, 'id', 'Tips Belajar Berenang untuk Pemula', 'berenang manfaat berenang manfaat berenang di pagi hari manfaat berenang setiap hari manfaat berenang di malam hari manfaat berenang seminggu sekali berenang untuk pemula', 'Belajar berenang bisa dilakukan oleh siapa pun, baik itu anak anak ataupun orang dewasa. Untuk bisa menguasai berenang, tidak bisa dilakukan dalam satu kali latihan.'),
(1030, 554, 'en', '', '', ''),
(1031, 555, 'id', 'Cara Tepat Mengatasi Alergi pada Kulit', 'alergi kulit alergi kulit gatal alergi kulit bentol alergi kulit pada anak alergi kulit pada bayi alergi kulit wajah alergi kulit pada wajah alergi kulit pada tangan alergi pada lipatan kulit', 'Reaksi alergi pada kulit terjadi karena adanya benda-benda asing membahayakan yang masuk ke dalam tubuh. Berikut dijelaskan cara mengatasi alergi pada kulit.'),
(1032, 555, 'en', '', '', ''),
(1033, 556, 'id', 'Gerakan Aerobik Ini Bisa Turunkan Berat Badan', 'senam aerobik senam aerobik menurunkan berat badan senam aerobik pemula senam aerobik terbaru senam aerobik lagu barat senam aerobik mengecilkan perut aerobik pemula aerobik pemula menurunkan berat badan aerobik mengecilkan perut', 'Banyak manfaat yang bisa diperoleh dari senam aerobik, salah satunya adalah dapat menurunkan berat badan. Seperti apa gerakan aerobik yang bisa menurunkan berat badan? Yuk lihat penjelasannya.'),
(1034, 556, 'en', '', '', ''),
(1035, 557, 'id', 'Gejala dan Penyebab Milia di Wajah', 'milia itu apa milia di kelopak mata milia disebabkan oleh milia artinya milia mata obat milia di apotek milia di hidung apakah milia bisa hilang sendiri penyebab milia apakah milia berbahaya', 'Timbulnya milia di sekitar wajah membuat penampilan kurang maksimal dan mengurangi rasa percaya diri. Untuk mengetahui lebih jelas, berikut ini dijabarkan mengenai gejala dan penyebab milia di wajah.'),
(1036, 557, 'en', '', '', ''),
(1037, 558, 'id', 'Manfaat Bersepeda untuk Kesehatan Tubuh', 'manfaat bersepeda setiap hari manfaat gowes manfaat bersepeda statis 30 menit manfaat bersepeda bagi pria manfaat bersepeda untuk wanita manfaat sepeda statis manfaat bersepeda malam hari manfaat bersepeda untuk jantung', 'Manfaat bersepeda tidak hanya sekadar untuk rekreasi atau sebagai transportasi, tapi juga baik bagi kesehatan tubuh. Berikut ini manfaat bersepeda untuk kesehatan tubuh.'),
(1038, 558, 'en', '', '', ''),
(1039, 559, 'id', 'Cara Mencegah Timbulnya Bekas Luka di Wajah', 'bekas luka di wajah bekas luka di wajah menghitam bekas luka di wajah apakah bisa hilang menghilangkan bekas luka di wajah dengan cepat produk menghilangkan bekas luka di wajah cara menghilangkan bekas luka bakar di wajah bekas luka di wajah bisa hilang', 'Bekas luka di wajah merupakan salah satu masalah kulit yang dialami sebagian wanita. Berikut ini dijelaskan mengenai cara mencegah timbulnya bekas luka di wajah dan cara mengobati secara alami.'),
(1040, 559, 'en', '', '', ''),
(1041, 560, 'id', 'Cara Belajar Berenang yang Mudah untuk Pemula', 'berenang manfaat berenang manfaat berenang di pagi hari manfaat berenang setiap hari manfaat berenang di malam hari manfaat berenang seminggu sekali berenang untuk pemula', 'Belajar berenang bisa dilakukan oleh siapa pun, baik itu anak-anak ataupun orang dewasa. Untuk bisa mengusai berenang, tidak bisa dilakukan dalam satu kali latihan.'),
(1042, 560, 'en', '', '', ''),
(1043, 561, 'id', 'Tips Meniruskan Pipi secara Alami', 'meniruskan pipi, pipi tirus korea, korea, pipi chubby, pipi tembem, cara mengecilkan pipi tembem, cara mengecilkan pipi tembem secara alami, cara mengatasi pipi tembem agar tirus', 'Cara untuk meniruskan pipi selain dengan prosedur medis, langkah lain yang juga bisa dilakukan adalah meniruskan pipi secara alami. Baca selengkapnya di sini.'),
(1044, 561, 'en', '', '', ''),
(1045, 562, 'id', 'Begini Cara Mencegah Insomnia, Yuk Simak!', 'insomnia adalah insomnia akut insomnia treatment penyebab insomnia pada remaja penyebab insomnia pada pria penyebab insomnia berkepanjangan penyebab insomnia pada wanita', 'Kebiasaan sulit tidur malam hari berdampak buruk bagi kesehatan tubuh. Tapi efek lain dari insomnia juga mempengaruhi kesehatan kulit. Selain diobati, insomnia juga perlu dicegah, berikut penjelasannya.'),
(1046, 562, 'en', '', '', ''),
(1047, 563, 'id', 'Mengatasi Bekas Cacar Air di Wajah secara Alami', 'pengobatan cacar air gejala cacar air berapa lama cacar air sembuh obat cacar air dewasa cacar air dewasa cacar air pada dewasa cacar air gatal cacar air mudah menyerang cacar air disebabkan oleh', 'Untuk mengatasi bekas cacar air di wajah perlu melakukan perawatan. Salah satu cara mudah yang bisa dilakukan adalah perawatan secara cara alami. Berikut ini dijabarkan mengenai mengatasi bekas cacar air di wajah secara alami.'),
(1048, 563, 'en', '', '', ''),
(1049, 564, 'id', 'Duduk Terlalu Lama Berisiko Kena Kanker?', 'duduk terlalu lama penyakit akibat duduk terlalu lama cara mengatasi duduk terlalu lama akibat terlalu lama duduk duduk maksimal berapa jam akibat duduk terlalu lama di depan komputer penyebab kanker', 'Duduk terlalu lama ternyata bisa mengganggu kesehatan, salah satunya adalah berisiko terkena penyakit kanker. Berikut ini dijelaskan tentang bahaya duduk terlalu lama bisa berisiko terkena kanker.'),
(1050, 564, 'en', '', '', ''),
(1053, 566, 'id', 'Perawatan Tepat untuk Mengatasi Jerawat', ': jerawat, pencet jerawat, pencet jerawat dan komedo, memencet jerawat di rumah, bekas jerawat, penyebab jerawat, mengatasi jerawat, perawatan jerawat, mengobati jerawat, bekas jerawat', 'Jerawat terjadi ketika folikel rambut atau tempat tumbuhnya rambut tersumbat oleh minyak dan sel kulit mati. Bagaimana cara mengatasi jerawat yang tepat?  Berikut penjelasan dari dokter estetika terpercaya.'),
(1054, 566, 'en', '', '', ''),
(1061, 570, 'id', 'Cara Mengatasi Jerawat dengan Tepat', ': jerawat, pencet jerawat, pencet jerawat dan komedo, memencet jerawat di rumah, bekas jerawat, penyebab jerawat, mengatasi jerawat, perawatan jerawat, mengobati jerawat, bekas jerawat', 'Jerawat terjadi ketika folikel rambut atau tempat tumbuhnya rambut tersumbat oleh minyak dan sel kulit mati. Bagaimana cara mengatasi jerawat yang tepat?  Berikut penjelasan dari dokter estetika terpercaya.'),
(1062, 570, 'en', '', '', ''),
(1063, 571, 'id', 'Gejala dan Faktor Risiko Penyakit Diabetes', 'diabetes diabetes melitus diabetes adalah diabetes tipe 1 diabetes tipe 2 diabetes melitus adalah', 'Diabetes merupakan penyakit penyakit kronis yang ditandai dengan ciri-ciri berupa tingginya kadar gula darah. Berikut gejala dan faktor risiko diabetes.'),
(1064, 571, 'en', '', '', ''),
(1075, 577, 'id', 'Apakah Kamu Stres? Berikut Cara Mengatasinya', 'stres dan depresi adalah stres dan depresi pada remaja stres dan depresi apa bedanya stres dan depresi kesehatan stres dan depresi dapat mengganggu sistem stres dan depresi perbedaan perbedaan depresi dan stress', 'Jika stres dibiarkan dan berkepanjangan, maka akan mengganggu kesehatan. Berikut ini dijelaskan mengenai cara mengatasi stres yang tepat, yuk baca artikelnya.'),
(1076, 577, 'en', '', '', ''),
(1077, 578, 'id', 'Manfaat Perawatan Dermaroller-Shofi Aesthetic Clinic', 'dermaroller manfaat dermaroller untuk bopeng dermaroller treatment perawatan dermaroller perawatan setelah dermaroller manfaat perawatan dermaroller apa itu perawatan dermaroller perawatan wajah dermaroller', 'Perawatan dermaroller dipercaya bisa menyamarkan bekas jerawat, mengurangi kerutan, hingga membuat kulit wajah terlihat awet muda. Berikut ini penjelasan mengenai perawatan dermaroller.'),
(1078, 578, 'en', '', '', ''),
(1079, 579, 'id', 'Faktor Risiko dan Pencegahan Hipertensi', 'hipertensi hipertensi adalah  hipertensi gestasional hipertensi pulmonal hipertensi emergency hipertensi dalam kehamilan hipertensi esensial hipertensi urgensi', 'Hipertensi bisa mengakibatkan berbagai komplikasi kesehatan yang membahayakan nyawa dan meningkatkan risiko terjadinya penyakit jantung, stroke, dan kematian. Berikut penjelasannya.'),
(1080, 579, 'en', '', '', ''),
(1083, 581, 'id', 'Cara Tepat Perawatan Kulit dengan Laser', 'perawatan laser perawatan laser wajah perawatan laser adalah perawatan laser wajah terdekat picosecond laser picosecond laser adalah picosecond laser treatment picosecond laser tattoo removal surabaya skin centre manfaat laser picosecond', 'Desc: Perawatan kulit dengan laser adalah langkah penggunaan laser untuk memperbaiki kerusakan kulit atau menghilangkan noda hitam di kulit. Berikut penjelasan tentang perawatan laser.'),
(1084, 581, 'en', '', '', ''),
(1085, 582, 'id', 'Perawatan Kulit Memukau dengan Treatment Laser', 'perawatan laser perawatan laser wajah perawatan laser adalah perawatan laser wajah terdekat picosecond laser picosecond laser adalah picosecond laser treatment picosecond laser tattoo removal surabaya skin centre manfaat laser picosecond', 'Perawatan kulit dengan laser adalah langkah penggunaan laser untuk memperbaiki kerusakan kulit atau menghilangkan noda hitam di kulit. Berikut penjelasan tentang perawatan laser.'),
(1086, 582, 'en', '', '', ''),
(1093, 586, 'id', 'Cara Memilih Skincare untuk Kulit Berjerawat', 'skincare jerawat skincare jerawat skincare jerawat terbaik skincare untuk kulit berjerawat skincare untuk jerawat remaja skincare jerawat ampuh skincare jerawat dan bekasnya', 'Jika saat ini kamu sedang mengalami wajah berjerawat, pastikan jangan salah pilih skincare, karena bisa memperparah jerawat. Baca artikel ini tentang cara memilih skincare untuk kulit berjerawat.'),
(1094, 586, 'en', '', '', ''),
(1095, 587, 'id', 'Jenis Skincare yang Tepat untuk Kulit Berjerawat', 'skincare jerawat skincare jerawat skincare jerawat terbaik skincare untuk kulit berjerawat skincare untuk jerawat remaja skincare jerawat ampuh skincare jerawat dan bekasnya', 'Jika saat ini kamu sedang mengalami wajah berjerawat, pastikan jangan salah pilih skincare, karena bisa memperparah jerawat. Baca artikel ini tentang cara memilih skincare untuk kulit berjerawat.'),
(1096, 587, 'en', '', '', ''),
(1099, 589, 'id', 'Rahasia Kulit Cerah dengan Body Whitening Treatment', 'body whitening treatment body whitening cream body whitening lotion body whitening products body whitening injection body whitening body wash dr. Novaria Sonata dr. VA Aesthetic Clinic & Laser klinik kecantikan di serang', 'Biasanya wanita ingin mempunyai kulit yang cerah dan sehat, tidak hanya di wajah, tapi juga seluruh tubuh. Di dalam artikel ini dijelaskan mengenai cara aman dan efektif untuk mencerahkah kulit.'),
(1100, 589, 'en', '', '', ''),
(1101, 590, 'id', 'Penyebab dan Cara Mengobati Depresi', 'depresi depresi berat depresi pada remaja depresi ringan mengatasi depresi obat depresi tingkatan depresi ciri ciri orang depresi mengatasi depresi berkepanjangan', 'Jika kamu mengalami depresi dan dibiarkan berlangsung terus-menerus, maka akan menyebabkan beberapa dampak buruk. Di dalam artikel ini dijelaskan mengenai penyebab dan cara mengobati depresi.'),
(1102, 590, 'en', '', '', ''),
(1103, 591, 'id', 'Cara Pengobatan dan Pencegahan Kanker', 'penyakit kanker kanker serviks kanker payudara pengertian kanker pemicu kanker jenis kanker gejala kanker bentuk kanker sel kanker kanker otak kanker paru-paru kanker prostat kanker kelenjar getah bening kanker darah kanker hati', 'Penyakit kanker bisa menyebabkan kematian, karena umumnya penyakit ini tidak menimbulkan gejala pada awal perkembangannya. Berikut penjelasan tentang pengobatan dan pencegahan kanker.'),
(1104, 591, 'en', '', '', ''),
(1107, 593, 'id', 'Faktor Risiko dan Komplikasi Gagal Ginjal Kronis', ': gagal ginjal kronis gagal ginjal kronis stadium gagal ginjal kronis stadium akhir gagal ginjal kronis dan akut gagal ginjal kronis gejala gagal ginjal kronis stadium 5 gagal ginjal kronis stadium 3 gagal ginjal kronis bisa sembuh', 'Gagal ginjal kronis adalah kondisi saat fungsi ginjal manurun secara bertahap akibat kerusakan jaringan ginjal. Artikel ini mengulas tentang faktor risiko dan komplikasi gagal ginjal kronis.'),
(1108, 593, 'en', '', '', ''),
(1111, 595, 'id', 'Hempaskan Keriput dan Kerutan dengan Botox', 'botox botox wajah botox rahang botox ketiak botox injection perawatan botox botox adalah botox pipi botox v shape botox before after botox bertahan berapa lama botox wajah adalah', 'Di dalam dunia kecantikan, botox digunakan sebagai perawatan anti-penuaan, yaitu untuk mengencangkan kulit, menghilangkan kerutan, membuat bentuk wajah lebih V-Shape, dan lainnya. Baca artikel ini selengkapnya.'),
(1112, 595, 'en', '', '', ''),
(1113, 596, 'id', 'Cara Perawatan Botox yang Tepat', 'botox botox wajah botox rahang botox ketiak botox injection perawatan botox botox adalah botox pipi botox v shape botox before after botox bertahan berapa lama botox wajah adalah', 'Di dalam dunia kecantikan, botox digunakan sebagai perawatan anti-penuaan, yaitu untuk mengencangkan kulit, menghilangkan kerutan, membuat bentuk wajah lebih V-Shape, dan lainnya. Baca artikel ini selengkapnya.'),
(1114, 596, 'en', '', '', ''),
(1115, 597, 'id', 'Minum Manis Berlebihan Bisa Akibatkan Kematian', 'minuman manis bahaya minuman manis minuman manis bikin gemuk efek terlalu banyak minum manis minuman manis botol contoh minuman manis minuman manis berapa kalori minuman manis warna warni', 'Terlalu banyak mengonsumsi minuman manis bisa berbahaya bagi tubuh. Minum minuman manis berlebihan bisa mengakitkan berbagai macam penyakit hingga kematian. Di dalam artikel ini diuraikan mengenai bahaya sering minum manis berlebihan.'),
(1116, 597, 'en', '', '', ''),
(1117, 598, 'id', 'Cara Mengatasi Tech Neck dengan Tepat', 'tech neck tech neck treatment tech neck adalah double chin double chin treatment double chin adalah double chin artinya double chin itu apa double chin disebabkan oleh double chin hilang', 'Tech neck bisa terjadi karena kebiasaan menggunakan gadget, seperti HP, komputer, atau laptop. Akibatnya, timbul kerutan di leher atau double chin. Berikut ini penjelasan lebih jauh tentang tech neck.'),
(1118, 598, 'en', '', '', ''),
(1119, 599, 'id', 'Mengatasi Tech Neck yang Efektif', 'tech neck tech neck treatment tech neck adalah double chin double chin treatment double chin adalah double chin artinya double chin itu apa double chin disebabkan oleh double chin hilang', 'Tech neck bisa terjadi karena kebiasaan menggunakan gadget, seperti HP, komputer, atau laptop. Akibatnya, timbul kerutan di leher atau double chin. Berikut ini penjelasan lebih jauh tentang tech neck.'),
(1120, 599, 'en', '', '', ''),
(1121, 600, 'id', 'Beranda Secan', 'Beranda Secan', 'Beranda Secan'),
(1122, 600, 'en', 'maztafarma', 'maztafarma', 'maztafarma'),
(1123, 601, 'id', 'Tentang Secan,kecantikan,kesehatan', 'Tentang Secan,kecantikan,kesehatan', 'Tentang Secan'),
(1124, 601, 'en', '', '', ''),
(1125, 602, 'id', 'Kenapa Sulit Menaikkan Berat Badan?', 'kesehatan, kurus, gemuk, berat badan, kurus sulit gemuk, penyakit, badan', 'Terdapat beberapa sebab mengapa orang kurus cenderung sulit saat menaikkan berat badan. Untuk mengetahui alasannya, simak informasi ini ya.'),
(1126, 602, 'en', '', '', ''),
(1131, 605, 'id', 'Cara Menurunkan Berat Badan dengan Mudah-Sehat', 'diet, diet sehat, diet sehat menurunkan berat badan, tubuh ideal', 'Kunci utama dari mengurangi berat badan dengan sehat adalah, pola makan yang sehat dan mengendalikan asupan kalori. Di bawah ini dijelaskan cara menurunkan berat badan dengan mudah.'),
(1132, 605, 'en', '', '', ''),
(1135, 607, 'id', 'Kegunaan DNA Salmon untuk Kecantikan', 'dna salmon dna salmon untuk apa dna salmon untuk flek dna salmon skin booster dna salmon untuk kecantikan manfaat dna salmon treatment dna salmon salmon dna injection', 'Tren perawatan kecantikan kian unik dan beragam. Perawatan yang juga tak kalah menarik dan diminati adalah DNA ikan salmon. Di dalam artikel ini dijelaskan mengenai kegunaan perawatan kecantikan dengan DNA salmon.'),
(1136, 607, 'en', '', '', ''),
(1137, 608, 'id', 'Beragam Manfaat DNA Salmon di Dunia Kecantikan', 'dna salmon dna salmon untuk apa dna salmon untuk flek dna salmon skin booster dna salmon untuk kecantikan manfaat dna salmon treatment dna salmon salmon dna injection', 'Tren perawatan kecantikan kian unik dan beragam. Perawatan yang juga tak kalah menarik dan diminati adalah DNA ikan salmon. Di dalam artikel ini dijelaskan mengenai kegunaan perawatan kecantikan dengan DNA salmon.'),
(1138, 608, 'en', '', '', ''),
(1139, 610, 'id', 'Risiko Tidur Ngorok Bisa Kena Serangan Jantung-Stroke', 'penyebab mendengkur saat tidur penyebab dengkuran keras saat tidur penyebab terjadinya ngorok saat tidur penyebab ngorok pada saat tidur penyebab mendengkur keras saat tidur penyebab mendengkur saat tidur dan cara mengatasinya', 'Umumnya yang ngorok ketika tidur disebabkan karena kelelahan saat beraktivitas pada siang hari. Tapi, tahukah kamu jika ngorok bisa berbahaya bagi kesehatan? Berikut ini dijelaskan mengenai bahaya ngorok yang bisa memicu serangan jantung dan stroke.'),
(1140, 610, 'en', '', '', ''),
(1143, 612, 'id', 'Manfaat Terapi Stem Cell untuk Kecantikan', 'stem cell stem cell therapy stem cell itu apa stem cell indonesia stem cell therapy adalah stem cell berasal dari stem cel transplant', 'Beragam perawatan kecantikan yang bisa dipilih demi mewujudkan keinginan, salah satunya adalah dengan melakukan terapi stem cell atau sel punca. Berikut dijelaskan mengenai manfaat terapi stem cell untuk kecantikan.'),
(1144, 612, 'en', '', '', ''),
(1145, 613, 'id', 'Manfaat Stem Cell untuk Kecantikan', 'stem cell stem cell therapy stem cell itu apa stem cell indonesia stem cell therapy adalah stem cell berasal dari stem cel transplant', 'Beragam perawatan kecantikan yang bisa dipilih demi mewujudkan keinginan, salah satunya adalah dengan melakukan terapi stem cell atau sel punca. Berikut dijelaskan mengenai manfaat terapi stem cell untuk kecantikan.'),
(1146, 613, 'en', '', '', ''),
(1151, 616, 'id', 'Cara Mencegah Kanker Akibat Duduk Terlalu Lama', 'duduk terlalu lama penyakit akibat duduk terlalu lama cara mengatasi duduk terlalu lama akibat terlalu lama duduk duduk maksimal berapa jam akibat duduk terlalu lama di depan komputer penyebab kanker', 'Tanpa sadar, banyak aktivitas keseharian yang dilakukan dengan posisi duduk yang terlalu lama. Dampak jika duduk terlalu lama bisa mengakibatkan kanker. Di bawah ini diuraikan tentang cara mencegah kanker akibat duduk terlalu lama.'),
(1152, 616, 'en', '', '', ''),
(1155, 619, 'id', '3 Perawatan Ini Bisa Bikin Awet Muda', 'filler adalah filler treatment filler artinya filler dagu filler wajah filler bibir filler hidung botox injection botox adalah botox wajah botox rahang botox bertahan berapa lama botox filler efek samping tanam benang hidung', 'Seiring bertambahnya usia, kulit juga secara otomatis akan kehilangan kelenturan. Akibatnya, timbul garis-garis halus dan kerutan secara perlahan-lahan. Berikut ini beberapa perawatan yang bisa membuat wajah terlihat awet muda.'),
(1156, 619, 'en', '', '', ''),
(1157, 620, 'id', '3 Jenis Treatment yang Bisa Bikin Cantik', 'filler adalah filler treatment filler artinya filler dagu filler wajah filler bibir filler hidung botox injection botox adalah botox wajah botox rahang botox bertahan berapa lama botox filler efek samping tanam benang hidung', 'Seiring bertambahnya usia, kulit juga secara otomatis akan kehilangan kelenturan. Akibatnya, timbul garis-garis halus dan kerutan secara perlahan-lahan. Berikut ini beberapa perawatan yang bisa membuat wajah terlihat awet muda.'),
(1158, 620, 'en', '', '', ''),
(1159, 621, 'id', 'Dermaroller Ampuh Hilangkan Bekas Jerawat', 'dermaroller manfaat dermaroller untuk bopeng dermaroller treatment perawatan dermaroller perawatan setelah dermaroller manfaat perawatan dermaroller apa itu perawatan dermaroller perawatan wajah dermaroller', 'Perawatan dermaroller dipercaya bisa menyamarkan bekas jerawat, mengurangi kerutan, hingga membuat kulit wajah terlihat awet muda. Berikut ini penjelasan mengenai perawatan dermaroller.'),
(1160, 621, 'en', '', '', ''),
(1161, 622, 'id', 'Cara Aman dan Efektif untuk Mencerahkan Kulit', 'body whitening treatment body whitening cream body whitening lotion body whitening products body whitening injection body whitening body wash dr. Novaria Sonata dr. VA Aesthetic Clinic & Laser klinik kecantikan di serang', 'Biasanya wanita ingin mempunyai kulit yang cerah dan sehat, tidak hanya di wajah, tapi juga seluruh tubuh. Di dalam artikel ini dijelaskan mengenai cara aman dan efektif untuk mencerahkah kulit.'),
(1162, 622, 'en', '', '', ''),
(1171, 627, 'id', 'Awas, Dampak Negatif Main Game Online Berlebihan', 'efek terlalu lama main game dampak game online bagi remaja kecanduan game online akibat sering main game di hp akibat main game pada mata dampak game online bagi anak', 'Dampak negatif main game online berlebihan dapat menyebabkan berbagai masalah, termasuk gangguan kesehatan. Apa saja efek buruk kecanduan game online? Simak artikelnya.'),
(1172, 627, 'en', '', '', ''),
(1177, 630, 'id', 'Beragam Manfaat Perawatan Mesotherapy', 'mesotherapy mesotherapy wajah adalah mesotherapy slimming adalah mesotherapy di banjarmasin mesotherapy acne adalah mesotherapy hair mesotherapy harga', 'Mesotherapy adalah jenis perawatan dengan memanfaatkan suntikan cairan yang disesuaikan untuk merangsang mesoderm dan untuk berbagai macam tujuan. Di bawah ini dijelaskan mengenai manfaat perawatan mesotherapy.'),
(1178, 630, 'en', '', '', ''),
(1179, 631, 'id', 'Manfaat Perawatan Mesotherapy', 'mesotherapy mesotherapywajah adalah mesotherapy slimming adalah mesotherapy di banjarmasin mesotherapy acne adalah mesotherapy hair mesotherapy harga', 'Mesotherapy adalah jenis perawatan dengan memanfaatkan suntikan cairan yang disesuaikan untuk merangsang mesoderm dan untuk berbagai macam tujuan. Di bawah ini dijelaskan mengenai manfaat perawatan mesotherapy.'),
(1180, 631, 'en', '', '', ''),
(1181, 632, 'id', 'Jenis Makanan untuk Daya Tahan Tubuh pada Musim Hujan', 'makanan menjaga daya tahan tubuh makanan untuk menjaga daya tahan tubuh makanan sehat menjaga daya tahan tubuh makanan yang dapat menjaga daya tahan tubuh makanan alami untuk menjaga daya tahan tubuh', 'Biasanya ketika musim penghujan tiba, daya tahan tubuh menurun karena atmosfer berubah menjadi lebih tinggi pada musim hujan. Di bawah ini dijabarkan mengenai jenis makanan untuk menjaga daya tahan tubuh pada musim hujan.'),
(1182, 632, 'en', '', '', ''),
(1187, 635, 'id', 'Memperbaiki Kerusakan Kulit Akibat Kenaikan Berat Badan', 'berat badan ideal cara menghitung berat badan ideal masalah kulit cara menurunkan berat badan masalah kulit wajah masalah kulit remaja masalah kulit muka', 'Mungkin tidak semua orang merasa terganggu dengan postur tubuh yang kegemukan. Tapi berat badan berlebih dapat menyebabkan beberapa masalah kulit. Baca cara dalam mengatasi masalah kulit akibat berat badan naik.'),
(1188, 635, 'en', '', '', ''),
(1195, 639, 'id', 'Pengobatan dan Pencegahan Diabetes Melitus', 'diabetes, diabetes melitus, diabetes adalah, diabetes tipe 1, diabetes tipe 2, diabetes melitus adalah', 'Salah satu penyakit kronis yang perlu diwaspadai seperti diabetes melitus atau diabetes, merupakan penyakit penyakit gangguan metabolik menahun akibat pankreas tidak memproduksi cukup insulin. Berikut penjelasannya.'),
(1196, 639, 'en', '', '', ''),
(1197, 640, 'id', 'Cara Pengobatan dan Pencegahan Diabetes Melitus', 'diabetes, diabetes melitus, diabetes adalah, diabetes tipe 1, diabetes tipe 2, diabetes melitus adalah', 'Salah satu penyakit kronis yang perlu diwaspadai seperti diabetes melitus atau diabetes, merupakan penyakit penyakit gangguan metabolik menahun akibat pankreas tidak memproduksi cukup insulin. Berikut penjelasannya.'),
(1198, 640, 'en', '', '', ''),
(1201, 642, 'id', 'Cara Menurunkan Berat Badan yang Efektif', 'berat badan ideal cara menghitung berat badan ideal masalah kulit cara menurunkan berat badan masalah kulit wajah masalah kulit remaja masalah kulit muka', 'Mungkin tidak semua orang merasa terganggu dengan postur tubuh yang kegemukan. Tapi berat badan berlebih dapat menyebabkan beberapa masalah kulit. Baca cara dalam mengatasi masalah kulit akibat berat badan naik.'),
(1202, 642, 'en', '', '', ''),
(1203, 643, 'id', 'Cara Mengatasi Masalah Kulit Akibat Berat Badan', 'berat badan ideal cara menghitung berat badan ideal masalah kulit cara menurunkan berat badan masalah kulit wajah masalah kulit remaja masalah kulit muka', 'Mungkin tidak semua orang merasa terganggu dengan postur tubuh yang kegemukan. Tapi berat badan berlebih dapat menyebabkan beberapa masalah kulit. Baca cara dalam mengatasi masalah kulit akibat berat badan naik.'),
(1204, 643, 'en', '', '', ''),
(1207, 645, 'id', 'Rasakan Sensasi Nasi Briyani di Waytuki Vegetarian', 'waytuki waytuki vegetarian waytuki vegetarian menu waytuki vegetarian restaurant waytuki pasar baru vegan beras basmati nasi briyani terdekat nasi briyani online nasi briyani kambing nasi briyani dari mana', 'Beras basmati yang sering digunakan sebagai nasi briyani, memiliki berbagai manfaat kesehatan untuk tubuh. Seperti apa keistimewaan nasi briyani yang ada di Waytuki vegetarian? Disimak ya.'),
(1208, 645, 'en', '', '', ''),
(1211, 647, 'id', 'Manfaat Mesotherapy DNA Salmon', 'dna salmon dna salmon untuk kecantikan manfaat dna salmon treatment dna salmon dna salmon treatment dna salmon untuk flek dna salmon untuk bopeng dna salmon manfaat', 'Berbagai manfaat Deoxyribonucleic Acid (DNA) dari ikan salmon yang diperoleh melalui injeksi kulit hingga penggunaan produk skincare tertentu. Berikut penjelasan lengkapnya.'),
(1212, 647, 'en', '', '', ''),
(1213, 648, 'id', 'Keunggulan Mesotherapy DNA Salmon', 'dna salmon dna salmon untuk kecantikan manfaat dna salmon treatment dna salmon dna salmon treatment dna salmon untuk flek dna salmon untuk bopeng dna salmon manfaat', 'Berbagai manfaat Deoxyribonucleic Acid (DNA) dari ikan salmon yang diperoleh melalui injeksi kulit hingga penggunaan produk skincare tertentu. Berikut penjelasan lengkapnya.'),
(1214, 648, 'en', '', '', ''),
(1217, 650, 'id', 'Hidangan Vegetarian di Bluezone Center', 'bluezone center bluezone center indonesia makanan vegetarian vegetarian food vegetarian benefits manfaat vegetarian vegetarian food jakarta vegetarian adalah vegetarian restaurants vegetarian food terdekat', 'Vegetarian adalah pola makan yang berfokus pada konsumsi makanan yang terbuat dari tumbuh-tumbuhan. Bluezone Center adalah salah satu restoran vegetarian yang ada di Jakarta. Apa menu andalannya? Ini ulasannya.'),
(1218, 650, 'en', '', '', ''),
(1219, 651, 'id', 'Cara Menghilangkan Panu di Wajah', 'panu menghilangkan panu di wajah obat panu di wajah tablet penyebab panu di wajah cara menghilangkan panu di wajah dalam 1 hari panu susah hilang', 'Berbagai masalah di kulit wajah bisa dialami perempuan. Gangguan kulit yang cukup mengganggu penampilan adalah panu. Berikut penjelasan tentang cara menghilangkan panu di wajah.'),
(1220, 651, 'en', '', '', ''),
(1229, 656, 'id', 'Cara Merawat Kulit Kering dan Kasar di Wajah', 'kulit kering obat kulit kering tanda kulit kering kulit kering bersisik di wajah kulit muka kering kulit kasar bersisik kulit kering mengelupas cara mengatasi wajah kering dan bersisik', 'Tekstur kulit yang kasar bisa disebabkan karena adanya penumpukan sel kulit mati, yang menyumbat pori-pori dan menyebabkan kulit berkomedo, bruntusan, dan jerawat. Berikut penjelasan tentang perawatan kulit kering dan kasar di wajah.'),
(1230, 656, 'en', '', '', ''),
(1231, 657, 'id', 'Keistimewaan Nasi Briyani di Waytuki Vegetarian', 'waytuki waytuki vegetarian waytuki vegetarian menu waytuki vegetarian restaurant waytuki pasar baru vegan beras basmati nasi briyani terdekat nasi briyani online nasi briyani kambing nasi briyani dari mana', 'Beras basmati yang sering digunakan sebagai nasi briyani, memiliki berbagai manfaat kesehatan untuk tubuh. Seperti apa keistimewaan nasi briyani yang ada di Waytuki vegetarian? Baca artikelnya.'),
(1232, 657, 'en', '', '', ''),
(1233, 658, 'id', 'Merasakan Kelezatan Makanan di Bluezone Center', 'bluezone center bluezone center indonesia makanan vegetarian vegetarian food vegetarian benefits manfaat vegetarian vegetarian food jakarta vegetarian adalah vegetarian restaurants vegetarian food terdekat', 'Vegetarian adalah pola makan yang berfokus pada konsumsi makanan yang terbuat dari tumbuh-tumbuhan. Bluezone Center adalah salah satu restoran vegetarian yang ada di Jakarta. Apa menu andalannya? Ini ulasannya.'),
(1234, 658, 'en', '', '', ''),
(1239, 661, 'id', 'Cara Mengatasi Gangguan Saluran Pencernaan', 'saluran pencernaan proses pencernaan gangguan saluran pencernaan struktur saluran pencernaan sistem saluran pencernaan manusia dan fungsinya organ-organ penyusun sistem pencernaan', 'Salah satu masalah kesehatan yang bisa dialami seseorang adalah gangguan pencernaan. Berbagai penyebab gangguan pencernaan, yaitu kebiasaan makanan yang buruk. Berikut ini penjelasan tentang gangguan saluran pencernaan.'),
(1240, 661, 'en', '', '', ''),
(1245, 664, 'id', 'Pengobatan Keratosis Seboroik yang Tepat', 'keratosis keratosis di wajah menghilangkan keratosis keratosis adalah keratosis adalah keratosis telinga keratosis seboroik gatal keratosis seboroik klinik', 'Keratosis seboroik adalah pertumbuhan kulit non-kanker yang biasanya timbul pada orangtua. Berikut penjelasan tentang cara pengobatan keratosis seboroik yang tepat.'),
(1246, 664, 'en', '', '', ''),
(1247, 665, 'id', 'Aman Nggak Sih Membentuk Wajah dengan Filler?', 'filler, konsultasi dokter, filler hidung, filler bibir, filler kantung mata, filler wajah, suntik filler, bentuk wajah', 'Punya bentuk wajah dengan kulit kencang dan terlihat lebih muda adalah keinginan setiap orang. Untuk mewujudkannya, adalah dengan melakukan suntik filler.'),
(1248, 665, 'en', '', '', ''),
(1249, 666, 'id', 'Cara Mengatasi Masalah Pigmentasi Kulit Secara Ampuh', 'Kulit, pigmentasi kulit, pigmentasi wajah, pigmentasi kulit wajah, pigemntasi pada ibu hamil', 'Pigmentasi merupakan salah satu masalah kulit yang dihadapi wanita dan pria. Begini cara mengatasi sekaligus mencegah datangnya pigmentasi kulit.'),
(1250, 666, 'en', '', '', ''),
(1251, 667, 'id', 'Nyoba Makanan di Vegetus Vegetarian yang Bikin Nagih', 'vegetus vegetarian vegetus vegetarian menu vegetus veg vegetus vegetarian serpong tangerang banten vegetus restaurant vegetarian menu vegetus vegetarian pluit vegetus restoran vegetarian', 'Salah satu restoran yang menyajikan beraneka menu di vegetarian food, menyuguhkan hidangan andalannya yaitu babi panggang. Berikut wawancara Secan.id dengan owner Vegetus Vegetarian, Bravo Wita.'),
(1252, 667, 'en', '', '', ''),
(1253, 668, 'id', 'Babi Panggang tapi Vegetarian?', 'vegetus vegetarian vegetus vegetarian menu vegetus veg vegetus vegetarian serpong tangerang banten vegetus restaurant vegetarian menu vegetus vegetarian pluit vegetus restoran vegetarian', 'Salah satu restoran yang menyajikan beraneka menu di vegetarian food, menyuguhkan hidangan andalannya yaitu babi panggang. Berikut wawancara Secan.id dengan owner Vegetus Vegetarian, Bravo Wita.'),
(1254, 668, 'en', '', '', ''),
(1255, 669, 'id', 'Tips Diet Sehat untuk Anak Sekolah', 'diet sehat diet sehat menurunkan berat badan diet sehat adalah diet sehat untuk remaja diet sehat cepat diet sehat cepat turunkan berat badan', 'Anak usia sekolah yang kelebihan berat badan atau tergolong obesitas butuh menu diet untuk menjaga asupan makanan. Berikut uraian tentang diet sehat untuk anak sekolah.'),
(1256, 669, 'en', '', '', ''),
(1259, 671, 'id', 'Rasakan Keunggulan Hybrid Treatment di Dea Mirabelle', 'hybrid treatment perawatan hybrid dea mirabelle skin quality skin quality improvement face contouring adalah face contouring treatment face contouring injections', 'Salah satu perawatan kecantikan kulit yang memiliki keunggulan adalah hybrid treatment. Hybrid treatment merupakan paduan atau kombinasi dari beberapa treatment. Simak penjelasannya berikut ini.'),
(1260, 671, 'en', '', '', ''),
(1261, 672, 'id', 'Cara Menjaga Saluran Pencernaan', 'saluran pencernaan proses pencernaan gangguan saluran pencernaan struktur saluran pencernaan sistem saluran pencernaan manusia dan fungsinya organ-organ penyusun sistem pencernaan', 'Salah satu masalah kesehatan yang bisa dialami seseorang adalah gangguan pencernaan. Berbagai penyebab gangguan pencernaan, yaitu kebiasaan makanan yang buruk. Berikut ini penjelasan tentang gangguan saluran pencernaan.'),
(1262, 672, 'en', '', '', ''),
(1263, 673, 'id', 'Penyebab Jumlah Obesitas Meningkat pada Masa Pandemi', 'obesitas bahaya obesitas obesitas di indonesia obesitas anak faktor penyebab obesitas obesitas pada anak obesitas pada remaja obesitas disebabkan oleh', 'Pada masa pandemi, banyak orang berdiam diri di rumah dan terjadi peningkatan konsumsi makanan, menjadi faktor risiko terjadinya obesitas dan kelebihan berat badan. Berikut penjelasannya.'),
(1264, 673, 'en', '', '', ''),
(1267, 675, 'id', 'Urutan Pakai Skincare yang Benar pada Pagi dan Malam', 'pemakaian skincare yang benar pemakaian skincare malam pemakaian skincare malam yang benar urutan pemakaian skincare malam urutan pemakaian skincare pagi', 'Penggunaan jenis skincare yang sesuai dan tepat akan membuat kulit wajah menjadi tambah berkilau dan cerah. Baca artikel ini tentang urutan pakai skincare yang benar pada pagi dan malam hari.'),
(1268, 675, 'en', '', '', ''),
(1269, 676, 'id', 'Cara Mengatasi Kulit Kering dan Kasar', 'kulit kering obat kulit kering tanda kulit kering kulit kering bersisik di wajah kulit muka kering kulit kasar bersisik kulit kering mengelupas cara mengatasi wajah kering dan bersisik', 'Tekstur kulit yang kasar bisa disebabkan karena adanya penumpukan sel kulit mati, yang menyumbat pori-pori dan menyebabkan kulit berkomedo, bruntusan, dan jerawat. Berikut penjelasan tentang perawatan kulit kering dan kasar di wajah.'),
(1270, 676, 'en', '', '', ''),
(1271, 677, 'id', 'Cara Mengatasi Keratosis Seboroik', 'keratosis keratosis di wajah menghilangkan keratosis keratosis adalah keratosis adalah keratosis telinga keratosis seboroik gatal keratosis seboroik klinik', 'Keratosis seboroik adalah pertumbuhan kulit non-kanker yang biasanya timbul pada orangtua. Berikut penjelasan tentang cara pengobatan keratosis seboroik yang tepat.'),
(1272, 677, 'en', '', '', ''),
(1277, 680, 'id', 'Terungkap! Ternyata PRP DNA Salmon Bikin Awet Muda', 'dna salmon prp dna salmon untuk wajah dna salmon untuk flek dna salmon ms glow manfaat salmon dna manfaat salmon dna untuk wajah dna salmon adalah salmon dna before after', 'Penuaan kulit adalah proses kondisi kulit yang berubah seiring bertambahnya usia dengan ciri-ciri kulit terlihat kendur, berkerut, menipis, atau flek hitam. Ini penjelasan tentang PRP DNA salmon.'),
(1278, 680, 'en', '', '', ''),
(1281, 682, 'id', 'Cara Cantik dengan Treatment Hybrid', 'hybrid treatment perawatan hybrid dea mirabelle skin quality skin quality improvement face contouring adalah face contouring treatment face contouring injections', 'Salah satu perawatan kecantikan kulit yang memiliki keunggulan adalah hybrid treatment. Hybrid treatment merupakan paduan atau kombinasi dari beberapa treatment. Simak penjelasannya berikut ini.'),
(1282, 682, 'en', '', '', ''),
(1285, 684, 'id', 'Cara Mengobati Diabetes Melitus Tipe 2', 'diabetes, diabetes melitus, diabetes adalah, diabetes tipe 1, diabetes tipe 2, diabetes melitus adalah', 'Melakukan pengobatan dan menerapkan gaya hidup sehat perlu dilakukan bagi penderita diabetes mellitus tipe 2. Baca artikel di sini tentang cara mengobati doabetes melitus tipe 2.'),
(1286, 684, 'en', '', '', ''),
(1287, 685, 'id', 'Tips Diet Sehat untuk Anak Sekolah', 'diet sehat diet sehat menurunkan berat badan diet sehat adalah diet sehat untuk remaja diet sehat cepat diet sehat cepat turunkan berat badan', 'Anak usia sekolah yang kelebihan berat badan atau tergolong obesitas butuh menu diet untuk menjaga asupan makanan. Berikut uraian tentang diet sehat untuk anak sekolah.'),
(1288, 685, 'en', '', '', ''),
(1289, 686, 'id', 'Begini Urutan Skincare yang Benar pada Pagi dan Malam', 'pemakaian skincare yang benar pemakaian skincare malam pemakaian skincare malam yang benar urutan pemakaian skincare malam urutan pemakaian skincare pagi', 'Penggunaan jenis skincare yang sesuai dan tepat akan membuat kulit wajah menjadi tambah berkilau dan cerah. Baca artikel ini tentang pemakaian skincare yang benar pada pagi dan malam hari.'),
(1290, 686, 'en', '', '', '');
INSERT INTO `seo_trans` (`id`, `seo_id`, `locale`, `meta_title`, `meta_keyword`, `meta_description`) VALUES
(1293, 688, 'id', 'Memahami Jenis-jenis Filler dan Kegunaannya', 'filler suntik filler filler hidung filler bibir filler kantung mata filler wajah suntik filler bentuk wajah', 'Banyak manfaat yang bisa diperoleh dari suntik filler. Tapi, sebelum melakukan perawatan suntik filler, pahami dahulu mengenai jenis-jenis filler dan kegunaannya. Berikut penjelasannya.'),
(1294, 688, 'en', '', '', ''),
(1295, 689, 'id', 'Rahasia Awet Muda dengan PRP DNA Salmon', 'dna salmon prp dna salmon untuk wajah dna salmon untuk flek dna salmon ms glow manfaat salmon dna manfaat salmon dna untuk wajah dna salmon adalah salmon dna before after', 'Penuaan kulit adalah proses kondisi kulit yang berubah seiring bertambahnya usia dengan ciri-ciri kulit terlihat kendur, berkerut, menipis, atau flek hitam. Ini penjelasan tentang PRP DNA salmon.'),
(1296, 689, 'en', '', '', ''),
(1305, 694, 'id', 'Tips Mengatasi Jerawat Membandel', 'jerawat jerawat membandel jerawat membandel di dagu jerawat membandel di dahi jerawat membandel di pipi jerawat membandel apa obatnya obat jerawat membandel mengatasi jerawat membandel atasi jerawat membandel', 'Jerawat merupakan masalah kulit yang muncul saat pori-pori kulit tersumbat oleh minyak, kotoran, sel kulit mati, dan bakteri. Berikut cara mengatasi jerawat membandel.'),
(1306, 694, 'en', '', '', ''),
(1307, 695, 'id', 'Manfaat Bermain Skatebord untuk Kesehatan', 'skateboarding artinya teknik bermain skateboard bermain skateboard kelebihan bermain skateboard trik bermain skateboard cara bermain skateboard manfaat bermain skateboard bermain skateboard di jakarta', 'Skateboarding merupakan olahraga yang tidak hanya memacu adrenalin, tapi juga memiliki banyak manfaat untuk tubuh dan kesehatan. Berikut dijelaskan tentang manfaat bermain skateboard.'),
(1308, 695, 'en', '', '', ''),
(1309, 696, 'id', 'Manfaat Skateboarding untuk Kesehatan', 'skateboarding artinya teknik bermain skateboard bermain skateboard kelebihan bermain skateboard trik bermain skateboard cara bermain skateboard manfaat bermain skateboard bermain skateboard di jakarta', 'Skateboarding merupakan olahraga yang tidak hanya memacu adrenalin, tapi juga memiliki banyak manfaat untuk tubuh dan kesehatan. Berikut dijelaskan tentang manfaat bermain skateboard.'),
(1310, 696, 'en', '', '', ''),
(1315, 699, 'id', 'Pound Fit, Bikin Tubuh Sehat dan Gembira', 'pound fit pound fit artinya pound fit di jakarta pound fit stick pound fit terdekat stick pound fit manfaat pound fit', 'Pound fit merupakan olahraga yang memadukan gerakan bermain drum dengan gerakan lain, sehingga otot tubuh bergerak dan membakar kalori. Berikut ini manfaat dari olahraga pound fit.'),
(1316, 699, 'en', '', '', ''),
(1321, 702, 'id', 'Cara Mengobati Diabetes Melitus Tipe 2', 'diabetes, diabetes melitus, diabetes adalah, diabetes tipe 1, diabetes tipe 2, diabetes melitus adalah', 'Melakukan pengobatan dan menerapkan gaya hidup sehat perlu dilakukan bagi penderita diabetes mellitus tipe 2. Baca artikel di sini tentang cara mengobati doabetes melitus tipe 2.'),
(1322, 702, 'en', '', '', ''),
(1325, 704, 'id', 'Emang Bener Parkour Baik untuk Kesehatan Tubuh?', 'parkour parkour indonesia parkour jakarta parkour sport parkour training parkour videos parkour the office', 'Parkour merupakan kegiatan fisik yang dilakukan dengan bergerak secara efektif melalui kemampuan motorik tubuh pada berbagai jenis lingkungan. Baca artikel ini lebih lanjut.'),
(1326, 704, 'en', '', '', ''),
(1327, 705, 'id', 'Mengapa Asupan Gizi Penting bagi Penderita Kanker?', 'kanker nutrisi nutrisi kanker nutrisi kanker anak nutrisi kanker ovarium nutrisi sel kanker nutrisi kanker otak nutrisi untuk penderita kanker prostat', 'Ketika seseorang tidak bisa memperoleh nutrisi dengan baik dan terjadinya perubahan metabolisme yang disebabkan sel kanker, akan menimbulkan kaheksia. Untuk mengetahui lebih lanjut, baca artikelnya.'),
(1328, 705, 'en', '', '', ''),
(1333, 708, 'id', 'Membongkar Rahasia Awet Muda dengan Skin Booster', 'skin booster adalah skin booster dna salmon skin booster injection skin booster treatment skin booster untuk apa skin booster untuk jerawat skin booster terbaik skin booster itu apa nym aesthetic klinik kecantikan di medan', 'Dengan bertambahnya usia, secara otomatis kulit juga akan kehilangan kelenturannya. Akibatnya, timbul garis-garis halus dan kerutan di permukaan kulit. Berikut ini penjelasan mengenai skin booster injection untuk mengatasi kerutan kulit.'),
(1334, 708, 'en', '', '', ''),
(1335, 709, 'id', 'Kombinasi Botox-Filler Bisa Kencangkan Kulit Wajah?', 'botox botox before after botox injection botox adalah botox wajah botox rahang filler filler hidung filler bibir filler dagu filler injection filler kantung mata filler adalah awet muda', 'Ada beberapa cara yang bisa dilakukan untuk mengatasi kulit wajah yang kendur dan terlihat awet muda, yaitu dengan melakukan kombinasi perawatan botox dan filler. Baca selanjutnya.'),
(1336, 709, 'en', '', '', ''),
(1337, 710, 'id', 'Manfaat Parkour untuk Kesehatan Tubuh', 'parkour parkour indonesia parkour jakarta parkour sport parkour training parkour videos parkour the office', 'Parkour merupakan kegiatan fisik yang dilakukan dengan bergerak secara efektif melalui kemampuan motorik tubuh pada berbagai jenis lingkungan. Baca artikel ini lebih lanjut.'),
(1338, 710, 'en', '', '', ''),
(1341, 712, 'id', 'Manfaat Pound Fit untuk Kesehatan Tubuh', 'pound fit pound fit artinya pound fit di jakarta pound fit stick pound fit terdekat stick pound fit manfaat pound fit', 'Pound fit merupakan olahraga yang memadukan gerakan bermain drum dengan gerakan lain, sehingga otot tubuh bergerak dan membakar kalori. Berikut ini manfaat dari olahraga pound fit.'),
(1342, 712, 'en', '', '', ''),
(1349, 716, 'id', 'Menu Andalan Buka Puasa di Tehe Veggie Bistro', 'tehe veggie bistro menu buka puasa vegetarian vegetarian food terdekat vegetarian food di tangerang vegetarian food near me bulan puasa menu buka puasa', 'Berbagai manfaat yang bisa diperoleh dengan menikmati hidangan vegan ketika berbuka puasa atau sahur. Berikut ini adalah menu andalan buka puasa di tehe veggie bistro.'),
(1350, 716, 'en', '', '', ''),
(1355, 719, 'id', 'Peran Dokter Gigi dan Pemahaman Ortodontik', 'ortodonti ortodonti adalah ortodonti terdekat ortodonti lepasan ortodonti cekat ortodonti artinya ortodonti itu apa ortodonti di medan the clinic beautylosophy', 'Keberadaan dokter gigi dan ortodontis terkadang membingungkan bagi beberapa orang. Berikut ini penjelasan lebih jauh mengenai perbedaan ortodonti dengan dokter gigi.'),
(1356, 719, 'en', '', '', ''),
(1357, 720, 'id', 'Jenis Filler dan Kegunaannya', 'filler suntik filler filler hidung filler bibir filler kantung mata filler wajah suntik filler bentuk wajah', 'Banyak manfaat yang bisa diperoleh dari suntik filler. Tapi, sebelum melakukan perawatan suntik filler, pahami dahulu mengenai jenis-jenis filler dan kegunaannya. Berikut penjelasannya.'),
(1358, 720, 'en', '', '', ''),
(1361, 722, 'id', 'Makanan Sehat Saat Lebaran yang Perlu Kamu Tahu', 'lebaran lebaran 2022 menu lebaran sederhana menu lebaran tanpa santan menu lebaran berkuah menu lebaran idul fitri menu lebaran simple menu lebaran unik', 'Pada Hari Raya Idul Fitri, terutama di Tanah Air, selalu identik dengan menu tradisional yang kaya rempah dan bumbu. Sajian tersebut misalnya, opor ayam, rendang, sayur ketupat, hingga sambal goreng ati. Berikut penjelasan makanan sehat saat Lebaran.'),
(1362, 722, 'en', '', '', ''),
(1363, 723, 'id', 'Cara Mudah Mengatasi Jerawat Membandel', 'jerawat jerawat membandel jerawat membandel di dagu jerawat membandel di dahi jerawat membandel di pipi jerawat membandel apa obatnya obat jerawat membandel mengatasi jerawat membandel atasi jerawat membandel', ': Jerawat merupakan masalah kulit yang muncul saat pori-pori kulit tersumbat oleh minyak, kotoran, sel kulit mati, dan bakteri. Berikut cara mengatasi jerawat membandel.'),
(1364, 723, 'en', '', '', ''),
(1367, 725, 'id', 'Chemical Peeling, Membuat Kulit Lebih Cerah dan Kencang', 'chemical peeling peeling wajah chemical peeling adalah chemical peeling treatment chemical peeling terbaik chemical peeling yang bagus chemical peeling badan chemical peeling di medan chemical peeling acne chemical peeling before and after', 'Chemical peeling atau peeling wajah adalah salah satu metode kecantikan yang cukup diminati banyak orang. DI dalam artikel ini dijelaskan tentang keunggulan chemical peeling.'),
(1368, 725, 'en', '', '', ''),
(1369, 726, 'id', 'Alasan Memeriksa Kesehatan Setelah Lebaran', 'lebaran makanan saat lebaran idul fitri kesehatan setelah lebaran pemeriksaan kesehatan setelah lebaran masalah kesehatan setelah lebaran', 'Berbagai gangguan kesehatan bisa terjadi setelah Lebaran, karena pola makan dan pola tidur yang tidak teratur. Mengonsumsi makanan bersantan dan makanan gorengan juga bisa menyebabkan timbulnya penyakit. Untuk itu perlu memeriksa kesehatan setelah Lebaran.'),
(1370, 726, 'en', '', '', ''),
(1371, 727, 'id', 'Cara Tepat Menurunkan Berat Badan dengan Cepat', 'body slimming pelangsingan berat badan berat badan ideal penurunan berat badan kelebihan berat badan overweight obesitas', 'Ada banyak cara dalam program penurunan berat  badan. Salah satunya adalah di KliniixSlimm di Medan, Sumatera Utara. Di klinik milik dr. Imelda Tjoe itu menyediakan program pelangsingan. Berikut ulasannya.'),
(1372, 727, 'en', '', '', ''),
(1373, 728, 'id', 'Jenis Treatment untuk Kencangkan Kulit Wajah', 'botox botox before after botox injection botox adalah botox wajah botox rahang filler filler hidung filler bibir filler dagu filler injection filler kantung mata filler adalah awet muda', 'Ada beberapa cara yang bisa dilakukan untuk mengatasi kulit wajah yang kendur dan terlihat awet muda, yaitu dengan melakukan kombinasi perawatan botox dan filler. Baca selanjutnya.'),
(1374, 728, 'en', '', '', ''),
(1377, 730, 'id', 'Manfaat dan Efek Samping Obat Tidur Melatonin', 'melatonin for kids melatonin side effects melatonin reviews melatonin adalah obat melatonin tablet adalah fungsi melatonin adalah melatonin tidur adalah', 'Sering susah tidur saat malam tiba? Jika kamu mengatasi gangguan tidur ini dengan mengonsumsi obat tidur seperti melatonin, maka perlu mengetahui manfaat dan risiko minum obat tidur melatonin.'),
(1378, 730, 'en', '', '', ''),
(1379, 731, 'id', 'Alasan Perawatan Kulit ke Klinik Kecantikan', 'dokter estetika, klinik kecantikan, kulit cantik dan sehat, tips kulit cantik, dokter kecantikan wajah, dokter kecantikan terbaik, dokter estetika terbaik', 'Untuk mewujudkan kulit yang ideal harus melakukan perawatan kulit di klinik kecantikan yang ditangani dokter estetika. Lihat referensi klinik di sini.'),
(1380, 731, 'en', '', '', ''),
(1383, 733, 'id', 'Secan Indonesia Community: Edukasi Kecantikan-Kesehatan', 'secan indonesia secan indonesia community komunitas kecantikan info kecantikan komunitas kecantikan di jakarta komunitas kecantikan indonesia', 'Setiap perempuan tentunya ingin selalu terlihat cantik. Salah satu aset yang paling berharga bagi kaum hawa adalah wajah. Secan Indonesia Community berperan dalam mengedukasi mengenai kecantikan dan kesehatan. Berikut infonya.'),
(1384, 733, 'en', '', '', ''),
(1387, 735, 'id', 'Efek Minum Kopi Setelah Minum Obat', 'kopi minum kopi setelah minum obat minum kopi setelah minum obat berapa jam efek samping minum kopi setelah minum obat efek setelah minum obat terus minum kopi efek setelah minum obat langsung minum kopi', 'Jangan minum kopi setelah minum obat ataupun minum obat setelah minum kopi. Karena sejumlah jenis obat-obatan tertentu bisa berinteraksi dengan zat kafein dalam kopi. Berikut penjelasan tentang efek minum kopi setelah minum obat.'),
(1388, 735, 'en', '', '', ''),
(1389, 736, 'id', 'Cara Make Up Ala Korea Biar Terlihat Natural', 'make up ala korea make up ala korea pemula make up ala korea natural make up ala korea make up ala korea simple make up ala korea untuk kondangan make up ala korea remaja', 'Cara agar wajah terlihat lebih segar dan natural adalah dengan menerapkan make up ala Korea. Berikut ini dijelaskan cara make up ala Korea yang perlu kamu coba.'),
(1390, 736, 'en', '', '', ''),
(1391, 737, 'id', 'Rahasia Kulit Terlihat Awet Muda', 'skin booster adalah skin booster dna salmon skin booster injection skin booster treatment skin booster untuk apa skin booster untuk jerawat skin booster terbaik skin booster itu apa nym aesthetic klinik kecantikan di medan', 'Dengan bertambahnya usia, secara otomatis kulit juga akan kehilangan kelenturannya. Akibatnya, timbul garis-garis halus dan kerutan di permukaan kulit. Berikut ini penjelasan mengenai skin booster injection untuk mengatasi kerutan kulit.'),
(1392, 737, 'en', '', '', ''),
(1393, 738, 'id', 'a', 'a', 'a'),
(1394, 738, 'en', '', '', '');

-- --------------------------------------------------------

--
-- Table structure for table `subscribe`
--

CREATE TABLE `subscribe` (
  `id` int(11) NOT NULL,
  `fullname` varchar(55) NOT NULL,
  `email` varchar(55) NOT NULL,
  `created_at` timestamp NULL DEFAULT NULL,
  `updated_at` timestamp NULL DEFAULT NULL
) ENGINE=InnoDB DEFAULT CHARSET=utf8;

--
-- Dumping data for table `subscribe`
--

INSERT INTO `subscribe` (`id`, `fullname`, `email`, `created_at`, `updated_at`) VALUES
(1, 'kiki', 'kiki@mail.com', '2021-01-04 21:34:18', '2021-01-04 21:34:18'),
(2, 'Dr, Fikri Aditia S.Pog', 'fikriaditia.aditia9@gmail.com', '2021-02-08 01:46:30', '2021-02-08 01:46:30'),
(3, 'fikri', 'azminadia2017@gmail.com', '2021-02-08 01:46:40', '2021-02-08 01:46:40'),
(4, 'sakiah', 'sakiahrohmani19@gmail.com', '2021-02-08 01:46:48', '2021-02-08 01:46:48'),
(5, 'sakiah', 'sakiahrohmani19@gmail.com', '2021-02-08 01:46:48', '2021-02-08 01:46:48'),
(6, 'pandu ajah', 'pandusuryat72@gmail.com', '2021-02-08 19:03:02', '2021-02-08 19:03:02'),
(7, 'fikri', 'fikriaditia.aditia9@gmail.com', '2021-02-09 01:33:34', '2021-02-09 01:33:34'),
(8, '<script>alert(‘XSS’)</script>', 'lisemi5896@simdpi.com', '2021-12-03 01:28:40', '2021-12-03 01:28:40'),
(9, 'Shella Delfiana', 'delfianashella79@gmail.com', '2022-05-05 21:55:45', '2022-05-05 21:55:45'),
(10, 'Dave Cendra Wirawan', 'davecendrawirawan@gmail.com', '2022-05-14 08:24:45', '2022-05-14 08:24:45');

-- --------------------------------------------------------

--
-- Table structure for table `tag`
--

CREATE TABLE `tag` (
  `id` int(11) NOT NULL,
  `slug` varchar(255) NOT NULL,
  `created_at` timestamp NULL DEFAULT NULL
) ENGINE=InnoDB DEFAULT CHARSET=utf8;

--
-- Dumping data for table `tag`
--

INSERT INTO `tag` (`id`, `slug`, `created_at`) VALUES
(14, 'kecantikan', '2021-02-08 03:19:19'),
(15, 'kesehatan', '2021-02-08 03:19:27'),
(16, 'indra-penciuman', '2021-02-08 03:19:37'),
(17, 'kulit', '2021-02-08 03:32:25'),
(18, 'skincare', '2021-02-08 03:33:55'),
(19, 'perawatan-kulit', '2021-02-08 03:34:12'),
(20, 'anosmia', '2021-02-08 07:20:26'),
(21, 'indra-penciuman-hilang', '2021-02-08 07:20:46'),
(22, 'konsultasi', '2021-02-08 19:37:38'),
(23, 'konsultasi-dokter', '2021-02-08 19:37:47'),
(24, 'sakit', '2021-02-08 19:48:37'),
(25, 'imunitas', '2021-02-08 19:48:57'),
(26, 'daya-tahan-tubuh', '2021-02-08 19:49:11'),
(27, 'korea', '2021-02-09 20:42:49'),
(28, 'penyakit', '2021-02-10 02:35:47'),
(29, 'jerawat', '2021-02-11 23:19:27'),
(30, 'berat-badan', '2021-02-11 23:36:09'),
(31, 'obesitas', '2021-02-11 23:36:46'),
(32, 'diet', '2021-02-11 23:36:58'),
(33, 'kurus', '2021-02-12 20:43:39'),
(34, 'komedo', '2021-02-14 20:19:40'),
(35, 'pori-pori', '2021-02-14 20:19:53'),
(36, 'lelah', '2021-02-15 03:45:53'),
(37, 'tubuh', '2021-02-15 03:46:22'),
(38, 'protein', '2021-02-15 03:46:30'),
(39, 'moisturizer', '2021-02-15 20:21:16'),
(40, 'pelembab', '2021-02-15 22:41:33'),
(41, 'stres', '2021-02-16 20:38:15'),
(42, 'pipi', '2021-02-17 03:02:15'),
(43, 'hp', '2021-02-18 17:13:24'),
(44, 'dampak-hp', '2021-02-18 17:13:32'),
(45, 'media-sosial', '2021-02-18 17:13:59'),
(46, 'kanker-otak', '2021-02-18 17:14:11'),
(47, 'sunscreen', '2021-02-19 06:04:09'),
(48, 'kulit-gelap', '2021-02-21 19:29:49'),
(49, 'olahraga', '2021-02-22 03:50:13'),
(50, 'anti-aging', '2021-02-22 20:35:08'),
(51, 'masker', '2021-02-24 06:02:18'),
(52, 'eksfoliasi', '2021-02-24 06:02:25'),
(53, 'hipotermia', '2021-02-26 06:13:25'),
(54, 'suhu-tubuh', '2021-02-26 06:14:04'),
(55, 'facial-wash', '2021-02-26 09:32:07'),
(56, 'body-shaming', '2021-03-01 01:14:33'),
(57, 'skin-booster', '2021-03-01 09:08:40'),
(58, 'eye-cream', '2021-03-04 09:09:01'),
(59, 'filler', '2021-03-08 23:12:34'),
(60, 'suntik-filler', '2021-03-08 23:12:44'),
(61, 'bentuk-wajah', '2021-03-08 23:13:32'),
(62, 'cantik', '2021-03-08 23:14:29'),
(63, 'maskulin', '2021-03-08 23:14:37'),
(64, 'glowing', '2021-03-17 03:32:29'),
(65, 'maskne', '2021-03-22 05:02:29'),
(66, 'pigmentasi', '2021-03-23 01:49:14'),
(67, 'alergi', '2021-03-23 18:41:44'),
(68, 'keringat', '2021-03-26 00:05:26'),
(69, 'gemuk', '2021-03-30 03:05:43'),
(70, 'badan', '2021-03-30 03:06:17'),
(71, 'kosmetik', '2021-03-30 19:42:05'),
(72, 'derma-glow', '2021-04-05 21:36:52'),
(73, 'derma-glow-treatment', '2021-04-05 21:37:25'),
(74, 'kulit-wajah', '2021-04-05 21:40:19'),
(75, 'menolak-tua', '2021-04-05 23:03:44'),
(76, 'ramadan', '2021-04-14 01:08:15'),
(77, 'bopeng', '2021-04-14 01:09:16'),
(78, 'puasa', '2021-04-14 01:09:48'),
(79, 'makanan-sehat', '2021-04-14 01:11:18'),
(80, 'menu-puasa', '2021-04-14 01:12:15'),
(81, 'stamina', '2021-04-20 20:32:25'),
(82, 'kanker-payudara', '2021-04-23 00:32:14'),
(83, 'lemak', '2021-04-23 02:53:39'),
(84, 'rambut', '2021-04-23 02:55:25'),
(85, 'maag', '2021-04-25 21:22:59'),
(86, 'asam-lambung', '2021-04-25 21:23:11'),
(87, 'senam', '2021-04-27 06:23:57'),
(88, 'keracunan', '2021-04-29 01:49:00'),
(89, 'kedaluwarsa', '2021-04-29 01:49:21'),
(90, 'skin-lightening', '2021-05-04 01:41:30'),
(91, 'suplemen', '2021-05-05 04:47:25'),
(92, 'acne-vulgaris', '2021-05-10 01:44:20'),
(93, 'melasma', '2021-05-17 02:52:25'),
(94, 'pandemi', '2021-05-19 20:49:39'),
(95, 'organ-pernapasan', '2021-05-24 20:01:37'),
(96, 'sabun', '2021-05-25 02:16:46'),
(97, 'hipertensi', '2021-05-27 04:12:56'),
(98, 'ginjal', '2021-05-28 02:28:19'),
(99, 'diabetes', '2021-06-07 03:01:26'),
(100, 'bruntusan', '2021-06-09 23:38:05'),
(101, 'bersepeda', '2021-06-10 03:04:08'),
(102, 'makeup', '2021-06-11 00:39:58'),
(103, 'tidur', '2021-06-16 02:48:42'),
(104, 'flek-hitam', '2021-08-11 23:38:48'),
(105, 'gluthatione', '2021-08-11 23:54:41'),
(106, 'bercak-putih', '2021-08-24 22:37:15'),
(107, 'golongan-darah', '2021-08-30 04:18:47'),
(108, 'penyakit-jantung', '2021-08-30 04:18:58'),
(109, 'kulit-berminyak', '2021-08-30 05:23:35'),
(110, 'penyakit-kronis', '2021-08-30 05:23:45'),
(111, 'stroke', '2021-09-01 21:08:08'),
(112, 'cacar-air', '2021-09-03 02:53:09'),
(113, 'kopi', '2021-09-16 21:42:22'),
(114, 'insomnia', '2021-09-16 21:45:29'),
(115, 'mendengkur', '2021-09-20 02:56:25'),
(116, 'milia', '2021-09-21 23:28:02'),
(117, 'perawatan-bibir', '2021-09-28 00:07:13'),
(118, 'bibir-merah', '2021-09-28 00:07:48'),
(119, 'gagal-ginjal-kronis', '2021-09-28 02:10:38'),
(120, 'sulam-alis', '2021-09-30 02:18:42'),
(121, 'perawatan-wajah', '2021-09-30 02:25:29'),
(122, 'depresi', '2021-09-30 02:41:07'),
(123, 'kulit-kusam', '2021-10-03 23:47:32'),
(124, 'renang', '2021-10-14 00:58:32'),
(125, 'bekas-jerawat', '2021-11-09 01:44:55'),
(126, 'dermaroller', '2021-11-09 01:45:05'),
(127, 'awet-muda', '2021-11-09 01:47:37'),
(128, 'laser', '2021-11-15 21:26:09'),
(129, 'kesehatan-mental', '2021-11-21 20:47:24'),
(130, 'body-whitening', '2021-11-22 03:23:32'),
(131, 'minuman-manis', '2021-11-30 01:55:39'),
(132, 'tech-neck', '2021-11-30 02:02:27'),
(133, 'double-chin', '2021-11-30 02:03:30'),
(134, 'kerutan', '2021-11-30 02:04:35'),
(135, 'dna-salmon', '2021-12-03 03:33:39'),
(136, 'stem-cell', '2021-12-07 02:52:49'),
(137, 'tanam-benang', '2021-12-12 22:19:46'),
(138, 'game-online', '2021-12-15 04:55:06'),
(139, 'mesotherapy', '2021-12-19 23:57:08'),
(140, 'vegetarian-food', '2021-12-28 02:29:24'),
(141, 'panu', '2022-01-06 03:25:53'),
(142, 'healthy-food', '2022-01-27 23:04:17'),
(143, 'kulit-kering', '2022-01-28 00:57:09'),
(144, 'saluran-pencernaan', '2022-02-02 21:05:17'),
(145, 'keratosis-seboroik', '2022-02-03 00:35:56'),
(146, 'hybrid-treatment', '2022-02-14 21:58:20'),
(147, 'skateboard', '2022-02-24 01:37:44'),
(148, 'parkour', '2022-04-06 22:29:37'),
(149, 'pound-fit', '2022-04-12 00:21:14'),
(150, 'nutrisi', '2022-04-19 00:10:32'),
(151, 'behel', '2022-04-27 00:34:21'),
(152, 'ortodonti', '2022-04-27 00:34:34'),
(153, 'mulut', '2022-04-27 00:38:29'),
(154, 'lebaran', '2022-04-27 20:15:06'),
(155, 'menu-lebaran', '2022-04-27 20:15:18'),
(156, 'chemical-peeling', '2022-04-28 22:38:25'),
(157, 'body-slimming', '2022-05-10 01:46:56'),
(158, 'melatonin', '2022-05-12 03:19:27'),
(159, 'obat-tidur', '2022-05-12 03:20:20'),
(160, 'dokter-kecantikan', '2022-05-13 02:01:17'),
(161, 'efek-kopi', '2022-05-17 02:23:36');

-- --------------------------------------------------------

--
-- Table structure for table `tag_related`
--

CREATE TABLE `tag_related` (
  `id` int(11) NOT NULL,
  `key_id` int(11) NOT NULL,
  `key_type` varchar(30) NOT NULL,
  `tag_id` int(11) NOT NULL,
  `created_at` timestamp NULL DEFAULT NULL
) ENGINE=InnoDB DEFAULT CHARSET=utf8;

--
-- Dumping data for table `tag_related`
--

INSERT INTO `tag_related` (`id`, `key_id`, `key_type`, `tag_id`, `created_at`) VALUES
(22, 11, 'App\\Models\\News', 15, NULL),
(23, 11, 'App\\Models\\News', 16, NULL),
(24, 11, 'App\\Models\\News', 20, NULL),
(25, 11, 'App\\Models\\News', 21, NULL),
(26, 12, 'App\\Models\\News', 14, NULL),
(27, 12, 'App\\Models\\News', 17, NULL),
(28, 12, 'App\\Models\\News', 19, NULL),
(29, 12, 'App\\Models\\News', 18, NULL),
(35, 14, 'App\\Models\\News', 15, NULL),
(36, 14, 'App\\Models\\News', 24, NULL),
(37, 14, 'App\\Models\\News', 25, NULL),
(38, 14, 'App\\Models\\News', 26, NULL),
(39, 15, 'App\\Models\\News', 14, NULL),
(40, 15, 'App\\Models\\News', 17, NULL),
(41, 15, 'App\\Models\\News', 19, NULL),
(42, 15, 'App\\Models\\News', 27, NULL),
(43, 16, 'App\\Models\\News', 15, NULL),
(44, 16, 'App\\Models\\News', 28, NULL),
(45, 16, 'App\\Models\\News', 22, NULL),
(46, 16, 'App\\Models\\News', 23, NULL),
(47, 17, 'App\\Models\\News', 14, NULL),
(48, 17, 'App\\Models\\News', 29, NULL),
(49, 17, 'App\\Models\\News', 17, NULL),
(50, 17, 'App\\Models\\News', 19, NULL),
(51, 18, 'App\\Models\\News', 15, NULL),
(52, 18, 'App\\Models\\News', 30, NULL),
(53, 18, 'App\\Models\\News', 31, NULL),
(54, 18, 'App\\Models\\News', 32, NULL),
(55, 19, 'App\\Models\\News', 14, NULL),
(56, 19, 'App\\Models\\News', 18, NULL),
(57, 19, 'App\\Models\\News', 17, NULL),
(58, 19, 'App\\Models\\News', 19, NULL),
(59, 19, 'App\\Models\\News', 23, NULL),
(60, 20, 'App\\Models\\News', 15, NULL),
(61, 20, 'App\\Models\\News', 33, NULL),
(62, 20, 'App\\Models\\News', 30, NULL),
(63, 20, 'App\\Models\\News', 23, NULL),
(64, 21, 'App\\Models\\News', 14, NULL),
(65, 21, 'App\\Models\\News', 34, NULL),
(66, 21, 'App\\Models\\News', 35, NULL),
(67, 21, 'App\\Models\\News', 17, NULL),
(68, 21, 'App\\Models\\News', 19, NULL),
(69, 22, 'App\\Models\\News', 15, NULL),
(70, 22, 'App\\Models\\News', 36, NULL),
(71, 22, 'App\\Models\\News', 37, NULL),
(72, 22, 'App\\Models\\News', 38, NULL),
(73, 23, 'App\\Models\\News', 14, NULL),
(74, 23, 'App\\Models\\News', 17, NULL),
(75, 23, 'App\\Models\\News', 39, NULL),
(76, 23, 'App\\Models\\News', 40, NULL),
(77, 23, 'App\\Models\\News', 19, NULL),
(78, 24, 'App\\Models\\News', 15, NULL),
(79, 24, 'App\\Models\\News', 41, NULL),
(80, 24, 'App\\Models\\News', 25, NULL),
(81, 24, 'App\\Models\\News', 26, NULL),
(82, 25, 'App\\Models\\News', 14, NULL),
(83, 25, 'App\\Models\\News', 30, NULL),
(84, 25, 'App\\Models\\News', 31, NULL),
(85, 25, 'App\\Models\\News', 42, NULL),
(86, 26, 'App\\Models\\News', 15, NULL),
(87, 26, 'App\\Models\\News', 43, NULL),
(88, 26, 'App\\Models\\News', 44, NULL),
(89, 26, 'App\\Models\\News', 45, NULL),
(90, 26, 'App\\Models\\News', 46, NULL),
(91, 27, 'App\\Models\\News', 14, NULL),
(92, 27, 'App\\Models\\News', 17, NULL),
(93, 27, 'App\\Models\\News', 47, NULL),
(94, 27, 'App\\Models\\News', 19, NULL),
(95, 28, 'App\\Models\\News', 14, NULL),
(96, 28, 'App\\Models\\News', 17, NULL),
(97, 28, 'App\\Models\\News', 48, NULL),
(98, 28, 'App\\Models\\News', 19, NULL),
(99, 29, 'App\\Models\\News', 15, NULL),
(100, 29, 'App\\Models\\News', 49, NULL),
(101, 29, 'App\\Models\\News', 28, NULL),
(102, 29, 'App\\Models\\News', 25, NULL),
(103, 29, 'App\\Models\\News', 26, NULL),
(104, 30, 'App\\Models\\News', 14, NULL),
(105, 30, 'App\\Models\\News', 17, NULL),
(106, 30, 'App\\Models\\News', 19, NULL),
(107, 30, 'App\\Models\\News', 50, NULL),
(108, 30, 'App\\Models\\News', 47, NULL),
(109, 31, 'App\\Models\\News', 15, NULL),
(110, 31, 'App\\Models\\News', 26, NULL),
(111, 31, 'App\\Models\\News', 25, NULL),
(112, 31, 'App\\Models\\News', 28, NULL),
(113, 31, 'App\\Models\\News', 41, NULL),
(114, 32, 'App\\Models\\News', 14, NULL),
(115, 32, 'App\\Models\\News', 17, NULL),
(116, 32, 'App\\Models\\News', 19, NULL),
(117, 32, 'App\\Models\\News', 51, NULL),
(118, 32, 'App\\Models\\News', 52, NULL),
(119, 33, 'App\\Models\\News', 15, NULL),
(120, 33, 'App\\Models\\News', 37, NULL),
(121, 33, 'App\\Models\\News', 53, NULL),
(122, 33, 'App\\Models\\News', 54, NULL),
(123, 33, 'App\\Models\\News', 25, NULL),
(128, 34, 'App\\Models\\News', 14, NULL),
(129, 34, 'App\\Models\\News', 55, NULL),
(130, 34, 'App\\Models\\News', 17, NULL),
(131, 34, 'App\\Models\\News', 19, NULL),
(132, 35, 'App\\Models\\News', 14, NULL),
(133, 35, 'App\\Models\\News', 56, NULL),
(134, 35, 'App\\Models\\News', 30, NULL),
(135, 35, 'App\\Models\\News', 33, NULL),
(136, 35, 'App\\Models\\News', 31, NULL),
(261, 37, 'App\\Models\\News', 15, NULL),
(262, 37, 'App\\Models\\News', 32, NULL),
(263, 37, 'App\\Models\\News', 37, NULL),
(264, 37, 'App\\Models\\News', 49, NULL),
(265, 38, 'App\\Models\\News', 14, NULL),
(266, 38, 'App\\Models\\News', 19, NULL),
(267, 38, 'App\\Models\\News', 17, NULL),
(268, 38, 'App\\Models\\News', 29, NULL),
(301, 44, 'App\\Models\\News', 14, NULL),
(302, 44, 'App\\Models\\News', 58, NULL),
(303, 44, 'App\\Models\\News', 17, NULL),
(308, 43, 'App\\Models\\News', 15, NULL),
(309, 43, 'App\\Models\\News', 33, NULL),
(310, 43, 'App\\Models\\News', 37, NULL),
(311, 43, 'App\\Models\\News', 49, NULL),
(312, 45, 'App\\Models\\News', 15, NULL),
(313, 45, 'App\\Models\\News', 49, NULL),
(320, 46, 'App\\Models\\News', 14, NULL),
(321, 46, 'App\\Models\\News', 58, NULL),
(330, 47, 'App\\Models\\News', 15, NULL),
(331, 47, 'App\\Models\\News', 25, NULL),
(332, 47, 'App\\Models\\News', 26, NULL),
(333, 47, 'App\\Models\\News', 37, NULL),
(334, 42, 'App\\Models\\News', 14, NULL),
(335, 42, 'App\\Models\\News', 36, NULL),
(336, 42, 'App\\Models\\News', 44, NULL),
(337, 40, 'App\\Models\\News', 14, NULL),
(338, 40, 'App\\Models\\News', 18, NULL),
(339, 40, 'App\\Models\\News', 19, NULL),
(340, 40, 'App\\Models\\News', 47, NULL),
(341, 41, 'App\\Models\\News', 15, NULL),
(342, 41, 'App\\Models\\News', 28, NULL),
(343, 41, 'App\\Models\\News', 30, NULL),
(349, 48, 'App\\Models\\News', 14, NULL),
(350, 48, 'App\\Models\\News', 29, NULL),
(351, 48, 'App\\Models\\News', 17, NULL),
(406, 51, 'App\\Models\\News', 15, NULL),
(407, 51, 'App\\Models\\News', 17, NULL),
(408, 51, 'App\\Models\\News', 41, NULL),
(409, 53, 'App\\Models\\News', 15, NULL),
(410, 53, 'App\\Models\\News', 30, NULL),
(411, 53, 'App\\Models\\News', 37, NULL),
(421, 54, 'App\\Models\\News', 14, NULL),
(422, 54, 'App\\Models\\News', 62, NULL),
(423, 54, 'App\\Models\\News', 37, NULL),
(426, 55, 'App\\Models\\News', 15, NULL),
(427, 55, 'App\\Models\\News', 28, NULL),
(444, 57, 'App\\Models\\News', 15, NULL),
(445, 57, 'App\\Models\\News', 28, NULL),
(446, 56, 'App\\Models\\News', 18, NULL),
(447, 56, 'App\\Models\\News', 14, NULL),
(448, 56, 'App\\Models\\News', 19, NULL),
(449, 56, 'App\\Models\\News', 17, NULL),
(462, 58, 'App\\Models\\News', 64, NULL),
(463, 58, 'App\\Models\\News', 14, NULL),
(464, 58, 'App\\Models\\News', 17, NULL),
(465, 60, 'App\\Models\\News', 14, NULL),
(466, 60, 'App\\Models\\News', 27, NULL),
(467, 60, 'App\\Models\\News', 62, NULL),
(472, 61, 'App\\Models\\News', 15, NULL),
(473, 61, 'App\\Models\\News', 49, NULL),
(478, 62, 'App\\Models\\News', 14, NULL),
(479, 62, 'App\\Models\\News', 18, NULL),
(480, 62, 'App\\Models\\News', 29, NULL),
(481, 62, 'App\\Models\\News', 19, NULL),
(494, 65, 'App\\Models\\News', 49, NULL),
(495, 65, 'App\\Models\\News', 15, NULL),
(496, 65, 'App\\Models\\News', 37, NULL),
(497, 65, 'App\\Models\\News', 36, NULL),
(498, 66, 'App\\Models\\News', 14, NULL),
(499, 66, 'App\\Models\\News', 17, NULL),
(500, 66, 'App\\Models\\News', 29, NULL),
(539, 67, 'App\\Models\\News', 67, NULL),
(540, 67, 'App\\Models\\News', 17, NULL),
(541, 67, 'App\\Models\\News', 14, NULL),
(542, 49, 'App\\Models\\News', 15, NULL),
(543, 49, 'App\\Models\\News', 49, NULL),
(544, 59, 'App\\Models\\News', 15, NULL),
(545, 59, 'App\\Models\\News', 49, NULL),
(548, 69, 'App\\Models\\News', 15, NULL),
(549, 69, 'App\\Models\\News', 68, NULL),
(558, 70, 'App\\Models\\News', 14, NULL),
(559, 70, 'App\\Models\\News', 34, NULL),
(560, 70, 'App\\Models\\News', 35, NULL),
(561, 70, 'App\\Models\\News', 17, NULL),
(577, 72, 'App\\Models\\News', 71, NULL),
(578, 72, 'App\\Models\\News', 14, NULL),
(579, 72, 'App\\Models\\News', 17, NULL),
(580, 71, 'App\\Models\\News', 37, NULL),
(581, 71, 'App\\Models\\News', 15, NULL),
(582, 71, 'App\\Models\\News', 30, NULL),
(583, 71, 'App\\Models\\News', 31, NULL),
(584, 71, 'App\\Models\\News', 69, NULL),
(585, 71, 'App\\Models\\News', 70, NULL),
(600, 63, 'App\\Models\\News', 15, NULL),
(601, 63, 'App\\Models\\News', 24, NULL),
(607, 39, 'App\\Models\\News', 15, NULL),
(608, 39, 'App\\Models\\News', 26, NULL),
(609, 39, 'App\\Models\\News', 37, NULL),
(610, 39, 'App\\Models\\News', 28, NULL),
(629, 4, 'App\\Models\\Video', 14, NULL),
(630, 4, 'App\\Models\\Video', 65, NULL),
(631, 4, 'App\\Models\\Video', 29, NULL),
(632, 4, 'App\\Models\\Video', 51, NULL),
(633, 4, 'App\\Models\\Video', 23, NULL),
(634, 4, 'App\\Models\\Video', 19, NULL),
(645, 77, 'App\\Models\\News', 14, NULL),
(646, 77, 'App\\Models\\News', 19, NULL),
(647, 77, 'App\\Models\\News', 74, NULL),
(648, 77, 'App\\Models\\News', 75, NULL),
(649, 77, 'App\\Models\\News', 50, NULL),
(650, 76, 'App\\Models\\News', 76, NULL),
(651, 76, 'App\\Models\\News', 78, NULL),
(652, 76, 'App\\Models\\News', 32, NULL),
(653, 76, 'App\\Models\\News', 79, NULL),
(654, 76, 'App\\Models\\News', 80, NULL),
(655, 75, 'App\\Models\\News', 14, NULL),
(656, 75, 'App\\Models\\News', 72, NULL),
(657, 75, 'App\\Models\\News', 73, NULL),
(658, 75, 'App\\Models\\News', 23, NULL),
(659, 75, 'App\\Models\\News', 19, NULL),
(660, 75, 'App\\Models\\News', 74, NULL),
(661, 78, 'App\\Models\\News', 15, NULL),
(662, 78, 'App\\Models\\News', 76, NULL),
(663, 78, 'App\\Models\\News', 78, NULL),
(664, 78, 'App\\Models\\News', 81, NULL),
(665, 78, 'App\\Models\\News', 26, NULL),
(666, 78, 'App\\Models\\News', 79, NULL),
(667, 79, 'App\\Models\\News', 14, NULL),
(668, 79, 'App\\Models\\News', 29, NULL),
(669, 79, 'App\\Models\\News', 74, NULL),
(670, 79, 'App\\Models\\News', 19, NULL),
(671, 79, 'App\\Models\\News', 77, NULL),
(672, 80, 'App\\Models\\News', 15, NULL),
(673, 80, 'App\\Models\\News', 82, NULL),
(674, 80, 'App\\Models\\News', 50, NULL),
(675, 80, 'App\\Models\\News', 25, NULL),
(676, 80, 'App\\Models\\News', 26, NULL),
(677, 81, 'App\\Models\\News', 14, NULL),
(678, 81, 'App\\Models\\News', 29, NULL),
(679, 81, 'App\\Models\\News', 74, NULL),
(680, 81, 'App\\Models\\News', 19, NULL),
(681, 81, 'App\\Models\\News', 83, NULL),
(682, 82, 'App\\Models\\News', 15, NULL),
(683, 82, 'App\\Models\\News', 76, NULL),
(684, 82, 'App\\Models\\News', 78, NULL),
(685, 82, 'App\\Models\\News', 79, NULL),
(686, 82, 'App\\Models\\News', 85, NULL),
(687, 82, 'App\\Models\\News', 86, NULL),
(688, 83, 'App\\Models\\News', 14, NULL),
(689, 83, 'App\\Models\\News', 74, NULL),
(690, 83, 'App\\Models\\News', 19, NULL),
(691, 83, 'App\\Models\\News', 64, NULL),
(692, 84, 'App\\Models\\News', 15, NULL),
(693, 84, 'App\\Models\\News', 87, NULL),
(694, 84, 'App\\Models\\News', 49, NULL),
(695, 84, 'App\\Models\\News', 70, NULL),
(696, 85, 'App\\Models\\News', 14, NULL),
(697, 85, 'App\\Models\\News', 74, NULL),
(698, 85, 'App\\Models\\News', 19, NULL),
(699, 85, 'App\\Models\\News', 29, NULL),
(700, 85, 'App\\Models\\News', 35, NULL),
(701, 86, 'App\\Models\\News', 15, NULL),
(702, 86, 'App\\Models\\News', 88, NULL),
(703, 86, 'App\\Models\\News', 89, NULL),
(704, 86, 'App\\Models\\News', 23, NULL),
(705, 87, 'App\\Models\\News', 14, NULL),
(706, 87, 'App\\Models\\News', 18, NULL),
(707, 87, 'App\\Models\\News', 19, NULL),
(708, 87, 'App\\Models\\News', 74, NULL),
(709, 88, 'App\\Models\\News', 15, NULL),
(710, 88, 'App\\Models\\News', 79, NULL),
(711, 88, 'App\\Models\\News', 37, NULL),
(717, 89, 'App\\Models\\News', 14, NULL),
(718, 89, 'App\\Models\\News', 19, NULL),
(719, 89, 'App\\Models\\News', 64, NULL),
(720, 89, 'App\\Models\\News', 90, NULL),
(721, 89, 'App\\Models\\News', 66, NULL),
(722, 90, 'App\\Models\\News', 15, NULL),
(723, 90, 'App\\Models\\News', 91, NULL),
(724, 90, 'App\\Models\\News', 79, NULL),
(725, 90, 'App\\Models\\News', 25, NULL),
(730, 91, 'App\\Models\\News', 14, NULL),
(731, 91, 'App\\Models\\News', 29, NULL),
(732, 91, 'App\\Models\\News', 74, NULL),
(733, 91, 'App\\Models\\News', 17, NULL),
(738, 92, 'App\\Models\\News', 15, NULL),
(739, 92, 'App\\Models\\News', 49, NULL),
(740, 92, 'App\\Models\\News', 26, NULL),
(741, 92, 'App\\Models\\News', 37, NULL),
(747, 93, 'App\\Models\\News', 14, NULL),
(748, 93, 'App\\Models\\News', 92, NULL),
(749, 93, 'App\\Models\\News', 29, NULL),
(750, 93, 'App\\Models\\News', 74, NULL),
(751, 93, 'App\\Models\\News', 34, NULL),
(752, 94, 'App\\Models\\News', 15, NULL),
(753, 94, 'App\\Models\\News', 49, NULL),
(754, 94, 'App\\Models\\News', 37, NULL),
(755, 94, 'App\\Models\\News', 69, NULL),
(761, 95, 'App\\Models\\News', 17, NULL),
(762, 95, 'App\\Models\\News', 19, NULL),
(763, 95, 'App\\Models\\News', 74, NULL),
(764, 95, 'App\\Models\\News', 93, NULL),
(765, 95, 'App\\Models\\News', 66, NULL),
(766, 96, 'App\\Models\\News', 15, NULL),
(767, 96, 'App\\Models\\News', 49, NULL),
(768, 96, 'App\\Models\\News', 30, NULL),
(769, 96, 'App\\Models\\News', 37, NULL),
(770, 96, 'App\\Models\\News', 81, NULL),
(771, 97, 'App\\Models\\News', 14, NULL),
(772, 97, 'App\\Models\\News', 19, NULL),
(773, 97, 'App\\Models\\News', 17, NULL),
(774, 97, 'App\\Models\\News', 90, NULL),
(775, 98, 'App\\Models\\News', 15, NULL),
(776, 98, 'App\\Models\\News', 26, NULL),
(777, 98, 'App\\Models\\News', 25, NULL),
(778, 98, 'App\\Models\\News', 94, NULL),
(784, 100, 'App\\Models\\News', 15, NULL),
(785, 100, 'App\\Models\\News', 26, NULL),
(786, 100, 'App\\Models\\News', 16, NULL),
(787, 100, 'App\\Models\\News', 94, NULL),
(788, 100, 'App\\Models\\News', 95, NULL),
(789, 101, 'App\\Models\\News', 14, NULL),
(790, 101, 'App\\Models\\News', 29, NULL),
(791, 101, 'App\\Models\\News', 74, NULL),
(792, 101, 'App\\Models\\News', 19, NULL),
(793, 101, 'App\\Models\\News', 96, NULL),
(802, 103, 'App\\Models\\News', 14, NULL),
(803, 103, 'App\\Models\\News', 34, NULL),
(804, 103, 'App\\Models\\News', 19, NULL),
(805, 103, 'App\\Models\\News', 74, NULL),
(814, 102, 'App\\Models\\News', 15, NULL),
(815, 102, 'App\\Models\\News', 97, NULL),
(816, 102, 'App\\Models\\News', 49, NULL),
(817, 102, 'App\\Models\\News', 87, NULL),
(818, 106, 'App\\Models\\News', 15, NULL),
(819, 106, 'App\\Models\\News', 99, NULL),
(820, 106, 'App\\Models\\News', 28, NULL),
(821, 106, 'App\\Models\\News', 26, NULL),
(822, 104, 'App\\Models\\News', 15, NULL),
(823, 104, 'App\\Models\\News', 98, NULL),
(824, 104, 'App\\Models\\News', 37, NULL),
(825, 104, 'App\\Models\\News', 28, NULL),
(833, 108, 'App\\Models\\News', 15, NULL),
(834, 108, 'App\\Models\\News', 26, NULL),
(835, 108, 'App\\Models\\News', 49, NULL),
(836, 108, 'App\\Models\\News', 101, NULL),
(837, 109, 'App\\Models\\News', 14, NULL),
(838, 109, 'App\\Models\\News', 19, NULL),
(839, 109, 'App\\Models\\News', 74, NULL),
(840, 109, 'App\\Models\\News', 102, NULL),
(879, 99, 'App\\Models\\News', 14, NULL),
(880, 99, 'App\\Models\\News', 29, NULL),
(881, 99, 'App\\Models\\News', 74, NULL),
(882, 99, 'App\\Models\\News', 19, NULL),
(883, 99, 'App\\Models\\News', 34, NULL),
(915, 36, 'App\\Models\\News', 14, NULL),
(916, 36, 'App\\Models\\News', 17, NULL),
(917, 36, 'App\\Models\\News', 19, NULL),
(918, 36, 'App\\Models\\News', 57, NULL),
(919, 36, 'App\\Models\\News', 62, NULL),
(920, 64, 'App\\Models\\News', 14, NULL),
(921, 64, 'App\\Models\\News', 65, NULL),
(922, 64, 'App\\Models\\News', 29, NULL),
(923, 64, 'App\\Models\\News', 19, NULL),
(924, 64, 'App\\Models\\News', 23, NULL),
(939, 121, 'App\\Models\\News', 14, NULL),
(940, 123, 'App\\Models\\News', 18, NULL),
(947, 126, 'App\\Models\\News', 14, NULL),
(948, 127, 'App\\Models\\News', 14, NULL),
(1016, 134, 'App\\Models\\News', 15, NULL),
(1017, 134, 'App\\Models\\News', 26, NULL),
(1018, 134, 'App\\Models\\News', 25, NULL),
(1019, 134, 'App\\Models\\News', 94, NULL),
(1025, 133, 'App\\Models\\News', 57, NULL),
(1026, 133, 'App\\Models\\News', 50, NULL),
(1027, 133, 'App\\Models\\News', 59, NULL),
(1028, 133, 'App\\Models\\News', 63, NULL),
(1029, 133, 'App\\Models\\News', 14, NULL),
(1043, 107, 'App\\Models\\News', 14, NULL),
(1044, 107, 'App\\Models\\News', 19, NULL),
(1045, 107, 'App\\Models\\News', 74, NULL),
(1046, 107, 'App\\Models\\News', 100, NULL),
(1064, 139, 'App\\Models\\News', 14, NULL),
(1065, 139, 'App\\Models\\News', 106, NULL),
(1066, 139, 'App\\Models\\News', 19, NULL),
(1067, 139, 'App\\Models\\News', 74, NULL),
(1073, 140, 'App\\Models\\News', 15, NULL),
(1074, 140, 'App\\Models\\News', 26, NULL),
(1075, 140, 'App\\Models\\News', 25, NULL),
(1076, 140, 'App\\Models\\News', 94, NULL),
(1077, 140, 'App\\Models\\News', 105, NULL),
(1096, 145, 'App\\Models\\News', 14, NULL),
(1097, 145, 'App\\Models\\News', 109, NULL),
(1098, 145, 'App\\Models\\News', 29, NULL),
(1099, 145, 'App\\Models\\News', 19, NULL),
(1100, 145, 'App\\Models\\News', 74, NULL),
(1101, 146, 'App\\Models\\News', 15, NULL),
(1102, 146, 'App\\Models\\News', 111, NULL),
(1103, 146, 'App\\Models\\News', 110, NULL),
(1104, 147, 'App\\Models\\News', 14, NULL),
(1105, 147, 'App\\Models\\News', 112, NULL),
(1106, 147, 'App\\Models\\News', 19, NULL),
(1107, 147, 'App\\Models\\News', 74, NULL),
(1150, 151, 'App\\Models\\News', 14, NULL),
(1151, 151, 'App\\Models\\News', 19, NULL),
(1152, 151, 'App\\Models\\News', 74, NULL),
(1156, 13, 'App\\Models\\News', 14, NULL),
(1157, 13, 'App\\Models\\News', 17, NULL),
(1158, 13, 'App\\Models\\News', 19, NULL),
(1159, 13, 'App\\Models\\News', 22, NULL),
(1160, 13, 'App\\Models\\News', 23, NULL),
(1192, 118, 'App\\Models\\News', 15, NULL),
(1193, 118, 'App\\Models\\News', 114, NULL),
(1194, 118, 'App\\Models\\News', 115, NULL),
(1199, 17, 'App\\Models\\Video', 14, NULL),
(1200, 17, 'App\\Models\\Video', 67, NULL),
(1201, 17, 'App\\Models\\Video', 19, NULL),
(1202, 17, 'App\\Models\\Video', 74, NULL),
(1210, 159, 'App\\Models\\News', 14, NULL),
(1211, 159, 'App\\Models\\News', 19, NULL),
(1212, 159, 'App\\Models\\News', 116, NULL),
(1213, 159, 'App\\Models\\News', 74, NULL),
(1214, 158, 'App\\Models\\News', 15, NULL),
(1215, 158, 'App\\Models\\News', 114, NULL),
(1216, 158, 'App\\Models\\News', 113, NULL),
(1217, 158, 'App\\Models\\News', 115, NULL),
(1218, 155, 'App\\Models\\News', 15, NULL),
(1219, 155, 'App\\Models\\News', 113, NULL),
(1220, 155, 'App\\Models\\News', 114, NULL),
(1221, 155, 'App\\Models\\News', 97, NULL),
(1222, 153, 'App\\Models\\News', 14, NULL),
(1223, 153, 'App\\Models\\News', 19, NULL),
(1224, 153, 'App\\Models\\News', 74, NULL),
(1225, 152, 'App\\Models\\News', 15, NULL),
(1226, 152, 'App\\Models\\News', 97, NULL),
(1227, 152, 'App\\Models\\News', 110, NULL),
(1228, 150, 'App\\Models\\News', 15, NULL),
(1229, 150, 'App\\Models\\News', 110, NULL),
(1230, 150, 'App\\Models\\News', 22, NULL),
(1231, 150, 'App\\Models\\News', 60, NULL),
(1232, 149, 'App\\Models\\News', 14, NULL),
(1233, 149, 'App\\Models\\News', 74, NULL),
(1234, 149, 'App\\Models\\News', 19, NULL),
(1235, 149, 'App\\Models\\News', 77, NULL),
(1236, 148, 'App\\Models\\News', 15, NULL),
(1237, 148, 'App\\Models\\News', 21, NULL),
(1238, 148, 'App\\Models\\News', 73, NULL),
(1239, 148, 'App\\Models\\News', 95, NULL),
(1240, 148, 'App\\Models\\News', 26, NULL),
(1241, 143, 'App\\Models\\News', 15, NULL),
(1242, 143, 'App\\Models\\News', 107, NULL),
(1243, 143, 'App\\Models\\News', 108, NULL),
(1249, 142, 'App\\Models\\News', 14, NULL),
(1250, 142, 'App\\Models\\News', 104, NULL),
(1251, 142, 'App\\Models\\News', 19, NULL),
(1252, 142, 'App\\Models\\News', 74, NULL),
(1253, 142, 'App\\Models\\News', 66, NULL),
(1254, 161, 'App\\Models\\News', 14, NULL),
(1255, 161, 'App\\Models\\News', 117, NULL),
(1256, 161, 'App\\Models\\News', 118, NULL),
(1257, 162, 'App\\Models\\News', 15, NULL),
(1258, 162, 'App\\Models\\News', 98, NULL),
(1259, 162, 'App\\Models\\News', 119, NULL),
(1260, 162, 'App\\Models\\News', 110, NULL),
(1268, 163, 'App\\Models\\News', 14, NULL),
(1269, 163, 'App\\Models\\News', 120, NULL),
(1270, 163, 'App\\Models\\News', 74, NULL),
(1271, 163, 'App\\Models\\News', 121, NULL),
(1276, 165, 'App\\Models\\News', 14, NULL),
(1277, 165, 'App\\Models\\News', 48, NULL),
(1278, 165, 'App\\Models\\News', 74, NULL),
(1279, 165, 'App\\Models\\News', 123, NULL),
(1280, 165, 'App\\Models\\News', 19, NULL),
(1293, 166, 'App\\Models\\News', 15, NULL),
(1294, 166, 'App\\Models\\News', 111, NULL),
(1295, 166, 'App\\Models\\News', 110, NULL),
(1296, 167, 'App\\Models\\News', 14, NULL),
(1297, 167, 'App\\Models\\News', 19, NULL),
(1298, 167, 'App\\Models\\News', 74, NULL),
(1299, 167, 'App\\Models\\News', 121, NULL),
(1300, 167, 'App\\Models\\News', 102, NULL),
(1301, 168, 'App\\Models\\News', 15, NULL),
(1302, 168, 'App\\Models\\News', 44, NULL),
(1303, 168, 'App\\Models\\News', 45, NULL),
(1304, 169, 'App\\Models\\News', 14, NULL),
(1305, 169, 'App\\Models\\News', 74, NULL),
(1306, 169, 'App\\Models\\News', 19, NULL),
(1307, 169, 'App\\Models\\News', 100, NULL),
(1308, 160, 'App\\Models\\News', 15, NULL),
(1309, 160, 'App\\Models\\News', 108, NULL),
(1310, 160, 'App\\Models\\News', 110, NULL),
(1311, 170, 'App\\Models\\News', 15, NULL),
(1312, 170, 'App\\Models\\News', 108, NULL),
(1313, 170, 'App\\Models\\News', 110, NULL),
(1314, 171, 'App\\Models\\News', 14, NULL),
(1315, 171, 'App\\Models\\News', 74, NULL),
(1316, 171, 'App\\Models\\News', 19, NULL),
(1317, 171, 'App\\Models\\News', 71, NULL),
(1318, 172, 'App\\Models\\News', 15, NULL),
(1319, 172, 'App\\Models\\News', 113, NULL),
(1320, 172, 'App\\Models\\News', 97, NULL),
(1321, 172, 'App\\Models\\News', 114, NULL),
(1322, 157, 'App\\Models\\News', 14, NULL),
(1323, 157, 'App\\Models\\News', 67, NULL),
(1324, 157, 'App\\Models\\News', 19, NULL),
(1325, 157, 'App\\Models\\News', 74, NULL),
(1326, 154, 'App\\Models\\News', 15, NULL),
(1327, 154, 'App\\Models\\News', 87, NULL),
(1328, 154, 'App\\Models\\News', 30, NULL),
(1329, 154, 'App\\Models\\News', 32, NULL),
(1330, 173, 'App\\Models\\News', 14, NULL),
(1331, 173, 'App\\Models\\News', 116, NULL),
(1332, 173, 'App\\Models\\News', 121, NULL),
(1333, 173, 'App\\Models\\News', 74, NULL),
(1334, 174, 'App\\Models\\News', 15, NULL),
(1335, 174, 'App\\Models\\News', 101, NULL),
(1336, 174, 'App\\Models\\News', 108, NULL),
(1337, 174, 'App\\Models\\News', 41, NULL),
(1338, 174, 'App\\Models\\News', 37, NULL),
(1339, 175, 'App\\Models\\News', 14, NULL),
(1340, 175, 'App\\Models\\News', 74, NULL),
(1341, 175, 'App\\Models\\News', 19, NULL),
(1342, 175, 'App\\Models\\News', 77, NULL),
(1343, 176, 'App\\Models\\News', 15, NULL),
(1344, 176, 'App\\Models\\News', 124, NULL),
(1345, 176, 'App\\Models\\News', 37, NULL),
(1346, 176, 'App\\Models\\News', 30, NULL),
(1347, 176, 'App\\Models\\News', 49, NULL),
(1348, 177, 'App\\Models\\News', 14, NULL),
(1349, 177, 'App\\Models\\News', 27, NULL),
(1350, 177, 'App\\Models\\News', 61, NULL),
(1351, 177, 'App\\Models\\News', 42, NULL),
(1352, 177, 'App\\Models\\News', 69, NULL),
(1353, 178, 'App\\Models\\News', 15, NULL),
(1354, 178, 'App\\Models\\News', 114, NULL),
(1355, 178, 'App\\Models\\News', 113, NULL),
(1356, 179, 'App\\Models\\News', 14, NULL),
(1357, 179, 'App\\Models\\News', 112, NULL),
(1358, 179, 'App\\Models\\News', 74, NULL),
(1359, 179, 'App\\Models\\News', 19, NULL),
(1360, 180, 'App\\Models\\News', 15, NULL),
(1361, 180, 'App\\Models\\News', 22, NULL),
(1362, 180, 'App\\Models\\News', 31, NULL),
(1363, 180, 'App\\Models\\News', 28, NULL),
(1369, 181, 'App\\Models\\News', 14, NULL),
(1370, 181, 'App\\Models\\News', 29, NULL),
(1371, 181, 'App\\Models\\News', 19, NULL),
(1372, 181, 'App\\Models\\News', 74, NULL),
(1373, 181, 'App\\Models\\News', 34, NULL),
(1384, 20, 'App\\Models\\Video', 14, NULL),
(1385, 20, 'App\\Models\\Video', 29, NULL),
(1386, 20, 'App\\Models\\Video', 74, NULL),
(1387, 20, 'App\\Models\\Video', 19, NULL),
(1388, 20, 'App\\Models\\Video', 34, NULL),
(1389, 182, 'App\\Models\\News', 15, NULL),
(1390, 182, 'App\\Models\\News', 99, NULL),
(1391, 182, 'App\\Models\\News', 110, NULL),
(1401, 164, 'App\\Models\\News', 15, NULL),
(1402, 164, 'App\\Models\\News', 41, NULL),
(1403, 164, 'App\\Models\\News', 122, NULL),
(1404, 164, 'App\\Models\\News', 28, NULL),
(1405, 184, 'App\\Models\\News', 15, NULL),
(1406, 184, 'App\\Models\\News', 97, NULL),
(1407, 184, 'App\\Models\\News', 110, NULL),
(1412, 185, 'App\\Models\\News', 14, NULL),
(1413, 185, 'App\\Models\\News', 19, NULL),
(1414, 185, 'App\\Models\\News', 128, NULL),
(1415, 185, 'App\\Models\\News', 66, NULL),
(1428, 187, 'App\\Models\\News', 14, NULL),
(1429, 187, 'App\\Models\\News', 18, NULL),
(1430, 187, 'App\\Models\\News', 29, NULL),
(1431, 187, 'App\\Models\\News', 74, NULL),
(1436, 188, 'App\\Models\\News', 15, NULL),
(1437, 188, 'App\\Models\\News', 122, NULL),
(1438, 188, 'App\\Models\\News', 41, NULL),
(1439, 188, 'App\\Models\\News', 129, NULL),
(1440, 186, 'App\\Models\\News', 15, NULL),
(1441, 186, 'App\\Models\\News', 22, NULL),
(1442, 186, 'App\\Models\\News', 110, NULL),
(1443, 186, 'App\\Models\\News', 60, NULL),
(1448, 190, 'App\\Models\\News', 15, NULL),
(1449, 190, 'App\\Models\\News', 110, NULL),
(1450, 190, 'App\\Models\\News', 119, NULL),
(1455, 191, 'App\\Models\\News', 14, NULL),
(1456, 191, 'App\\Models\\News', 63, NULL),
(1457, 191, 'App\\Models\\News', 19, NULL),
(1458, 191, 'App\\Models\\News', 74, NULL),
(1459, 192, 'App\\Models\\News', 15, NULL),
(1460, 192, 'App\\Models\\News', 131, NULL),
(1461, 192, 'App\\Models\\News', 79, NULL),
(1462, 192, 'App\\Models\\News', 110, NULL),
(1463, 193, 'App\\Models\\News', 14, NULL),
(1464, 193, 'App\\Models\\News', 133, NULL),
(1465, 193, 'App\\Models\\News', 134, NULL),
(1466, 193, 'App\\Models\\News', 132, NULL),
(1467, 74, 'App\\Models\\News', 15, NULL),
(1468, 74, 'App\\Models\\News', 28, NULL),
(1469, 74, 'App\\Models\\News', 30, NULL),
(1470, 74, 'App\\Models\\News', 33, NULL),
(1471, 74, 'App\\Models\\News', 70, NULL),
(1480, 194, 'App\\Models\\News', 15, NULL),
(1481, 194, 'App\\Models\\News', 32, NULL),
(1482, 194, 'App\\Models\\News', 30, NULL),
(1483, 194, 'App\\Models\\News', 37, NULL),
(1488, 195, 'App\\Models\\News', 14, NULL),
(1489, 195, 'App\\Models\\News', 135, NULL),
(1490, 195, 'App\\Models\\News', 19, NULL),
(1491, 195, 'App\\Models\\News', 74, NULL),
(1497, 197, 'App\\Models\\News', 15, NULL),
(1498, 197, 'App\\Models\\News', 103, NULL),
(1499, 197, 'App\\Models\\News', 108, NULL),
(1500, 197, 'App\\Models\\News', 111, NULL),
(1501, 197, 'App\\Models\\News', 30, NULL),
(1506, 198, 'App\\Models\\News', 14, NULL),
(1507, 198, 'App\\Models\\News', 19, NULL),
(1508, 198, 'App\\Models\\News', 74, NULL),
(1509, 198, 'App\\Models\\News', 136, NULL),
(1518, 199, 'App\\Models\\News', 15, NULL),
(1519, 199, 'App\\Models\\News', 22, NULL),
(1520, 199, 'App\\Models\\News', 31, NULL),
(1521, 199, 'App\\Models\\News', 110, NULL),
(1531, 201, 'App\\Models\\News', 14, NULL),
(1532, 201, 'App\\Models\\News', 59, NULL),
(1533, 201, 'App\\Models\\News', 63, NULL),
(1534, 201, 'App\\Models\\News', 137, NULL),
(1535, 201, 'App\\Models\\News', 127, NULL),
(1536, 183, 'App\\Models\\News', 14, NULL),
(1537, 183, 'App\\Models\\News', 74, NULL),
(1538, 183, 'App\\Models\\News', 125, NULL),
(1539, 183, 'App\\Models\\News', 126, NULL),
(1540, 183, 'App\\Models\\News', 127, NULL),
(1541, 189, 'App\\Models\\News', 14, NULL),
(1542, 189, 'App\\Models\\News', 130, NULL),
(1543, 189, 'App\\Models\\News', 19, NULL),
(1544, 189, 'App\\Models\\News', 74, NULL),
(1560, 202, 'App\\Models\\News', 15, NULL),
(1561, 202, 'App\\Models\\News', 114, NULL),
(1562, 202, 'App\\Models\\News', 44, NULL),
(1563, 202, 'App\\Models\\News', 138, NULL),
(1571, 203, 'App\\Models\\News', 14, NULL),
(1572, 203, 'App\\Models\\News', 74, NULL),
(1573, 203, 'App\\Models\\News', 19, NULL),
(1574, 203, 'App\\Models\\News', 139, NULL),
(1575, 204, 'App\\Models\\News', 15, NULL),
(1576, 204, 'App\\Models\\News', 26, NULL),
(1577, 204, 'App\\Models\\News', 79, NULL),
(1593, 206, 'App\\Models\\News', 15, NULL),
(1594, 206, 'App\\Models\\News', 99, NULL),
(1595, 206, 'App\\Models\\News', 110, NULL),
(1600, 205, 'App\\Models\\News', 14, NULL),
(1601, 205, 'App\\Models\\News', 30, NULL),
(1602, 205, 'App\\Models\\News', 19, NULL),
(1603, 205, 'App\\Models\\News', 31, NULL),
(1604, 210, 'App\\Models\\News', 14, NULL),
(1605, 210, 'App\\Models\\News', 30, NULL),
(1606, 210, 'App\\Models\\News', 19, NULL),
(1607, 210, 'App\\Models\\News', 31, NULL),
(1614, 212, 'App\\Models\\News', 14, NULL),
(1615, 212, 'App\\Models\\News', 19, NULL),
(1616, 212, 'App\\Models\\News', 50, NULL),
(1617, 212, 'App\\Models\\News', 135, NULL),
(1621, 214, 'App\\Models\\News', 14, NULL),
(1622, 214, 'App\\Models\\News', 19, NULL),
(1623, 214, 'App\\Models\\News', 141, NULL),
(1624, 214, 'App\\Models\\News', 74, NULL),
(1639, 216, 'App\\Models\\News', 14, NULL),
(1640, 216, 'App\\Models\\News', 19, NULL),
(1641, 216, 'App\\Models\\News', 74, NULL),
(1642, 216, 'App\\Models\\News', 143, NULL),
(1643, 211, 'App\\Models\\News', 15, NULL),
(1644, 211, 'App\\Models\\News', 79, NULL),
(1645, 213, 'App\\Models\\News', 15, NULL),
(1646, 213, 'App\\Models\\News', 140, NULL),
(1647, 213, 'App\\Models\\News', 79, NULL),
(1648, 213, 'App\\Models\\News', 142, NULL),
(1656, 217, 'App\\Models\\News', 15, NULL),
(1657, 217, 'App\\Models\\News', 60, NULL),
(1658, 217, 'App\\Models\\News', 79, NULL),
(1659, 217, 'App\\Models\\News', 144, NULL),
(1665, 218, 'App\\Models\\News', 14, NULL),
(1666, 218, 'App\\Models\\News', 19, NULL),
(1667, 218, 'App\\Models\\News', 145, NULL),
(1668, 50, 'App\\Models\\News', 14, NULL),
(1669, 50, 'App\\Models\\News', 59, NULL),
(1670, 50, 'App\\Models\\News', 60, NULL),
(1671, 50, 'App\\Models\\News', 23, NULL),
(1672, 50, 'App\\Models\\News', 61, NULL),
(1673, 50, 'App\\Models\\News', 17, NULL),
(1674, 68, 'App\\Models\\News', 66, NULL),
(1675, 68, 'App\\Models\\News', 17, NULL),
(1676, 68, 'App\\Models\\News', 19, NULL),
(1677, 68, 'App\\Models\\News', 23, NULL),
(1678, 215, 'App\\Models\\News', 15, NULL),
(1679, 215, 'App\\Models\\News', 79, NULL),
(1680, 215, 'App\\Models\\News', 140, NULL),
(1681, 215, 'App\\Models\\News', 142, NULL),
(1682, 219, 'App\\Models\\News', 15, NULL),
(1683, 219, 'App\\Models\\News', 32, NULL),
(1684, 219, 'App\\Models\\News', 31, NULL),
(1685, 219, 'App\\Models\\News', 30, NULL),
(1690, 220, 'App\\Models\\News', 14, NULL),
(1691, 220, 'App\\Models\\News', 19, NULL),
(1692, 220, 'App\\Models\\News', 74, NULL),
(1693, 220, 'App\\Models\\News', 146, NULL),
(1694, 221, 'App\\Models\\News', 15, NULL),
(1695, 221, 'App\\Models\\News', 31, NULL),
(1696, 221, 'App\\Models\\News', 30, NULL),
(1697, 221, 'App\\Models\\News', 94, NULL),
(1698, 221, 'App\\Models\\News', 73, NULL),
(1703, 222, 'App\\Models\\News', 14, NULL),
(1704, 222, 'App\\Models\\News', 18, NULL),
(1705, 222, 'App\\Models\\News', 19, NULL),
(1706, 222, 'App\\Models\\News', 74, NULL),
(1714, 224, 'App\\Models\\News', 14, NULL),
(1715, 224, 'App\\Models\\News', 135, NULL),
(1716, 224, 'App\\Models\\News', 19, NULL),
(1717, 224, 'App\\Models\\News', 74, NULL),
(1721, 225, 'App\\Models\\News', 15, NULL),
(1722, 225, 'App\\Models\\News', 99, NULL),
(1723, 225, 'App\\Models\\News', 110, NULL),
(1729, 226, 'App\\Models\\News', 14, NULL),
(1730, 226, 'App\\Models\\News', 19, NULL),
(1731, 226, 'App\\Models\\News', 59, NULL),
(1732, 226, 'App\\Models\\News', 74, NULL),
(1733, 226, 'App\\Models\\News', 61, NULL),
(1750, 228, 'App\\Models\\News', 14, NULL),
(1751, 228, 'App\\Models\\News', 29, NULL),
(1752, 228, 'App\\Models\\News', 19, NULL),
(1753, 228, 'App\\Models\\News', 74, NULL),
(1754, 223, 'App\\Models\\News', 15, NULL),
(1755, 223, 'App\\Models\\News', 37, NULL),
(1756, 223, 'App\\Models\\News', 147, NULL),
(1765, 229, 'App\\Models\\News', 15, NULL),
(1766, 229, 'App\\Models\\News', 49, NULL),
(1767, 229, 'App\\Models\\News', 149, NULL),
(1768, 229, 'App\\Models\\News', 37, NULL),
(1778, 231, 'App\\Models\\News', 15, NULL),
(1779, 231, 'App\\Models\\News', 22, NULL),
(1780, 231, 'App\\Models\\News', 110, NULL),
(1781, 231, 'App\\Models\\News', 150, NULL),
(1791, 232, 'App\\Models\\News', 14, NULL),
(1792, 232, 'App\\Models\\News', 57, NULL),
(1793, 232, 'App\\Models\\News', 19, NULL),
(1794, 232, 'App\\Models\\News', 74, NULL),
(1795, 230, 'App\\Models\\News', 14, NULL),
(1796, 230, 'App\\Models\\News', 59, NULL),
(1797, 230, 'App\\Models\\News', 63, NULL),
(1798, 230, 'App\\Models\\News', 127, NULL),
(1799, 230, 'App\\Models\\News', 74, NULL),
(1800, 227, 'App\\Models\\News', 15, NULL),
(1801, 227, 'App\\Models\\News', 37, NULL),
(1802, 227, 'App\\Models\\News', 49, NULL),
(1803, 227, 'App\\Models\\News', 148, NULL),
(1824, 233, 'App\\Models\\News', 15, NULL),
(1825, 233, 'App\\Models\\News', 76, NULL),
(1826, 233, 'App\\Models\\News', 80, NULL),
(1827, 233, 'App\\Models\\News', 140, NULL),
(1828, 233, 'App\\Models\\News', 142, NULL),
(1835, 234, 'App\\Models\\News', 14, NULL),
(1836, 234, 'App\\Models\\News', 151, NULL),
(1837, 234, 'App\\Models\\News', 152, NULL),
(1838, 234, 'App\\Models\\News', 153, NULL),
(1843, 235, 'App\\Models\\News', 15, NULL),
(1844, 235, 'App\\Models\\News', 154, NULL),
(1845, 235, 'App\\Models\\News', 155, NULL),
(1846, 235, 'App\\Models\\News', 79, NULL),
(1851, 236, 'App\\Models\\News', 14, NULL),
(1852, 236, 'App\\Models\\News', 19, NULL),
(1853, 236, 'App\\Models\\News', 74, NULL),
(1854, 236, 'App\\Models\\News', 156, NULL),
(1855, 237, 'App\\Models\\News', 15, NULL),
(1856, 237, 'App\\Models\\News', 154, NULL),
(1857, 237, 'App\\Models\\News', 155, NULL),
(1858, 237, 'App\\Models\\News', 28, NULL),
(1859, 238, 'App\\Models\\News', 14, NULL),
(1860, 238, 'App\\Models\\News', 30, NULL),
(1861, 238, 'App\\Models\\News', 31, NULL),
(1862, 238, 'App\\Models\\News', 157, NULL),
(1867, 239, 'App\\Models\\News', 15, NULL),
(1868, 239, 'App\\Models\\News', 158, NULL),
(1869, 239, 'App\\Models\\News', 159, NULL),
(1870, 239, 'App\\Models\\News', 114, NULL),
(1871, 105, 'App\\Models\\News', 14, NULL),
(1872, 105, 'App\\Models\\News', 19, NULL),
(1873, 105, 'App\\Models\\News', 74, NULL),
(1874, 105, 'App\\Models\\News', 62, NULL),
(1879, 240, 'App\\Models\\News', 14, NULL),
(1880, 240, 'App\\Models\\News', 19, NULL),
(1881, 240, 'App\\Models\\News', 74, NULL),
(1882, 240, 'App\\Models\\News', 160, NULL),
(1885, 241, 'App\\Models\\News', 15, NULL),
(1886, 241, 'App\\Models\\News', 113, NULL),
(1887, 241, 'App\\Models\\News', 161, NULL),
(1888, 242, 'App\\Models\\News', 14, NULL),
(1889, 242, 'App\\Models\\News', 102, NULL),
(1890, 242, 'App\\Models\\News', 74, NULL),
(1891, 242, 'App\\Models\\News', 71, NULL);

-- --------------------------------------------------------

--
-- Table structure for table `tag_trans`
--

CREATE TABLE `tag_trans` (
  `id` int(11) NOT NULL,
  `tag_id` int(11) NOT NULL,
  `locale` varchar(2) NOT NULL,
  `title` varchar(55) DEFAULT NULL,
  `created_at` timestamp NULL DEFAULT NULL
) ENGINE=InnoDB DEFAULT CHARSET=utf8;

--
-- Dumping data for table `tag_trans`
--

INSERT INTO `tag_trans` (`id`, `tag_id`, `locale`, `title`, `created_at`) VALUES
(45, 14, 'id', 'kecantikan', '2021-02-08 03:19:19'),
(46, 14, 'en', '', '2021-02-08 03:19:19'),
(47, 15, 'id', 'kesehatan', '2021-02-08 03:19:27'),
(48, 15, 'en', '', '2021-02-08 03:19:27'),
(49, 16, 'id', 'indra penciuman', '2021-02-08 03:19:37'),
(50, 16, 'en', '', '2021-02-08 03:19:37'),
(51, 17, 'id', 'kulit', '2021-02-08 03:32:25'),
(52, 17, 'en', '', '2021-02-08 03:32:25'),
(53, 18, 'id', 'skincare', '2021-02-08 03:33:55'),
(54, 18, 'en', '', '2021-02-08 03:33:55'),
(55, 19, 'id', 'perawatan kulit', '2021-02-08 03:34:12'),
(56, 19, 'en', '', '2021-02-08 03:34:12'),
(57, 20, 'id', 'anosmia', '2021-02-08 07:20:26'),
(58, 20, 'en', '', '2021-02-08 07:20:26'),
(63, 23, 'id', 'konsultasi dokter', '2021-02-08 19:37:47'),
(64, 23, 'en', '', '2021-02-08 19:37:47'),
(65, 24, 'id', 'sakit', '2021-02-08 19:48:37'),
(66, 24, 'en', '', '2021-02-08 19:48:37'),
(67, 25, 'id', 'imunitas', '2021-02-08 19:48:57'),
(68, 25, 'en', '', '2021-02-08 19:48:57'),
(69, 26, 'id', 'daya tahan tubuh', '2021-02-08 19:49:11'),
(70, 26, 'en', '', '2021-02-08 19:49:11'),
(71, 27, 'id', 'korea', '2021-02-09 20:42:49'),
(72, 27, 'en', '', '2021-02-09 20:42:49'),
(73, 28, 'id', 'penyakit', '2021-02-10 02:35:47'),
(74, 28, 'en', '', '2021-02-10 02:35:47'),
(75, 29, 'id', 'jerawat', '2021-02-11 23:19:27'),
(76, 29, 'en', '', '2021-02-11 23:19:27'),
(77, 30, 'id', 'berat badan', '2021-02-11 23:36:09'),
(78, 30, 'en', '', '2021-02-11 23:36:09'),
(79, 31, 'id', 'obesitas', '2021-02-11 23:36:46'),
(80, 31, 'en', '', '2021-02-11 23:36:46'),
(81, 32, 'id', 'diet', '2021-02-11 23:36:58'),
(82, 32, 'en', '', '2021-02-11 23:36:58'),
(83, 33, 'id', 'kurus', '2021-02-12 20:43:39'),
(84, 33, 'en', '', '2021-02-12 20:43:39'),
(85, 34, 'id', 'komedo', '2021-02-14 20:19:40'),
(86, 34, 'en', '', '2021-02-14 20:19:40'),
(87, 35, 'id', 'pori-pori', '2021-02-14 20:19:53'),
(88, 35, 'en', '', '2021-02-14 20:19:53'),
(89, 36, 'id', 'lelah', '2021-02-15 03:45:53'),
(90, 36, 'en', '', '2021-02-15 03:45:53'),
(91, 37, 'id', 'tubuh', '2021-02-15 03:46:22'),
(92, 37, 'en', '', '2021-02-15 03:46:22'),
(93, 38, 'id', 'protein', '2021-02-15 03:46:30'),
(94, 38, 'en', '', '2021-02-15 03:46:30'),
(95, 39, 'id', 'moisturizer', '2021-02-15 20:21:16'),
(96, 39, 'en', '', '2021-02-15 20:21:16'),
(97, 40, 'id', 'pelembab', '2021-02-15 22:41:33'),
(98, 40, 'en', '', '2021-02-15 22:41:33'),
(99, 41, 'id', 'stres', '2021-02-16 20:38:15'),
(100, 41, 'en', '', '2021-02-16 20:38:15'),
(101, 42, 'id', 'pipi', '2021-02-17 03:02:15'),
(102, 42, 'en', '', '2021-02-17 03:02:15'),
(103, 43, 'id', 'hp', '2021-02-18 17:13:24'),
(104, 43, 'en', '', '2021-02-18 17:13:24'),
(105, 44, 'id', 'dampak hp', '2021-02-18 17:13:32'),
(106, 44, 'en', '', '2021-02-18 17:13:32'),
(107, 45, 'id', 'media sosial', '2021-02-18 17:13:59'),
(108, 45, 'en', '', '2021-02-18 17:13:59'),
(109, 46, 'id', 'kanker otak', '2021-02-18 17:14:11'),
(110, 46, 'en', '', '2021-02-18 17:14:11'),
(111, 47, 'id', 'sunscreen', '2021-02-19 06:04:09'),
(112, 47, 'en', '', '2021-02-19 06:04:09'),
(113, 48, 'id', 'kulit gelap', '2021-02-21 19:29:49'),
(114, 48, 'en', '', '2021-02-21 19:29:49'),
(115, 49, 'id', 'olahraga', '2021-02-22 03:50:13'),
(116, 49, 'en', '', '2021-02-22 03:50:13'),
(117, 50, 'id', 'anti aging', '2021-02-22 20:35:08'),
(118, 50, 'en', '', '2021-02-22 20:35:08'),
(119, 51, 'id', 'masker', '2021-02-24 06:02:18'),
(120, 51, 'en', '', '2021-02-24 06:02:18'),
(121, 52, 'id', 'eksfoliasi', '2021-02-24 06:02:25'),
(122, 52, 'en', '', '2021-02-24 06:02:25'),
(123, 53, 'id', 'hipotermia', '2021-02-26 06:13:25'),
(124, 53, 'en', '', '2021-02-26 06:13:25'),
(125, 54, 'id', 'suhu tubuh', '2021-02-26 06:14:04'),
(126, 54, 'en', '', '2021-02-26 06:14:04'),
(127, 55, 'id', 'facial wash', '2021-02-26 09:32:07'),
(128, 55, 'en', '', '2021-02-26 09:32:07'),
(129, 56, 'id', 'body shaming', '2021-03-01 01:14:33'),
(130, 56, 'en', '', '2021-03-01 01:14:33'),
(131, 57, 'id', 'skin booster', '2021-03-01 09:08:40'),
(132, 57, 'en', '', '2021-03-01 09:08:40'),
(135, 58, 'id', 'eye cream', '2021-03-04 09:09:12'),
(136, 58, 'en', '', '2021-03-04 09:09:12'),
(137, 59, 'id', 'filler', '2021-03-08 23:12:34'),
(138, 59, 'en', '', '2021-03-08 23:12:34'),
(141, 61, 'id', 'bentuk wajah', '2021-03-08 23:13:32'),
(142, 61, 'en', '', '2021-03-08 23:13:32'),
(143, 62, 'id', 'cantik', '2021-03-08 23:14:29'),
(144, 62, 'en', '', '2021-03-08 23:14:29'),
(147, 63, 'id', 'botox', '2021-03-09 20:53:31'),
(148, 63, 'en', '', '2021-03-09 20:53:31'),
(151, 65, 'id', 'maskne', '2021-03-22 05:02:29'),
(152, 65, 'en', '', '2021-03-22 05:02:29'),
(155, 67, 'id', 'alergi', '2021-03-23 18:41:44'),
(156, 67, 'en', '', '2021-03-23 18:41:44'),
(157, 68, 'id', 'keringat', '2021-03-26 00:05:26'),
(158, 68, 'en', '', '2021-03-26 00:05:26'),
(159, 69, 'id', 'gemuk', '2021-03-30 03:05:43'),
(160, 69, 'en', '', '2021-03-30 03:05:43'),
(161, 70, 'id', 'badan', '2021-03-30 03:06:17'),
(162, 70, 'en', '', '2021-03-30 03:06:17'),
(163, 71, 'id', 'kosmetik', '2021-03-30 19:42:05'),
(164, 71, 'en', '', '2021-03-30 19:42:05'),
(165, 72, 'id', 'derma glow', '2021-04-05 21:36:52'),
(166, 72, 'en', '', '2021-04-05 21:36:52'),
(169, 66, 'id', 'pigmentasi', '2021-04-05 21:38:03'),
(170, 66, 'en', '', '2021-04-05 21:38:03'),
(171, 64, 'id', 'glowing', '2021-04-05 21:38:57'),
(172, 64, 'en', '', '2021-04-05 21:38:57'),
(173, 74, 'id', 'kulit wajah', '2021-04-05 21:40:19'),
(174, 74, 'en', '', '2021-04-05 21:40:19'),
(175, 75, 'id', 'menolak tua', '2021-04-05 23:03:44'),
(176, 75, 'en', '', '2021-04-05 23:03:44'),
(177, 76, 'id', 'ramadan', '2021-04-14 01:08:15'),
(178, 76, 'en', '', '2021-04-14 01:08:15'),
(179, 77, 'id', 'bopeng', '2021-04-14 01:09:16'),
(180, 77, 'en', '', '2021-04-14 01:09:16'),
(181, 78, 'id', 'puasa', '2021-04-14 01:09:48'),
(182, 78, 'en', '', '2021-04-14 01:09:48'),
(183, 79, 'id', 'makanan sehat', '2021-04-14 01:11:18'),
(184, 79, 'en', '', '2021-04-14 01:11:18'),
(185, 80, 'id', 'menu puasa', '2021-04-14 01:12:15'),
(186, 80, 'en', '', '2021-04-14 01:12:15'),
(187, 81, 'id', 'stamina', '2021-04-20 20:32:25'),
(188, 81, 'en', '', '2021-04-20 20:32:25'),
(189, 82, 'id', 'kanker payudara', '2021-04-23 00:32:14'),
(190, 82, 'en', '', '2021-04-23 00:32:14'),
(191, 83, 'id', 'lemak', '2021-04-23 02:53:39'),
(192, 83, 'en', '', '2021-04-23 02:53:39'),
(193, 84, 'id', 'rambut', '2021-04-23 02:55:25'),
(194, 84, 'en', '', '2021-04-23 02:55:25'),
(195, 85, 'id', 'maag', '2021-04-25 21:22:59'),
(196, 85, 'en', '', '2021-04-25 21:22:59'),
(197, 86, 'id', 'asam lambung', '2021-04-25 21:23:11'),
(198, 86, 'en', '', '2021-04-25 21:23:11'),
(199, 87, 'id', 'senam', '2021-04-27 06:23:57'),
(200, 87, 'en', '', '2021-04-27 06:23:57'),
(201, 88, 'id', 'keracunan', '2021-04-29 01:49:00'),
(202, 88, 'en', '', '2021-04-29 01:49:00'),
(203, 89, 'id', 'kedaluwarsa', '2021-04-29 01:49:21'),
(204, 89, 'en', '', '2021-04-29 01:49:21'),
(205, 90, 'id', 'skin lightening', '2021-05-04 01:41:30'),
(206, 90, 'en', '', '2021-05-04 01:41:30'),
(207, 91, 'id', 'suplemen', '2021-05-05 04:47:25'),
(208, 91, 'en', '', '2021-05-05 04:47:25'),
(209, 92, 'id', 'acne vulgaris', '2021-05-10 01:44:20'),
(210, 92, 'en', '', '2021-05-10 01:44:20'),
(211, 93, 'id', 'melasma', '2021-05-17 02:52:25'),
(212, 93, 'en', '', '2021-05-17 02:52:25'),
(213, 94, 'id', 'pandemi', '2021-05-19 20:49:39'),
(214, 94, 'en', '', '2021-05-19 20:49:39'),
(215, 95, 'id', 'organ pernapasan', '2021-05-24 20:01:37'),
(216, 95, 'en', '', '2021-05-24 20:01:37'),
(217, 96, 'id', 'sabun', '2021-05-25 02:16:46'),
(218, 96, 'en', '', '2021-05-25 02:16:46'),
(219, 97, 'id', 'hipertensi', '2021-05-27 04:12:56'),
(220, 97, 'en', '', '2021-05-27 04:12:56'),
(221, 98, 'id', 'ginjal', '2021-05-28 02:28:19'),
(222, 98, 'en', '', '2021-05-28 02:28:19'),
(223, 99, 'id', 'diabetes', '2021-06-07 03:01:26'),
(224, 99, 'en', '', '2021-06-07 03:01:26'),
(225, 100, 'id', 'bruntusan', '2021-06-09 23:38:05'),
(226, 100, 'en', '', '2021-06-09 23:38:05'),
(227, 101, 'id', 'bersepeda', '2021-06-10 03:04:08'),
(228, 101, 'en', '', '2021-06-10 03:04:08'),
(229, 102, 'id', 'makeup', '2021-06-11 00:39:58'),
(230, 102, 'en', '', '2021-06-11 00:39:58'),
(231, 103, 'id', 'tidur', '2021-06-16 02:48:42'),
(232, 103, 'en', '', '2021-06-16 02:48:42'),
(233, 104, 'id', 'flek hitam', '2021-08-11 23:38:48'),
(234, 104, 'en', '', '2021-08-11 23:38:48'),
(237, 105, 'id', 'glutathione', '2021-08-12 00:06:27'),
(238, 105, 'en', '', '2021-08-12 00:06:27'),
(239, 106, 'id', 'bercak putih', '2021-08-24 22:37:15'),
(240, 106, 'en', '', '2021-08-24 22:37:15'),
(241, 107, 'id', 'golongan darah', '2021-08-30 04:18:47'),
(242, 107, 'en', '', '2021-08-30 04:18:47'),
(243, 108, 'id', 'penyakit jantung', '2021-08-30 04:18:58'),
(244, 108, 'en', '', '2021-08-30 04:18:58'),
(245, 109, 'id', 'kulit berminyak', '2021-08-30 05:23:35'),
(246, 109, 'en', '', '2021-08-30 05:23:35'),
(247, 110, 'id', 'penyakit kronis', '2021-08-30 05:23:45'),
(248, 110, 'en', '', '2021-08-30 05:23:45'),
(249, 111, 'id', 'stroke', '2021-09-01 21:08:08'),
(250, 111, 'en', '', '2021-09-01 21:08:08'),
(251, 112, 'id', 'cacar air', '2021-09-03 02:53:09'),
(252, 112, 'en', '', '2021-09-03 02:53:09'),
(253, 21, 'id', 'sesak napas', '2021-09-05 20:02:16'),
(254, 21, 'en', '', '2021-09-05 20:02:16'),
(255, 73, 'id', 'covid-19', '2021-09-05 20:11:29'),
(256, 73, 'en', '', '2021-09-05 20:11:29'),
(257, 22, 'id', 'kanker', '2021-09-07 21:44:47'),
(258, 22, 'en', '', '2021-09-07 21:44:47'),
(259, 60, 'id', 'organ tubuh', '2021-09-07 21:45:44'),
(260, 60, 'en', '', '2021-09-07 21:45:44'),
(261, 113, 'id', 'kopi', '2021-09-16 21:42:22'),
(262, 113, 'en', '', '2021-09-16 21:42:22'),
(263, 114, 'id', 'insomnia', '2021-09-16 21:45:29'),
(264, 114, 'en', '', '2021-09-16 21:45:29'),
(265, 115, 'id', 'mendengkur', '2021-09-20 02:56:25'),
(266, 115, 'en', '', '2021-09-20 02:56:25'),
(267, 116, 'id', 'milia', '2021-09-21 23:28:02'),
(268, 116, 'en', '', '2021-09-21 23:28:02'),
(269, 117, 'id', 'perawatan bibir', '2021-09-28 00:07:13'),
(270, 117, 'en', '', '2021-09-28 00:07:13'),
(271, 118, 'id', 'bibir merah', '2021-09-28 00:07:48'),
(272, 118, 'en', '', '2021-09-28 00:07:48'),
(273, 119, 'id', 'gagal ginjal kronis', '2021-09-28 02:10:38'),
(274, 119, 'en', '', '2021-09-28 02:10:38'),
(275, 120, 'id', 'sulam alis', '2021-09-30 02:18:42'),
(276, 120, 'en', '', '2021-09-30 02:18:42'),
(277, 121, 'id', 'perawatan wajah', '2021-09-30 02:25:29'),
(278, 121, 'en', '', '2021-09-30 02:25:29'),
(279, 122, 'id', 'depresi', '2021-09-30 02:41:07'),
(280, 122, 'en', '', '2021-09-30 02:41:07'),
(281, 123, 'id', 'kulit kusam', '2021-10-03 23:47:32'),
(282, 123, 'en', '', '2021-10-03 23:47:32'),
(283, 124, 'id', 'renang', '2021-10-14 00:58:32'),
(284, 124, 'en', '', '2021-10-14 00:58:32'),
(285, 125, 'id', 'bekas jerawat', '2021-11-09 01:44:55'),
(286, 125, 'en', '', '2021-11-09 01:44:55'),
(287, 126, 'id', 'dermaroller', '2021-11-09 01:45:05'),
(288, 126, 'en', '', '2021-11-09 01:45:05'),
(289, 127, 'id', 'awet muda', '2021-11-09 01:47:37'),
(290, 127, 'en', '', '2021-11-09 01:47:37'),
(291, 128, 'id', 'laser', '2021-11-15 21:26:09'),
(292, 128, 'en', '', '2021-11-15 21:26:09'),
(293, 129, 'id', 'kesehatan mental', '2021-11-21 20:47:24'),
(294, 129, 'en', '', '2021-11-21 20:47:24'),
(295, 130, 'id', 'body whitening', '2021-11-22 03:23:32'),
(296, 130, 'en', '', '2021-11-22 03:23:32'),
(297, 131, 'id', 'minuman manis', '2021-11-30 01:55:39'),
(298, 131, 'en', '', '2021-11-30 01:55:39'),
(299, 132, 'id', 'tech neck', '2021-11-30 02:02:27'),
(300, 132, 'en', '', '2021-11-30 02:02:27'),
(301, 133, 'id', 'double chin', '2021-11-30 02:03:30'),
(302, 133, 'en', '', '2021-11-30 02:03:30'),
(303, 134, 'id', 'kerutan', '2021-11-30 02:04:35'),
(304, 134, 'en', '', '2021-11-30 02:04:35'),
(305, 135, 'id', 'dna salmon', '2021-12-03 03:33:39'),
(306, 135, 'en', '', '2021-12-03 03:33:39'),
(307, 136, 'id', 'stem cell', '2021-12-07 02:52:49'),
(308, 136, 'en', '', '2021-12-07 02:52:49'),
(309, 137, 'id', 'tanam benang', '2021-12-12 22:19:46'),
(310, 137, 'en', '', '2021-12-12 22:19:46'),
(311, 138, 'id', 'game online', '2021-12-15 04:55:06'),
(312, 138, 'en', '', '2021-12-15 04:55:06'),
(313, 139, 'id', 'mesotherapy', '2021-12-19 23:57:08'),
(314, 139, 'en', '', '2021-12-19 23:57:08'),
(315, 140, 'id', 'vegetarian food', '2021-12-28 02:29:24'),
(316, 140, 'en', '', '2021-12-28 02:29:24'),
(317, 141, 'id', 'panu', '2022-01-06 03:25:53'),
(318, 141, 'en', '', '2022-01-06 03:25:53'),
(319, 142, 'id', 'healthy food', '2022-01-27 23:04:17'),
(320, 142, 'en', '', '2022-01-27 23:04:17'),
(321, 143, 'id', 'kulit kering', '2022-01-28 00:57:09'),
(322, 143, 'en', '', '2022-01-28 00:57:09'),
(323, 144, 'id', 'saluran pencernaan', '2022-02-02 21:05:17'),
(324, 144, 'en', '', '2022-02-02 21:05:17'),
(325, 145, 'id', 'keratosis seboroik', '2022-02-03 00:35:56'),
(326, 145, 'en', '', '2022-02-03 00:35:56'),
(327, 146, 'id', 'hybrid treatment', '2022-02-14 21:58:20'),
(328, 146, 'en', '', '2022-02-14 21:58:20'),
(329, 147, 'id', 'skateboard', '2022-02-24 01:37:44'),
(330, 147, 'en', '', '2022-02-24 01:37:44'),
(331, 148, 'id', 'parkour', '2022-04-06 22:29:37'),
(332, 148, 'en', '', '2022-04-06 22:29:37'),
(333, 149, 'id', 'pound fit', '2022-04-12 00:21:14'),
(334, 149, 'en', '', '2022-04-12 00:21:14'),
(335, 150, 'id', 'nutrisi', '2022-04-19 00:10:32'),
(336, 150, 'en', '', '2022-04-19 00:10:32'),
(337, 151, 'id', 'behel', '2022-04-27 00:34:21'),
(338, 151, 'en', '', '2022-04-27 00:34:21'),
(339, 152, 'id', 'ortodonti', '2022-04-27 00:34:34'),
(340, 152, 'en', '', '2022-04-27 00:34:34'),
(343, 153, 'id', 'gigi', '2022-04-27 00:42:20'),
(344, 153, 'en', '', '2022-04-27 00:42:20'),
(345, 154, 'id', 'lebaran', '2022-04-27 20:15:06'),
(346, 154, 'en', '', '2022-04-27 20:15:06'),
(347, 155, 'id', 'menu lebaran', '2022-04-27 20:15:18'),
(348, 155, 'en', '', '2022-04-27 20:15:18'),
(349, 156, 'id', 'chemical peeling', '2022-04-28 22:38:25'),
(350, 156, 'en', '', '2022-04-28 22:38:25'),
(351, 157, 'id', 'body slimming', '2022-05-10 01:46:56'),
(352, 157, 'en', '', '2022-05-10 01:46:56'),
(353, 158, 'id', 'melatonin', '2022-05-12 03:19:27'),
(354, 158, 'en', '', '2022-05-12 03:19:27'),
(355, 159, 'id', 'obat tidur', '2022-05-12 03:20:20'),
(356, 159, 'en', '', '2022-05-12 03:20:20'),
(357, 160, 'id', 'dokter kecantikan', '2022-05-13 02:01:17'),
(358, 160, 'en', '', '2022-05-13 02:01:17'),
(359, 161, 'id', 'efek kopi', '2022-05-17 02:23:36'),
(360, 161, 'en', '', '2022-05-17 02:23:36');

-- --------------------------------------------------------

--
-- Table structure for table `users`
--

CREATE TABLE `users` (
  `id` int(10) UNSIGNED NOT NULL,
  `is_active` tinyint(1) NOT NULL DEFAULT '1',
  `name` varchar(100) COLLATE utf8mb4_unicode_ci DEFAULT NULL,
  `email` varchar(45) COLLATE utf8mb4_unicode_ci DEFAULT NULL,
  `password` varchar(64) COLLATE utf8mb4_unicode_ci DEFAULT NULL,
  `remember_token` varchar(200) COLLATE utf8mb4_unicode_ci DEFAULT NULL,
  `created_at` timestamp NULL DEFAULT NULL,
  `updated_at` timestamp NULL DEFAULT NULL,
  `created_by` int(11) DEFAULT NULL,
  `photo` varchar(50) COLLATE utf8mb4_unicode_ci DEFAULT NULL
) ENGINE=InnoDB DEFAULT CHARSET=utf8mb4 COLLATE=utf8mb4_unicode_ci;

--
-- Dumping data for table `users`
--

INSERT INTO `users` (`id`, `is_active`, `name`, `email`, `password`, `remember_token`, `created_at`, `updated_at`, `created_by`, `photo`) VALUES
(1, 1, 'Fredrick Rieuwpassa', 'fredrick@secan.id', '$2y$10$Llk9CHGZDvw0op1iTu6CaOWG3AREJmJBGBgY2z.ticrfwu1TaTi0C', '4u8lqIW47qfg0tvU5fX6TMvjkTGPrzmoEOufxrGv7UyPSecRrsFTcdDQiBaM', '2016-07-29 11:12:15', '2016-09-16 09:27:27', 1, 'fredrick.png'),
(2, 1, 'Fikri Aditia', 'fikri@secan.id', '$2y$10$Llk9CHGZDvw0op1iTu6CaOWG3AREJmJBGBgY2z.ticrfwu1TaTi0C', '9Yxafj2Kab2Whvfl6EMUQncvVL2SlFdyC80F3AZUuM1heS31RzLRW6SPwAju', '2016-07-29 11:12:15', '2016-09-16 09:27:27', 1, NULL),
(4, 1, 'Morteza Syariati Albanna', 'mortezasyariati@secan.id', '2234', 'T7sXTAOQrjGSB4QDBgJblQzKO565mILWOoLOhSOKx5Ws0Crvn7X0BpoepO6E', '2016-07-29 11:12:15', '2016-09-16 09:27:27', 1, 'Morteza-Syariati.jpeg'),
(5, 1, 'fikri', 'fikri.it@maztafarma.com', '$2y$10$DW4CX/PQELEGNUb9K5Gbnemx9rlXFKJqxFl33TLYdnPCH0Pa3MC4a', NULL, '2021-05-03 22:56:46', '2021-05-03 22:56:46', NULL, NULL);

-- --------------------------------------------------------

--
-- Table structure for table `video`
--

CREATE TABLE `video` (
  `id` int(11) NOT NULL,
  `slug` varchar(255) NOT NULL,
  `home_thumbnail` varchar(255) DEFAULT NULL,
  `thumbnail` varchar(255) DEFAULT NULL,
  `youtube_url` varchar(255) NOT NULL,
  `category_id` int(11) NOT NULL,
  `doctor_id` int(11) DEFAULT NULL,
  `publish_date` datetime DEFAULT NULL,
  `created_at` timestamp NULL DEFAULT NULL,
  `updated_at` datetime DEFAULT NULL
) ENGINE=InnoDB DEFAULT CHARSET=utf8;

--
-- Dumping data for table `video`
--

INSERT INTO `video` (`id`, `slug`, `home_thumbnail`, `thumbnail`, `youtube_url`, `category_id`, `doctor_id`, `publish_date`, `created_at`, `updated_at`) VALUES
(1, 'benarkah-skin-booster-bikin-kulit-kencang-dan-awet-muda-lihat-ini', 'thumbnail_skin_booster__1.png', 'thumbnail_skin_booster_2.png', 'https://www.youtube-nocookie.com/embed/5i4iZtsnTTw', 1, 2, '2021-03-02 04:49:02', '2021-03-01 21:49:02', '2021-03-17 12:51:26'),
(2, 'cara-aman-membentuk-wajah-lebih-ideal-dengan-filler', 'filler-dr_dina_thumbnail_403x285.jpg', 'filler-dr_dina_thumbnail_293x441.jpg', 'https://www.youtube.com/embed/ryoBZea_jGc', 1, 94, '2021-03-10 02:56:32', '2021-03-09 19:56:32', NULL),
(3, 'punya-masalah-pigmentasi-kulit-ini-cara-mengatasinya', 'dr_jo_pigmentasi_kulit.jpg', 'dokter_johana_fitriani_pigmentasi_kulit.jpg', 'https://www.youtube.com/embed/v9lEl4-wzkE', 1, 133, '2021-03-24 09:51:10', '2021-03-24 02:51:10', '2021-03-24 10:10:47'),
(4, 'mengatasi-jerawat-akibat-pakai-masker-tidak-tepat', 'dr_ineke_jerawat__maskne.jpg', 'jerawat_maskne_dr_ineke.jpg', 'https://www.youtube.com/embed/E-B7-_a4RaA', 1, 8, '2021-03-24 10:09:18', '2021-03-24 03:09:18', '2021-04-06 05:15:38'),
(5, 'derma-glow-treatment-menyulap-kulit-jadi-sehat-bercahaya', 'dr_ellis_403_x_285.png', 'dr_ellis_293_x_441.png', 'https://www.youtube.com/embed/Da9Fg_UcLaE', 1, 9, '2021-04-06 05:44:32', '2021-04-05 22:44:32', '2021-04-06 05:46:10'),
(6, 'menolak-tua-injection-cara-tepat-bikin-awet-muda', 'dr_gaby_403_x_285.png', 'dr_gaby_293_x_441.png', 'https://www.youtube.com/embed/OxuodLkB200', 1, 10, '2021-04-06 06:09:38', '2021-04-05 23:09:38', NULL),
(7, 'bopeng-bekas-jerawat-begini-cara-mengatasinya', 'dr_rizki_403_x_285.png', 'dr_rizki_293_x_441.png', 'https://www.youtube.com/embed/byLs03usAsA', 1, 11, '2021-04-19 07:36:24', '2021-04-19 00:36:24', NULL),
(8, 'mesotherapy-cara-tepat-cerahkan-kulit-hilangkan-lemak', 'dr_tasa_403_x_285.png', 'dr_tasa_293_x_441.png', 'https://www.youtube.com/embed/tN_mA_jdJag', 1, 12, '2021-04-26 05:51:44', '2021-04-25 22:51:44', NULL),
(9, 'begini-cara-tampil-kulit-glowing-di-hari-raya', 'dr_farina_403_x_285.png', 'dr_farina_293_x_441.png', 'https://www.youtube.com/embed/4iacltO42cw', 1, 13, '2021-05-04 08:36:24', '2021-05-04 01:36:24', NULL),
(10, 'skin-lightening-bikin-kulit-putih-mulus-dengan-mudah', 'dr_handy_403_x_285.png', 'dr_handy_293_x_441.png', 'https://www.youtube.com/embed/pcUe_Vulnkc', 1, 15, '2021-05-10 09:18:59', '2021-05-10 02:18:59', NULL),
(11, 'atasi-acne-vulgaris-atau-jerawat-dengan-cara-ini', 'dr_gesha_403_x_285.png', 'dr_gesha_293_x_441.png', 'https://www.youtube.com/embed/EQfNneBnF4E', 1, 14, '2021-05-17 10:51:16', '2021-05-17 03:51:16', NULL),
(12, 'menghilangkan-melasma-dengan-cara-tepat', 'dr_agusmawi_403_x_285.png', 'dr_agusmawi_293_x_441.png', 'https://www.youtube.com/embed/yeh_u3lx93s', 1, 16, '2021-05-24 07:51:13', '2021-05-24 00:51:13', NULL),
(13, 'apakah-boleh-pencet-jerawat-di-rumah', 'dr_ekles_403_x_285.png', 'dr_ekles_293_x_441.png', 'https://www.youtube.com/embed/bNpvzbFjgkE', 1, 17, '2021-05-31 06:44:07', '2021-05-30 23:44:07', '2021-07-23 04:54:58'),
(14, 'terungkap-ini-rahasia-agar-terlihat-awet-muda', 'dr.christian-_403_x_285.png', 'dr.christian-293_x_441.png', 'https://www.youtube.com/embed/p1hXunSfRT0', 1, 18, '2021-06-16 10:17:13', '2021-06-16 03:17:13', '2021-07-23 04:53:36'),
(15, 'cara-menjaga-daya-tahan-tubuh-pada-masa-pandemi', 'dr_luman_403_x_285.png', 'dr_luman_293_x_441.png', 'https://www.youtube.com/embed/jtAHJuEG3d8', 2, 19, '2021-07-23 04:52:13', '2021-07-22 21:52:13', NULL),
(16, 'gerakan-aerobik-untuk-turunkan-berat-badan', 'damel_403_x_285.png', 'damel_293_x_441.png', 'https://www.youtube.com/embed/_0Fv_EN9yxA', 2, 20, '2021-09-13 07:21:13', '2021-09-13 00:21:13', NULL),
(17, 'cara-mengatasi-reaksi-alergi-pada-kulit', 'dr_dina_2-_403_x_285.png', 'dr_dina-_293_x_441.png', 'https://www.youtube.com/embed/YKtfRLYBBzA', 1, 21, '2021-09-20 10:15:29', '2021-09-20 03:15:29', '2021-09-20 10:17:57'),
(18, 'manfaat-bersepeda-bisa-hindari-serangan-jantung', 'zikky_ketua_sejati_403_x_285.png', 'zikky_ketua_sejati_293_x_441.png', 'https://www.youtube.com/embed/TGMoQqqh3MI', 2, 22, '2021-09-29 04:03:40', '2021-09-28 21:03:40', NULL),
(19, 'tips-belajar-berenang-untuk-pemula', 'anggun_403_x_285.png', 'anggun_293_x_441.png', 'https://www.youtube.com/embed/L3Vm0akwT7c', 2, 23, '2021-10-14 08:01:32', '2021-10-14 01:01:32', NULL),
(20, 'cara-mengatasi-jerawat-dengan-tepat', 'dr_rizky_403_x_285.png', 'dr_rizky_293_x_441.png', 'https://www.youtube.com/embed/P7IvNKIkGoA', 1, 24, '2021-11-03 05:01:05', '2021-11-02 22:01:05', '2021-11-03 05:18:25'),
(21, 'manfaat-perawatan-dermaroller-shofi-aesthetic-clinic', 'dr_inna_403_x_285.png', 'dr_inna-_293_x_441(1).png', 'https://www.youtube.com/embed/DDsxkCgJqSA', 1, 25, '2021-11-09 09:44:55', '2021-11-09 02:44:55', '2021-11-09 10:24:32'),
(22, 'perawatan-kulit-memukau-dengan-treatment-laser', 'dr_ary_403_x_285.png', 'dr_ary_293_x_441.png', 'https://www.youtube.com/embed/D99njo9QH2Q', 1, 26, '2021-11-16 04:57:58', '2021-11-15 21:57:58', NULL),
(23, 'jenis-skincare-yang-tepat-untuk-kulit-berjerawat', 'dr_stefani-_403_x_285.png', 'dr_stefani-_293_x_441.png', 'https://www.youtube.com/embed/2tIlbREsYA8', 1, 27, '2021-11-19 04:05:56', '2021-11-18 21:05:56', NULL),
(24, 'rahasia-kulit-cerah-dengan-body-whitening-treatment', 'dr_novaria_403_x_285.png', 'dr_novaria_293_x_441.png', 'https://www.youtube.com/embed/-uCNlIMIRTY', 1, 28, '2021-11-22 10:25:31', '2021-11-22 03:25:31', NULL),
(25, 'hempaskan-keriput-dan-kerutan-dengan-botox', 'dr_farhani-403_x_285.png', 'dr_farhani-293_x_441.png', 'https://www.youtube.com/embed/oGMpnAEj1Gs', 1, 29, '2021-11-25 08:54:07', '2021-11-25 01:54:07', NULL),
(26, 'mengatasi-tech-neck-yang-efektif', 'dr_leni_403_x_285.png', 'dr_leni_293_x_441.png', 'https://www.youtube.com/embed/vVnBfGg_Gwo', 1, 30, '2021-11-30 09:11:34', '2021-11-30 02:11:34', NULL),
(27, 'beragam-manfaat-dna-salmon-di-dunia-kecantikan', 'dr_devina_403_x_285.png', 'dr_devina_293_x_441.png', 'https://www.youtube.com/embed/NcLNbn36guI', 1, 31, '2021-12-06 10:23:07', '2021-12-06 03:23:07', NULL),
(28, 'manfaat-stem-cell-untuk-kecantikan', 'dr_ayu_widya-403_x_285.png', 'dr_ayu_widyai-293_x_441.png', 'https://www.youtube.com/embed/TXc0eqfmJWU', 1, 32, '2021-12-07 10:10:50', '2021-12-07 03:10:50', NULL),
(29, '3-jenis-treatment-yang-bisa-bikin-cantik', 'dr_devy_403_x_285.png', 'dr_devy_293_x_441.png', 'https://www.youtube.com/embed/vA5BsHJPU4Y', 1, 33, '2021-12-13 07:14:59', '2021-12-13 00:14:59', NULL),
(30, 'manfaat-perawatan-mesotherapy', 'dr_loudfy-i_403_x_285.png', 'dr_loudfy-_293_x_441.png', 'https://www.youtube.com/embed/HnC3dxxBc3Y', 1, 34, '2021-12-20 08:36:25', '2021-12-20 01:36:25', NULL),
(31, 'memperbaiki-kerusakan-kulit-akibat-kenaikan-berat-badan', 'dr_dina_403_x_285.png', 'dr_dina_293_x_441.png', 'https://www.youtube.com/embed/awARPuaQCxI', 1, 35, '2021-12-23 07:24:43', '2021-12-23 00:24:43', NULL),
(32, 'pengobatan-dan-pencegahan-diabetes-melitus', 'dr_nanang_403_x_285.png', 'dr_nanang-_293_x_441.png', 'https://www.youtube.com/embed/PnPJXF4aRnU', 2, 37, '2021-12-24 08:06:19', '2021-12-24 01:06:19', NULL),
(33, 'rasakan-sensasi-nasi-briyani-di-waytuki-vegetarian', 'pak_rahmat_403_x_285.jpg', 'pak_rahmat_293_x_441.png', 'https://www.youtube.com/embed/9-oBfiaiIwE', 2, 38, '2021-12-28 09:47:48', '2021-12-28 02:47:48', NULL),
(34, 'manfaat-mesotherapy-dna-salmon', 'dr_naz_403_x_285.png', 'dr_naz_293_x_441.png', 'https://www.youtube.com/embed/ZiTEbIEIc8Q', 1, 39, '2021-12-31 04:05:11', '2021-12-30 21:05:11', NULL),
(35, 'hidangan-vegetarian-di-bluezone-center', 'bluezon_-403_x_285.png', 'bluezone_-293_x_441.png', 'https://www.youtube.com/embed/Z8fZE8SMhBc', 2, 40, '2022-01-05 09:48:38', '2022-01-05 02:48:38', NULL),
(36, 'babi-panggang-tapi-vegetarian', 'vegetus-_403_x_285.png', 'vegetus_293_x_441.png', 'https://www.youtube.com/embed/kvFhGRziZLQ', 2, 45, '2022-02-03 08:58:07', '2022-02-03 01:58:07', NULL),
(37, 'cara-menjaga-saluran-pencernaan', 'dr_luman_403_x_285.png', 'dr_luman_293_x_441.png', 'https://www.youtube.com/embed/Lb-ZlgftHB0', 2, 19, '2022-02-15 06:22:36', '2022-02-14 23:22:36', NULL),
(38, 'cara-mengatasi-kulit-kering-dan-kasar', 'liliana-_403_x_285.png', 'dr_liliana-293_x_441.png', 'https://www.youtube.com/embed/P2PYjgwB5rQ', 1, 41, '2022-02-23 04:46:35', '2022-02-22 21:46:35', NULL),
(39, 'cara-mengatasi-keratosis-seboroik', 'dr_vina_dwiana_safitri-403_x_285.png', 'dr_vina_dwiana_safitri-293_x_441.png', 'https://www.youtube.com/embed/8c3_zqQYN_Q', 1, 44, '2022-02-23 04:56:15', '2022-02-22 21:56:15', NULL),
(40, 'cara-cantik-dengan-treatment-hybrid', 'dr_venny_403_x_285.png', 'dr_venny_293_x_441.png', 'https://www.youtube.com/embed/OrzFJTMakpM', 1, 46, '2022-03-01 08:39:36', '2022-03-01 01:39:36', '2022-03-01 08:42:23'),
(41, 'tips-diet-sehat-untuk-anak-sekolah', 'rachelyn_403_x_285.png', 'rachelyn_293_x_441.png', 'https://www.youtube.com/watch?v=KpEQjLFpDQI&t=204s', 2, 40, '2022-03-24 08:29:54', '2022-03-24 01:29:54', NULL),
(42, 'begini-urutan-skincare-yang-benar-pada-pagi-dan-malam', 'jeha_403_x_285.png', 'jeha_293_x_441.png', 'https://www.youtube.com/watch?v=Spmlz0gtEGI&t=9s', 1, 47, '2022-03-24 09:42:05', '2022-03-24 02:42:05', NULL),
(43, 'rahasia-awet-muda-dengan-prp-dna-salmon', 'dr_dedy_403_x_285.png', 'dr_dedy_293_x_441.png', 'https://www.youtube.com/embed/H_Ri-Cq0SxI', 1, 48, '2022-04-04 07:03:13', '2022-04-04 00:03:13', NULL),
(44, 'manfaat-skateboarding-untuk-kesehatan', 'skateboarding_403_x_285.png', 'skateboarding_293_x_441.png', 'https://www.youtube.com/embed/7Gv9-m_ePiA', 2, 52, '2022-04-11 09:05:39', '2022-04-11 02:05:39', NULL),
(45, 'cara-mengobati-diabetes-melitus-tipe-2', 'luman_403_x_285.png', 'luman_293_x_441.png', 'https://www.youtube.com/embed/Z1wmLbuhW1k', 2, 19, '2022-04-14 05:26:17', '2022-04-13 22:26:17', '2022-04-14 05:33:06'),
(46, 'emang-bener-parkour-baik-untuk-kesehatan-tubuh', 'ramdani_murtadho_403_x_285.png', 'ramdani_murtadho_293_x_441.png', 'https://www.youtube.com/embed/rfd5JKi9OLc', 2, 53, '2022-04-19 08:07:30', '2022-04-19 01:07:30', NULL),
(47, 'manfaat-pound-fit-untuk-kesehatan-tubuh', 'pound_fit_403_x_285.png', 'pound_fit_293_x_441.png', 'https://www.youtube.com/embed/C7A95do2rxg', 2, 55, '2022-04-26 06:04:45', '2022-04-25 23:04:45', NULL),
(48, 'jenis-filler-dan-kegunaannya', 'dr._maya_403_x_285.png', 'dr._maya_293_x_441.png', 'https://www.youtube.com/embed/TuDlSJ1vD04', 1, 50, '2022-04-27 08:09:50', '2022-04-27 01:09:50', NULL),
(49, 'cara-mudah-mengatasi-jerawat-membandel', 'imelda_403_x_285.png', 'imelda_293_x_441.png', 'https://www.youtube.com/embed/rYNBsgx1sSQ', 1, 51, '2022-04-28 05:15:51', '2022-04-27 22:15:51', NULL),
(50, 'jenis-treatment-untuk-kencangkan-kulit-wajah', 'dr._sweeta_403_x_285.png', 'dr._sweeta_293_x_441.png', 'https://www.youtube.com/embed/HssqfksCPIE', 1, 54, '2022-05-10 08:55:25', '2022-05-10 01:55:25', NULL),
(51, 'rahasia-kulit-terlihat-awet-muda', 'nym_403_x_285.png', 'nym_293_x_441.png', 'https://www.youtube.com/embed/CboqxjFJWt4', 1, 57, '2022-05-23 10:31:42', '2022-05-23 03:31:42', NULL);

-- --------------------------------------------------------

--
-- Table structure for table `video_trans`
--

CREATE TABLE `video_trans` (
  `id` int(11) NOT NULL,
  `video_id` int(11) NOT NULL,
  `locale` varchar(2) NOT NULL,
  `title` varchar(250) DEFAULT NULL,
  `created_at` timestamp NULL DEFAULT NULL,
  `updated_at` datetime DEFAULT NULL
) ENGINE=InnoDB DEFAULT CHARSET=utf8;

--
-- Dumping data for table `video_trans`
--

INSERT INTO `video_trans` (`id`, `video_id`, `locale`, `title`, `created_at`, `updated_at`) VALUES
(9, 2, 'id', 'Cara Aman Membentuk Wajah Lebih Ideal dengan Filler', '2021-03-09 19:56:32', NULL),
(10, 2, 'en', '', '2021-03-09 19:56:32', NULL),
(11, 1, 'id', 'Benarkah Skin Booster Bikin Kulit Kencang dan Awet Muda? Lihat Ini', '2021-03-17 05:51:26', NULL),
(12, 1, 'en', '', '2021-03-17 05:51:26', NULL),
(19, 3, 'id', 'Punya Masalah Pigmentasi Kulit? Ini Cara Mengatasinya', '2021-03-24 03:10:47', NULL),
(20, 3, 'en', '', '2021-03-24 03:10:47', NULL),
(21, 4, 'id', 'Mengatasi Maskne Akibat Pakai Masker Tidak Tepat', '2021-04-05 22:15:38', NULL),
(22, 4, 'en', '', '2021-04-05 22:15:38', NULL),
(25, 5, 'id', 'Derma Glow Treatment Menyulap Kulit Jadi Sehat-Bercahaya', '2021-04-05 22:46:10', NULL),
(26, 5, 'en', '', '2021-04-05 22:46:10', NULL),
(27, 6, 'id', 'Menolak Tua Injection, Cara Tepat Bikin Awet Muda', '2021-04-05 23:09:38', NULL),
(28, 6, 'en', '', '2021-04-05 23:09:38', NULL),
(29, 7, 'id', 'Bopeng Bekas Jerawat, Begini Cara Mengatasinya', '2021-04-19 00:36:24', NULL),
(30, 7, 'en', '', '2021-04-19 00:36:24', NULL),
(31, 8, 'id', 'Mesotherapy, Cara Tepat Cerahkan Kulit-Hilangkan Lemak', '2021-04-25 22:51:44', NULL),
(32, 8, 'en', '', '2021-04-25 22:51:44', NULL),
(33, 9, 'id', 'Begini Cara Tampil Kulit Glowing di Hari Raya', '2021-05-04 01:36:24', NULL),
(34, 9, 'en', '', '2021-05-04 01:36:24', NULL),
(35, 10, 'id', 'Skin Lightening, Bikin Kulit Putih & Mulus dengan Mudah', '2021-05-10 02:18:59', NULL),
(36, 10, 'en', '', '2021-05-10 02:18:59', NULL),
(37, 11, 'id', 'Atasi Acne Vulgaris atau Jerawat dengan Cara Ini', '2021-05-17 03:51:16', NULL),
(38, 11, 'en', '', '2021-05-17 03:51:16', NULL),
(39, 12, 'id', 'Menghilangkan Melasma dengan Cara Tepat', '2021-05-24 00:51:13', NULL),
(40, 12, 'en', '', '2021-05-24 00:51:13', NULL),
(45, 15, 'id', 'Cara Menjaga Daya Tahan Tubuh pada Masa Pandemi', '2021-07-22 21:52:13', NULL),
(46, 15, 'en', '', '2021-07-22 21:52:13', NULL),
(47, 14, 'id', 'Terungkap! Ini Rahasia agar Terlihat Awet Muda', '2021-07-22 21:53:36', NULL),
(48, 14, 'en', '', '2021-07-22 21:53:36', NULL),
(49, 13, 'id', 'Apakah Boleh Pencet Jerawat di Rumah?', '2021-07-22 21:54:58', NULL),
(50, 13, 'en', '', '2021-07-22 21:54:58', NULL),
(51, 16, 'id', 'Gerakan Aerobik untuk Turunkan Berat Badan', '2021-09-13 00:21:13', NULL),
(52, 16, 'en', '', '2021-09-13 00:21:13', NULL),
(55, 17, 'id', 'Cara Mengatasi Reaksi Alergi pada Kulit', '2021-09-20 03:17:57', NULL),
(56, 17, 'en', '', '2021-09-20 03:17:57', NULL),
(57, 18, 'id', 'Manfaat Bersepeda Bisa Hindari Serangan Jantung?', '2021-09-28 21:03:40', NULL),
(58, 18, 'en', '', '2021-09-28 21:03:40', NULL),
(59, 19, 'id', 'Tips Belajar Berenang untuk Pemula', '2021-10-14 01:01:32', NULL),
(60, 19, 'en', '', '2021-10-14 01:01:32', NULL),
(67, 20, 'id', 'Cara Mengatasi Jerawat dengan Tepat', '2021-11-02 22:18:25', NULL),
(68, 20, 'en', '', '2021-11-02 22:18:25', NULL),
(75, 21, 'id', 'Manfaat Perawatan Dermaroller-Shofi Aesthetic Clinic', '2021-11-09 03:24:32', NULL),
(76, 21, 'en', '', '2021-11-09 03:24:32', NULL),
(77, 22, 'id', 'Perawatan Kulit Memukau dengan Treatment Laser', '2021-11-15 21:57:58', NULL),
(78, 22, 'en', '', '2021-11-15 21:57:58', NULL),
(79, 23, 'id', 'Jenis Skincare yang Tepat untuk Kulit Berjerawat', '2021-11-18 21:05:56', NULL),
(80, 23, 'en', '', '2021-11-18 21:05:56', NULL),
(81, 24, 'id', 'Rahasia Kulit Cerah dengan Body Whitening Treatment', '2021-11-22 03:25:31', NULL),
(82, 24, 'en', '', '2021-11-22 03:25:31', NULL),
(83, 25, 'id', 'Hempaskan Keriput dan Kerutan dengan Botox', '2021-11-25 01:54:07', NULL),
(84, 25, 'en', '', '2021-11-25 01:54:07', NULL),
(85, 26, 'id', 'Mengatasi Tech Neck yang Efektif', '2021-11-30 02:11:34', NULL),
(86, 26, 'en', '', '2021-11-30 02:11:34', NULL),
(87, 27, 'id', 'Beragam Manfaat DNA Salmon di Dunia Kecantikan', '2021-12-06 03:23:07', NULL),
(88, 27, 'en', '', '2021-12-06 03:23:07', NULL),
(89, 28, 'id', 'Manfaat Stem Cell untuk Kecantikan', '2021-12-07 03:10:50', NULL),
(90, 28, 'en', '', '2021-12-07 03:10:50', NULL),
(91, 29, 'id', '3 Jenis Treatment yang Bisa Bikin Cantik', '2021-12-13 00:14:59', NULL),
(92, 29, 'en', '', '2021-12-13 00:14:59', NULL),
(93, 30, 'id', 'Manfaat Perawatan Mesotherapy', '2021-12-20 01:36:25', NULL),
(94, 30, 'en', '', '2021-12-20 01:36:25', NULL),
(95, 31, 'id', 'Memperbaiki Kerusakan Kulit Akibat Kenaikan Berat Badan', '2021-12-23 00:24:43', NULL),
(96, 31, 'en', '', '2021-12-23 00:24:43', NULL),
(97, 32, 'id', 'Pengobatan dan Pencegahan Diabetes Melitus', '2021-12-24 01:06:19', NULL),
(98, 32, 'en', '', '2021-12-24 01:06:19', NULL),
(99, 33, 'id', 'Rasakan Sensasi Nasi Briyani di Waytuki Vegetarian', '2021-12-28 02:47:48', NULL),
(100, 33, 'en', '', '2021-12-28 02:47:48', NULL),
(101, 34, 'id', 'Manfaat Mesotherapy DNA Salmon', '2021-12-30 21:05:11', NULL),
(102, 34, 'en', '', '2021-12-30 21:05:11', NULL),
(103, 35, 'id', 'Hidangan Vegetarian di Bluezone Center', '2022-01-05 02:48:38', NULL),
(104, 35, 'en', '', '2022-01-05 02:48:38', NULL),
(105, 36, 'id', 'Babi Panggang tapi Vegetarian?', '2022-02-03 01:58:07', NULL),
(106, 36, 'en', '', '2022-02-03 01:58:07', NULL),
(107, 37, 'id', 'Cara Menjaga Saluran Pencernaan', '2022-02-14 23:22:36', NULL),
(108, 37, 'en', '', '2022-02-14 23:22:36', NULL),
(109, 38, 'id', 'Cara Mengatasi Kulit Kering dan Kasar', '2022-02-22 21:46:35', NULL),
(110, 38, 'en', '', '2022-02-22 21:46:35', NULL),
(111, 39, 'id', 'Cara Mengatasi Keratosis Seboroik', '2022-02-22 21:56:15', NULL),
(112, 39, 'en', '', '2022-02-22 21:56:15', NULL),
(115, 40, 'id', 'Cara Cantik dengan Treatment Hybrid', '2022-03-01 01:42:23', NULL),
(116, 40, 'en', '', '2022-03-01 01:42:23', NULL),
(117, 41, 'id', 'Tips Diet Sehat untuk Anak Sekolah', '2022-03-24 01:29:54', NULL),
(118, 41, 'en', '', '2022-03-24 01:29:54', NULL),
(119, 42, 'id', 'Begini Urutan Skincare yang Benar pada Pagi dan Malam', '2022-03-24 02:42:05', NULL),
(120, 42, 'en', '', '2022-03-24 02:42:05', NULL),
(121, 43, 'id', 'Rahasia Awet Muda dengan PRP DNA Salmon', '2022-04-04 00:03:13', NULL),
(122, 43, 'en', '', '2022-04-04 00:03:13', NULL),
(123, 44, 'id', 'Manfaat Skateboarding untuk Kesehatan', '2022-04-11 02:05:39', NULL),
(124, 44, 'en', '', '2022-04-11 02:05:39', NULL),
(127, 45, 'id', 'Cara Mengobati Diabetes Melitus Tipe 2', '2022-04-13 22:33:06', NULL),
(128, 45, 'en', '', '2022-04-13 22:33:06', NULL),
(129, 46, 'id', 'Emang Bener Parkour Baik untuk Kesehatan Tubuh?', '2022-04-19 01:07:30', NULL),
(130, 46, 'en', '', '2022-04-19 01:07:30', NULL),
(131, 47, 'id', 'Manfaat Pound Fit untuk Kesehatan Tubuh', '2022-04-25 23:04:45', NULL),
(132, 47, 'en', '', '2022-04-25 23:04:45', NULL),
(133, 48, 'id', 'Jenis Filler dan Kegunaannya', '2022-04-27 01:09:50', NULL),
(134, 48, 'en', '', '2022-04-27 01:09:50', NULL),
(135, 49, 'id', 'Cara Mudah Mengatasi Jerawat Membandel', '2022-04-27 22:15:51', NULL),
(136, 49, 'en', '', '2022-04-27 22:15:51', NULL),
(137, 50, 'id', 'Jenis Treatment untuk Kencangkan Kulit Wajah', '2022-05-10 01:55:25', NULL),
(138, 50, 'en', '', '2022-05-10 01:55:25', NULL),
(139, 51, 'id', 'Rahasia Kulit Terlihat Awet Muda', '2022-05-23 03:31:42', NULL),
(140, 51, 'en', '', '2022-05-23 03:31:42', NULL);

--
-- Indexes for dumped tables
--

--
-- Indexes for table `banner`
--
ALTER TABLE `banner`
  ADD PRIMARY KEY (`id`);

--
-- Indexes for table `banner_trans`
--
ALTER TABLE `banner_trans`
  ADD PRIMARY KEY (`id`);

--
-- Indexes for table `category`
--
ALTER TABLE `category`
  ADD PRIMARY KEY (`id`),
  ADD UNIQUE KEY `slug_UNIQUE` (`slug`);

--
-- Indexes for table `category_trans`
--
ALTER TABLE `category_trans`
  ADD PRIMARY KEY (`id`),
  ADD KEY `fk_category_trans_1_idx` (`category_id`);

--
-- Indexes for table `contact`
--
ALTER TABLE `contact`
  ADD PRIMARY KEY (`id`);

--
-- Indexes for table `doctor`
--
ALTER TABLE `doctor`
  ADD PRIMARY KEY (`id`);

--
-- Indexes for table `doctor_information`
--
ALTER TABLE `doctor_information`
  ADD PRIMARY KEY (`id`);

--
-- Indexes for table `migrations`
--
ALTER TABLE `migrations`
  ADD PRIMARY KEY (`id`);

--
-- Indexes for table `news`
--
ALTER TABLE `news`
  ADD PRIMARY KEY (`id`),
  ADD UNIQUE KEY `slug_UNIQUE` (`slug`);

--
-- Indexes for table `news_comment`
--
ALTER TABLE `news_comment`
  ADD PRIMARY KEY (`id`);

--
-- Indexes for table `pages`
--
ALTER TABLE `pages`
  ADD PRIMARY KEY (`id`);

--
-- Indexes for table `password_resets`
--
ALTER TABLE `password_resets`
  ADD KEY `password_resets_email_index` (`email`(191));

--
-- Indexes for table `seo`
--
ALTER TABLE `seo`
  ADD PRIMARY KEY (`id`);

--
-- Indexes for table `seo_trans`
--
ALTER TABLE `seo_trans`
  ADD PRIMARY KEY (`id`),
  ADD KEY `fk_seo_trans_1_idx` (`seo_id`);

--
-- Indexes for table `subscribe`
--
ALTER TABLE `subscribe`
  ADD PRIMARY KEY (`id`);

--
-- Indexes for table `tag`
--
ALTER TABLE `tag`
  ADD PRIMARY KEY (`id`),
  ADD UNIQUE KEY `slug_UNIQUE` (`slug`);

--
-- Indexes for table `tag_related`
--
ALTER TABLE `tag_related`
  ADD PRIMARY KEY (`id`),
  ADD KEY `fk_tag_related_1_idx` (`tag_id`);

--
-- Indexes for table `tag_trans`
--
ALTER TABLE `tag_trans`
  ADD PRIMARY KEY (`id`),
  ADD KEY `fk_tag_trans_1_idx` (`tag_id`);

--
-- Indexes for table `users`
--
ALTER TABLE `users`
  ADD PRIMARY KEY (`id`);

--
-- Indexes for table `video`
--
ALTER TABLE `video`
  ADD PRIMARY KEY (`id`),
  ADD UNIQUE KEY `slug_UNIQUE` (`slug`);

--
-- Indexes for table `video_trans`
--
ALTER TABLE `video_trans`
  ADD PRIMARY KEY (`id`),
  ADD KEY `fk_video_trans_1_idx` (`video_id`);

--
-- AUTO_INCREMENT for dumped tables
--

--
-- AUTO_INCREMENT for table `banner`
--
ALTER TABLE `banner`
  MODIFY `id` int(11) NOT NULL AUTO_INCREMENT, AUTO_INCREMENT=24;

--
-- AUTO_INCREMENT for table `banner_trans`
--
ALTER TABLE `banner_trans`
  MODIFY `id` int(11) NOT NULL AUTO_INCREMENT, AUTO_INCREMENT=59;

--
-- AUTO_INCREMENT for table `category`
--
ALTER TABLE `category`
  MODIFY `id` int(11) NOT NULL AUTO_INCREMENT, AUTO_INCREMENT=3;

--
-- AUTO_INCREMENT for table `category_trans`
--
ALTER TABLE `category_trans`
  MODIFY `id` int(11) NOT NULL AUTO_INCREMENT, AUTO_INCREMENT=5;

--
-- AUTO_INCREMENT for table `contact`
--
ALTER TABLE `contact`
  MODIFY `id` int(11) NOT NULL AUTO_INCREMENT, AUTO_INCREMENT=239;

--
-- AUTO_INCREMENT for table `doctor`
--
ALTER TABLE `doctor`
  MODIFY `id` int(10) NOT NULL AUTO_INCREMENT, AUTO_INCREMENT=58;

--
-- AUTO_INCREMENT for table `doctor_information`
--
ALTER TABLE `doctor_information`
  MODIFY `id` int(11) NOT NULL AUTO_INCREMENT, AUTO_INCREMENT=155;

--
-- AUTO_INCREMENT for table `migrations`
--
ALTER TABLE `migrations`
  MODIFY `id` int(10) UNSIGNED NOT NULL AUTO_INCREMENT;

--
-- AUTO_INCREMENT for table `news`
--
ALTER TABLE `news`
  MODIFY `id` int(11) NOT NULL AUTO_INCREMENT, AUTO_INCREMENT=243;

--
-- AUTO_INCREMENT for table `news_comment`
--
ALTER TABLE `news_comment`
  MODIFY `id` int(11) NOT NULL AUTO_INCREMENT, AUTO_INCREMENT=23;

--
-- AUTO_INCREMENT for table `pages`
--
ALTER TABLE `pages`
  MODIFY `id` int(11) NOT NULL AUTO_INCREMENT, AUTO_INCREMENT=11;

--
-- AUTO_INCREMENT for table `seo`
--
ALTER TABLE `seo`
  MODIFY `id` int(11) NOT NULL AUTO_INCREMENT, AUTO_INCREMENT=739;

--
-- AUTO_INCREMENT for table `seo_trans`
--
ALTER TABLE `seo_trans`
  MODIFY `id` int(11) NOT NULL AUTO_INCREMENT, AUTO_INCREMENT=1395;

--
-- AUTO_INCREMENT for table `subscribe`
--
ALTER TABLE `subscribe`
  MODIFY `id` int(11) NOT NULL AUTO_INCREMENT, AUTO_INCREMENT=11;

--
-- AUTO_INCREMENT for table `tag`
--
ALTER TABLE `tag`
  MODIFY `id` int(11) NOT NULL AUTO_INCREMENT, AUTO_INCREMENT=162;

--
-- AUTO_INCREMENT for table `tag_related`
--
ALTER TABLE `tag_related`
  MODIFY `id` int(11) NOT NULL AUTO_INCREMENT, AUTO_INCREMENT=1892;

--
-- AUTO_INCREMENT for table `tag_trans`
--
ALTER TABLE `tag_trans`
  MODIFY `id` int(11) NOT NULL AUTO_INCREMENT, AUTO_INCREMENT=361;

--
-- AUTO_INCREMENT for table `users`
--
ALTER TABLE `users`
  MODIFY `id` int(10) UNSIGNED NOT NULL AUTO_INCREMENT, AUTO_INCREMENT=6;

--
-- AUTO_INCREMENT for table `video`
--
ALTER TABLE `video`
  MODIFY `id` int(11) NOT NULL AUTO_INCREMENT, AUTO_INCREMENT=52;

--
-- AUTO_INCREMENT for table `video_trans`
--
ALTER TABLE `video_trans`
  MODIFY `id` int(11) NOT NULL AUTO_INCREMENT, AUTO_INCREMENT=141;

--
-- Constraints for dumped tables
--

--
-- Constraints for table `category_trans`
--
ALTER TABLE `category_trans`
  ADD CONSTRAINT `fk_category_trans_1` FOREIGN KEY (`category_id`) REFERENCES `category` (`id`) ON DELETE NO ACTION ON UPDATE NO ACTION;
COMMIT;

/*!40101 SET CHARACTER_SET_CLIENT=@OLD_CHARACTER_SET_CLIENT */;
/*!40101 SET CHARACTER_SET_RESULTS=@OLD_CHARACTER_SET_RESULTS */;
/*!40101 SET COLLATION_CONNECTION=@OLD_COLLATION_CONNECTION */;
